"번호","개방서비스명","개방서비스아이디","개방자치단체코드","관리번호","인허가일자","인허가취소일자","영업상태구분코드","영업상태명","상세영업상태코드","상세영업상태명","폐업일자","휴업시작일자","휴업종료일자","재개업일자","소재지전화","소재지면적","소재지우편번호","소재지전체주소","도로명전체주소","도로명우편번호","사업장명","최종수정시점","데이터갱신구분","데이터갱신일자","업태구분명","좌표정보x(epsg5174)","좌표정보y(epsg5174)","문화체육업종명","준공일자","개관일자","설립운영주체구분명","박물관미술관종류명","박물관미술관유형명","폐관일자","폐관사유","자본금","소요자금","법인설립목적","허가조건","법인해산일자","법인명",
"1","박물관, 미술관","03_07_05_P","6530000","B04012023000001","2023-07-13","","01","영업/정상","1","영업","","","","","","","","강원특별자치도 원주시 부론면 법천리 594번지 0호 원주법천사지유적전시관","강원특별자치도 원주시 부론면 법천사지길 50-15","","원주 법천사지 유적전시관","2023-07-13 10:58:15","U","2024-10-11 02:40:00","","267702.516002422","411867.431090332","박물관","","20221228","공립","1종","전문박물관","","","0","","","","","",
"2","박물관, 미술관","03_07_05_P","6530000","B04012018000005","2000-07-03","","01","영업/정상","1","영업","","","","","","","","강원특별자치도 평창군 진부면 동산리 17번지 5호 2 2동","강원특별자치도 평창군 진부면 오대산로 176-0","","월정사성보박물관","2019-08-27 10:06:11","U","2024-10-11 02:40:00","","341237.906250914","469660.318070337","박물관","","19991013","사립","1종","전문박물관","","","0","","","","","",
"3","박물관, 미술관","03_07_05_P","6530000","B04012019000019","2019-10-14","","01","영업/정상","1","영업","","","","","","","","강원특별자치도 춘천시 신동면 증리 616번지 0호","강원특별자치도 춘천시 신동면 풍류1길 156-0","","책과인쇄박물관","2019-10-10 17:33:54","U","2024-10-11 02:40:00","","263744.021633511","479896.493762067","박물관","","20150714","사립","1종","전문박물관","","","0","","","","","",
"4","박물관, 미술관","03_07_05_P","6530000","B04012022000002","2022-12-08","","01","영업/정상","1","영업","","","","","","","","강원특별자치도 동해시 발한동 240번지 20호  1동","강원특별자치도 동해시 발한로 183-6, 1동 (발한동,연필뮤지엄)","","연필뮤지엄","2023-01-11 11:26:15","U","2024-10-11 02:40:00","","386084.949997006","451557.27538792","박물관","","20221208","사립","2종","전시관","","","0","","","","","",
"5","박물관, 미술관","03_07_05_P","6530000","B04022010000005","2007-07-09","","01","영업/정상","1","영업","","","","","","","","강원특별자치도 강릉시 강동면 정동진리 산 33번지 1호","강원특별자치도 강릉시 강동면 율곡로 1441","","하슬라미술관","2019-07-05 20:47:28","U","2024-10-11 02:40:00","","377177.641251611","469018.308895371","미술관","","20031020","사립","1종","미술관","","","0","0","","","","",
"6","박물관, 미술관","03_07_05_P","6530000","B04022011000001","1997-10-02","","01","영업/정상","1","영업","","","","","","","","강원특별자치도 속초시 교동 668번지 57호","강원특별자치도 속초시 엑스포로 156 (교동)","","석봉도자기미술관","2019-03-14 13:41:12","U","2024-10-11 02:40:00","","338557.733325203","522858.110020054","미술관","","19971002","사립","1종","미술관","","","0","0","","","","",
"7","박물관, 미술관","03_07_05_P","6530000","B04022012000001","2011-12-27","","01","영업/정상","1","영업","","","","","","","","강원특별자치도 인제군 북면 용대리 1663번지","강원특별자치도 인제군 북면 황태길 245","","내설악백공미술관","2025-09-04 13:50:39","U","2025-09-06 02:40:00","","319184.935550371","524248.072811115","미술관","","20110806","사립","1종","미술관","","","0","","","","","",
"8","박물관, 미술관","03_07_05_P","6530000","B04022012000002","2012-06-29","","01","영업/정상","1","영업","","","","","","","","강원특별자치도 원주시 지정면 월송리 999번지 13호","강원특별자치도 원주시 지정면 오크밸리2길 260","","뮤지엄 산(청조갤러리)","2021-04-21 11:42:14","U","2024-10-11 02:40:00","","272801.836916309","435435.376667351","미술관","","20120512","사립","1종","미술관","","","0","","","","","",
"9","박물관, 미술관","03_07_05_P","6530000","B04022012000003","2003-02-28","","01","영업/정상","1","영업","","","","","","","","강원특별자치도 양구군 양구읍 정림리 131번지 1호","강원특별자치도 양구군 양구읍 박수근로 265-15","","양구군립박수근미술관","2019-07-31 11:29:54","U","2024-10-11 02:40:00","","286030.106405231","510850.008279632","미술관","","20021025","공립","1종","미술관","","","0","","","","","",
"10","박물관, 미술관","03_07_05_P","6530000","B04022013000001","2012-12-31","","01","영업/정상","1","영업","","","","","","","","강원특별자치도 영월군 영월읍 삼옥리 590번지 2호","강원특별자치도 영월군 영월읍 삼옥길 31","","국제현대미술관","2023-08-16 11:43:17","U","2024-10-11 02:40:00","","333662.858647227","412854.549031809","미술관","","20001102","사립","1종","미술관","","","0","","","","","",
"11","박물관, 미술관","03_07_05_P","6530000","B04022013000003","2013-09-23","","01","영업/정상","1","영업","","","","","","","","강원특별자치도 인제군 북면 한계리 1191번지 12호","강원특별자치도 인제군 북면 예술인촌길 66-12","","인제 내설악미술관","2020-02-24 16:30:01","U","2024-10-11 02:40:00","","309800.068424304","516587.767011435","미술관","","20121006","공립","1종","미술관","","","0","","","","","",
"12","박물관, 미술관","03_07_05_P","6530000","B04022015000002","2015-10-19","","01","영업/정상","1","영업","","","","","","","","강원특별자치도 원주시 문막읍 취병리 835번지 0호","강원특별자치도 원주시 문막읍 취병로 711-0","","오랜미래신화미술관","2024-02-14 14:52:32","U","2024-10-11 02:40:00","","268126.988181066","427843.32962424","미술관","","20081025","사립","1종","미술관","","","0","","","","","",
"13","박물관, 미술관","03_07_05_P","6530000","B04022017000001","2017-08-25","","01","영업/정상","1","영업","","","","","","","","강원특별자치도 춘천시 삼천동 223번지 2호","강원특별자치도 춘천시 스포츠타운길399번길 25-0, 3층 (삼천동,KT&G상상마당춘천아트센터)","","KT&G 상상마당 춘천 아트갤러리","2024-08-25 20:08:26","U","2024-10-11 02:40:00","","261742.021530883","485921.90819634","미술관","","20140401","사립","1종","미술관","","","0","","","","","",
"14","박물관, 미술관","03_07_05_P","6530000","B04022018000001","2007-01-24","","01","영업/정상","1","영업","","","","","","","","강원특별자치도 양양군 손양면 동호리 191번지 1호","강원특별자치도 양양군 손양면 선사유적로 359-0, 1동","","일현미술관","2019-03-14 15:59:39","U","2024-10-11 02:40:00","","347285.122396465","507773.522611245","미술관","","20060401","사립","1종","미술관","","","0","","","","","",
"15","박물관, 미술관","03_07_05_P","6530000","B04022018000002","2018-11-19","","01","영업/정상","1","영업","","","","","","","","강원특별자치도 고성군 토성면 원암리 289번지 0호","강원특별자치도 고성군 토성면 원암온천3길 37-0 (미술관)","","바우지움 조각 미술관","2023-07-10 11:04:20","U","2024-10-11 02:40:00","","","","미술관","","20150620","사립","1종","미술관","","","0","","","","","",
"16","박물관, 미술관","03_07_05_P","6530000","B04022019000001","2013-04-16","","01","영업/정상","1","영업","","","","","","","","강원특별자치도 강릉시 교동 904번지 14호","강원특별자치도 강릉시 화부산로40번길 46-0 (교동,강릉시립미술관)","","강릉시립미술관","2023-06-13 13:05:08","U","2024-10-11 02:40:00","","366578.745338663","474788.971858413","미술관","","20060908","공립","1종","미술관","","","0","","","","","",
"17","박물관, 미술관","03_07_05_P","6530000","B04022019000002","2019-06-18","","01","영업/정상","1","영업","","","","","","","","강원특별자치도 정선군 정선읍 광하리 7번지 5호","강원특별자치도 정선군 정선읍 동강로 2914-0","","정선507 미술관","2025-03-06 08:38:38","U","2025-03-08 02:40:00","","343997.678501547","430029.230461593","미술관","","20180330","사립","2종","전시관","","","0","","","","","",
"18","박물관, 미술관","03_07_05_P","6530000","B04022020000001","2020-12-28","","01","영업/정상","1","영업","","","","","","","","강원특별자치도 강릉시 견소동 269번지 0호  1동","강원특별자치도 강릉시 해안로 10-0, 1층 (견소동,FantapiaM)","","장길환미술관","2020-12-28 15:44:12","U","2024-10-11 02:40:00","","371136.848657245","476421.5435402","미술관","","20201228","사립","1종","미술관","","","0","","","","","",
"19","박물관, 미술관","03_07_05_P","6530000","B04012014000006","2014-08-18","","01","영업/정상","1","영업","","","","","","","","강원특별자치도 강릉시 저동 399번지","강원특별자치도 강릉시 경포로 399-0 (저동)","","손성목영화박물관","2019-03-14 09:49:27","U","2024-10-11 02:40:00","","366346.307710652","479636.872719559","박물관","","20140831","사립","1종","전문박물관","","","0","","","","","",
"20","박물관, 미술관","03_07_05_P","6530000","B04012014000007","2014-12-02","","01","영업/정상","1","영업","","","","","","","","강원특별자치도 인제군 북면 용대리 1099번지 15호","강원특별자치도 인제군 북면 만해로 136","","한국시집박물관","2019-03-15 15:35:55","U","2024-10-11 02:40:00","","315438.105752403","521463.734626396","박물관","","20141202","공립","1종","전문박물관","","","0","","","","","",
"21","박물관, 미술관","03_07_05_P","6530000","B04012014000008","2014-12-02","","01","영업/정상","1","영업","","","","","","","","강원특별자치도 인제군 북면 용대리 1099번지 15호","강원특별자치도 인제군 북면 만해로 136","","한국시집박물관","2020-09-10 17:19:29","U","2024-10-11 02:40:00","","315438.105752403","521463.734626396","박물관","","20141202","공립","1종","전문박물관","","","0","","","","","",
"22","박물관, 미술관","03_07_05_P","6530000","B04012015000001","2015-01-29","","01","영업/정상","1","영업","","","","","","","","강원특별자치도 화천군 하남면 위라리 490번지 0호","강원특별자치도 화천군 하남면 춘화로 3337-0 (화천박물관)","","화천박물관","2022-09-20 15:44:22","U","2024-10-11 02:40:00","","261714.841243093","510792.442704494","박물관","","20060328","공립","1종","전문박물관","","","0","","","","","",
"23","박물관, 미술관","03_07_05_P","6530000","B04012015000002","2005-09-13","","01","영업/정상","1","영업","","","","","","","","강원특별자치도 원주시 흥업면 매지리 234번지","강원특별자치도 원주시 흥업면 연세대길 1-0, 117호 (연세대학교청송관)","","연세대학교원주박물관","2024-09-05 18:26:18","U","2024-10-11 02:40:00","","281105.693982309","420333.536040056","박물관","","20010531","대학","1종","종합박물관","","","0","","","","","",
"24","박물관, 미술관","03_07_05_P","6530000","B04012015000008","2015-11-23","","01","영업/정상","1","영업","","","","","","","","강원특별자치도 양구군 양구읍 동수리 100번지 1호","강원특별자치도 양구군 양구읍 파로호로869번길 101-0 (양구인문학박물관)","","양구인문학박물관","2019-07-31 10:21:37","U","2024-10-11 02:40:00","","285978.809428714","513685.402673694","박물관","","20151123","공립","1종","전문박물관","","","0","","","","","",
"25","박물관, 미술관","03_07_05_P","6530000","B04012015000010","2015-11-23","","01","영업/정상","1","영업","","","","","","","","강원특별자치도 양구군 양구읍 하리 510번지","강원특별자치도 양구군 양구읍 금강산로 439-52","","양구근현대사박물관","2019-07-05 20:48:33","U","2024-10-11 02:40:00","","286771.249820543","513867.644683551","박물관","","20151123","공립","1종","전문박물관","","","0","","","","","",
"26","박물관, 미술관","03_07_05_P","6530000","B04012015000011","2005-09-13","","01","영업/정상","1","영업","","","","","","","","강원특별자치도 원주시 흥업면 사제리 399번지 10호","강원특별자치도 원주시 흥업면 사제로 399-10","","무릉고서화미술박물관","2019-03-14 14:44:22","U","2024-10-11 02:40:00","","278539.236013018","425140.838117081","박물관","","20151001","사립","1종","전문박물관","","","0","0","","","","",
"27","박물관, 미술관","03_07_05_P","6530000","B04012015000013","2015-12-30","","01","영업/정상","1","영업","","","","","","","","강원특별자치도 원주시 흥업면 사제리 540번지 0호","강원특별자치도 원주시 흥업면 사제로 399-10","","강원감영관찰사박물관","2019-03-15 15:51:30","U","2024-10-11 02:40:00","","278539.236013018","425140.838117081","박물관","","20151001","사립","1종","전문박물관","","","0","","","","","",
"28","박물관, 미술관","03_07_05_P","6530000","B04012016000001","2016-04-25","","01","영업/정상","1","영업","","","","","","","","강원특별자치도 강릉시 초당동 532번지 2호","강원특별자치도 강릉시 난설헌로 131 (초당동)","","경포아쿠아리움박물관","2021-07-08 16:24:07","U","2024-10-11 02:40:00","","367950.860927223","478141.732782199","박물관","","20151231","사립","1종","수족관","","","0","","","","","",
"29","박물관, 미술관","03_07_05_P","6530000","B04012016000002","2016-11-14","","01","영업/정상","1","영업","","","","","","","","강원특별자치도 정선군 고한읍 고한리 5번지 26호","강원특별자치도 정선군 고한읍 함백산로 1445-44","","삼탄아트마인","2023-07-18 11:29:01","U","2024-10-11 02:40:00","","367110.792216938","410925.15858789","박물관","","20130524","사립","1종","전문박물관","","","0","","","","","",
"30","박물관, 미술관","03_07_05_P","6530000","B04012017000001","2017-05-16","","01","영업/정상","1","영업","","","","","","","","강원특별자치도 영월군 주천면 주천리 1376번지 36호","강원특별자치도 영월군 주천면 송학주천로 1467-9","","영월 Y파크(술샘박물관)","2023-08-16 15:02:46","U","2024-10-11 02:40:00","","","","박물관","","20141111","공립","1종","전문박물관","","","0","","","","","",
"31","박물관, 미술관","03_07_05_P","6530000","B04012019000001","1993-02-11","","01","영업/정상","1","영업","","","","","","","","강원특별자치도 강릉시 저동 36번지 0호","강원특별자치도 강릉시 경포로 393-0 (저동,참소리축음기박물관)","","참소리축음기박물관","2019-07-31 10:33:20","U","2024-10-11 02:40:00","","367050.591851611","478933.980415847","박물관","","19921128","사립","1종","전문박물관","","","0","","","","","",
"32","박물관, 미술관","03_07_05_P","6530000","B04012019000002","1993-09-01","","01","영업/정상","1","영업","","","","","","","","강원특별자치도 강릉시 성산면 어흘리 374번지 3호 대관령박물관","강원특별자치도 강릉시 성산면 대관령옛길 1-0 (대관령박물관)","","대관령박물관","2019-03-14 13:36:11","U","2024-10-11 02:40:00","","359001.992088548","469794.789839712","박물관","","20031128","공립","2종","전시관","","","0","","","","","",
"33","박물관, 미술관","03_07_05_P","6530000","B04012019000003","2004-07-01","","01","영업/정상","1","영업","","","","","","","","강원특별자치도 원주시 신림면 황둔리 1706번지 6호","강원특별자치도 원주시 신림면 물안길 62-0","","치악산 고판화박물관","2019-03-15 15:52:29","U","2024-10-11 02:40:00","","300066.833110066","417828.149615836","박물관","","20030620","사립","1종","전문박물관","","","0","","","","","",
"34","박물관, 미술관","03_07_05_P","6530000","B04012019000004","2006-01-17","","01","영업/정상","1","영업","","","","","","","","강원특별자치도 영월군 영월읍 하송리 217번지 2호","강원특별자치도 영월군 영월읍 영월로 1909-10 (동강사진박물관)","","동강사진박물관","2023-08-16 15:04:48","U","2024-10-11 02:40:00","","329709.398522781","409907.318674196","박물관","","20050723","공립","1종","전문박물관","","","0","","","","","",
"35","박물관, 미술관","03_07_05_P","6530000","B04012019000005","2006-05-24","","01","영업/정상","1","영업","","","","","","","","강원특별자치도 속초시 노학동 736번지 1호","강원특별자치도 속초시 신흥2길 16-0 (노학동)","","속초시립박물관","2024-01-16 17:25:47","U","2024-10-11 02:40:00","","334795.218171258","523115.76466166","박물관","","20051104","공립","1종","전문박물관","","","0","","","","","",
"36","박물관, 미술관","03_07_05_P","6530000","B04012019000006","2007-06-29","","01","영업/정상","1","영업","","","","","","","","강원특별자치도 양양군 손양면 오산리 51번지 0호","강원특별자치도 양양군 손양면 학포길 33-0 (오산리선사유적박물관)","","오산리선사유적박물관","2025-06-25 13:38:23","U","2025-06-27 02:40:00","","345615.131763059","510554.941891844","박물관","","20070726","공립","1종","전문박물관","","","0","","","","","",
"37","박물관, 미술관","03_07_05_P","6530000","B04012019000007","2019-03-14","","01","영업/정상","1","영업","","","","","","","","강원특별자치도 영월군 김삿갓면 와석리 841번지 1호","강원특별자치도 영월군 김삿갓면 김삿갓로 432-10 (조선민화박물관)","","조선민화박물관","2023-08-16 13:58:58","U","2024-10-11 02:40:00","","342783.359817085","400613.035563578","박물관","","20000729","사립","1종","전문박물관","","","0","","","","","",
"38","박물관, 미술관","03_07_05_P","6530000","B04012019000009","2010-02-03","","01","영업/정상","1","영업","","","","","","","","강원특별자치도 영월군 김삿갓면 진별리 592번지 3호","강원특별자치도 영월군 김삿갓면 영월동로 1107-1 (아프리카미술박물관)","","영월아프리카미술박물관","2023-08-16 14:41:42","U","2024-10-11 02:40:00","","336350.415354351","404441.685398004","박물관","","20090519","사립","1종","전문박물관","","","0","","","","","",
"39","박물관, 미술관","03_07_05_P","6530000","B04012019000010","2010-02-03","","01","영업/정상","1","영업","","","","","","","","강원특별자치도 영월군 김삿갓면 내리 498번지 3호","강원특별자치도 영월군 김삿갓면 내리계곡로 1088-0 (다구박물관)","","호안다구박물관","2023-08-16 14:50:05","U","2024-10-11 02:40:00","","348988.155628481","401754.096029738","박물관","","20071207","사립","1종","전문박물관","","","0","","","","","",
"40","박물관, 미술관","03_07_05_P","6530000","B04012019000011","2011-06-23","","01","영업/정상","1","영업","","","","","","","","강원특별자치도 강릉시 죽헌동 149번지 0호","강원특별자치도 강릉시 죽헌길 140-12 (죽헌동)","","강릉자수박물관","2022-07-13 11:46:02","U","2024-10-11 02:40:00","","365584.259326042","476724.339323555","박물관","","20110111","사립","1종","전문박물관","","","0","","","","","",
"41","박물관, 미술관","03_07_05_P","6530000","B04012019000012","2014-01-24","","01","영업/정상","1","영업","","","","","","","","강원특별자치도 강릉시 강동면 정동진리 524번지 25호","강원특별자치도 강릉시 강동면 율곡로 1441-0","","피노키오박물관","2019-03-15 15:53:30","U","2024-10-11 02:40:00","","377177.641251611","469018.308895371","박물관","","20111006","사립","1종","전문박물관","","","0","","","","","",
"42","박물관, 미술관","03_07_05_P","6530000","B04012019000013","2015-07-09","","01","영업/정상","1","영업","","","","","","","","강원특별자치도 강릉시 구정면 여찬리 573번지 2호","강원특별자치도 강릉시 구정면 정등로 130-0","","디자인씽킹뮤지엄","2020-12-19 16:04:29","U","2024-10-11 02:40:00","","365158.471538206","471272.942978209","박물관","","20131210","사립","1종","전문박물관","","","0","","","","","",
"43","박물관, 미술관","03_07_05_P","6530000","B04012019000014","2017-09-22","","01","영업/정상","1","영업","","","","","","","","강원특별자치도 삼척시 신기면 신기리 374번지 0호","강원특별자치도 삼척시 신기면 강원남부로 3016-0 (강원종합박물관)","","사립강원종합박물관","2019-03-15 15:53:41","U","2024-10-11 02:40:00","","384775.809648953","429711.276389362","박물관","","20041004","사립","1종","전문박물관","","","0","","","","","",
"44","박물관, 미술관","03_07_05_P","6530000","B04012019000015","2018-09-10","","01","영업/정상","1","영업","","","","","","","","강원특별자치도 홍천군 홍천읍 연봉리 363번지 3호","강원특별자치도 홍천군 홍천읍 장전평로 18-0","","홍천박물관","2024-02-01 18:07:26","U","2024-10-11 02:40:00","","276819.213131132","464650.471003654","박물관","","20030503","공립","2종","전시관","","","0","0","","","","",
"45","박물관, 미술관","03_07_05_P","6530000","B04012019000016","2018-09-10","","01","영업/정상","1","영업","","","","","","","","강원특별자치도 홍천군 서석면 검산리 100번지 2호","강원특별자치도 홍천군 서석면 마리소리길 207-0","","마리소리골악기박물관","2024-02-01 18:08:30","U","2024-10-11 02:40:00","","310198.04404672","471342.896906351","박물관","","20071116","공립","2종","자료관","","","0","","","","","",
"46","박물관, 미술관","03_07_05_P","6530000","B04012019000017","2019-03-15","","01","영업/정상","1","영업","","","","","","","","강원특별자치도 속초시 노학동 735번지 3호","강원특별자치도 속초시 미시령로 3054-0 (노학동)","","국립산악박물관","2019-03-15 11:30:20","U","2024-10-11 02:40:00","","334924.114762591","523311.384759258","박물관","","20141108","국립","1종","전문박물관","","","0","","","","","",
"47","박물관, 미술관","03_07_05_P","6530000","B04012019000020","2019-11-11","","01","영업/정상","1","영업","","","","","","","","강원특별자치도 평창군 대관령면 용산리 383번지 4호","강원특별자치도 평창군 대관령면 솔봉로 296-0","","비엔나인형박물관","2019-11-25 13:14:44","U","2024-10-11 02:40:00","","346773.222909135","463549.275333196","박물관","","20190620","사립","2종","전시관","","","0","","","","","",
"48","박물관, 미술관","03_07_05_P","6530000","B04012020000001","2020-09-29","","01","영업/정상","1","영업","","","","","","","","강원특별자치도 춘천시 남산면 광판리 250번지 0호","강원특별자치도 춘천시 남산면 충효로 437-0","","강아지숲 박물관","2022-06-08 14:22:24","U","2024-10-11 02:40:00","","262511.646559059","473238.854528649","박물관","","20200929","사립","1종","전문박물관","","","0","","","","","",
"49","박물관, 미술관","03_07_05_P","6530000","B04012011000001","2011-03-29","","01","영업/정상","1","영업","","","","","","","","강원특별자치도 강릉시 왕산면 왕산리 806번지 5호","강원특별자치도 강릉시 왕산면 왕산로 2171-19","","강릉커피박물관","2019-03-14 16:59:07","U","2024-10-11 02:40:00","","357421.529090079","462597.026999168","박물관","","20081208","사립","2종","전시관","","","0","","","","","",
"50","박물관, 미술관","03_07_05_P","6530000","B04012012000001","2012-06-29","","01","영업/정상","1","영업","","","","","","","","강원특별자치도 원주시 지정면 월송리 999번지 13호","강원특별자치도 원주시 지정면 오크밸리2길 260","","뮤지엄 산(페이퍼갤러리)","2021-04-21 11:29:27","U","2024-10-11 02:40:00","","272801.836916309","435435.376667351","박물관","","20120512","사립","1종","전문박물관","","","0","","","","","",
"51","박물관, 미술관","03_07_05_P","6530000","B04012012000002","2015-11-23","","01","영업/정상","1","영업","","","","","","","","강원특별자치도 양구군 양구읍 동수리 100번지 1호","강원특별자치도 양구군 양구읍 파로호로869번길 101-0 (양구인문학박물관)","","양구인문학박물관","2019-07-31 10:22:40","U","2024-10-11 02:40:00","","285978.809428714","513685.402673694","박물관","","20121112","공립","1종","전문박물관","","","0","","","","","",
"52","박물관, 미술관","03_07_05_P","6530000","B04012013000001","2012-12-28","","01","영업/정상","1","영업","","","","","","","","강원특별자치도 강릉시 강동면 안인진리 45번지 49호","강원특별자치도 강릉시 강동면 율곡로 1715-38","","통일공원(함정전시관, 안보전시관) 박물관","2019-03-15 11:32:20","U","2024-10-11 02:40:00","","376140.735370747","470724.090573426","박물관","","20010926","공립","2종","전시관","","","0","","","","","",
"53","박물관, 미술관","03_07_05_P","6530000","B04012013000002","2012-12-28","","01","영업/정상","1","영업","","","","","","","","강원특별자치도 영월군 김삿갓면 와석리 913번지","강원특별자치도 영월군 김삿갓면 김삿갓로 216-22","","난고김삿갓문학관","2023-08-16 15:06:03","U","2024-10-11 02:40:00","","342356.239204919","398795.268127543","박물관","","20031011","공립","1종","전문박물관","","","0","","","","","",
"54","박물관, 미술관","03_07_05_P","6530000","B04012013000003","2012-12-28","","01","영업/정상","1","영업","","","","","","","","강원특별자치도 영월군 영월읍 영흥리 1090번지 1호","강원특별자치도 영월군 영월읍 단종로 190","","단종역사관","2023-08-16 15:07:17","U","2024-10-11 02:40:00","","329126.217686133","411370.60375095","박물관","","20020405","공립","1종","전문박물관","","","0","","","","","",
"55","박물관, 미술관","03_07_05_P","6530000","B04012013000004","2012-12-28","","01","영업/정상","1","영업","","","","","","","","강원특별자치도 영월군 북면 마차리 786번지 4호","강원특별자치도 영월군 북면 밤재로 351","","강원특별자치도탄광문화촌","2023-07-18 11:04:54","U","2024-10-11 02:40:00","","330070.624100238","418894.207638803","박물관","","20091020","공립","1종","전문박물관","","","0","","","","","",
"56","박물관, 미술관","03_07_05_P","6530000","B04012013000005","2012-12-28","","01","영업/정상","1","영업","","","","","","","","강원특별자치도 영월군 영월읍 영흥리 154번지 7호","강원특별자치도 영월군 영월읍 천문대길 397","","별마로천문대","2023-08-16 15:12:06","U","2024-10-11 02:40:00","","331843.911778573","411850.22141232","박물관","","20011013","공립","1종","전문박물관","","","0","","","","","",
"57","박물관, 미술관","03_07_05_P","6530000","B04012013000006","2012-12-28","","01","영업/정상","1","영업","","","","","","","","강원특별자치도 영월군 영월읍 삼옥리 896번지","강원특별자치도 영월군 영월읍 동강로 716","","동강생태정보센터","2019-03-14 17:21:18","U","2024-10-11 02:40:00","","333545.257749714","415092.092709925","박물관","","20100825","공립","1종","전문박물관","","","0","","","","","",
"58","박물관, 미술관","03_07_05_P","6530000","B04012013000007","2012-12-31","","01","영업/정상","1","영업","","","","","","","","강원특별자치도 원주시 봉산동 836번지 1호","강원특별자치도 원주시 봉산로 134 (봉산동)","","원주역사박물관","2019-03-14 17:22:09","U","2024-10-11 02:40:00","","285606.012992877","427203.237935873","박물관","","20001114","공립","1종","전문박물관","","","0","","","","","",
"59","박물관, 미술관","03_07_05_P","6530000","B04012013000010","2012-12-31","","01","영업/정상","1","영업","","","","","","","","강원특별자치도 영월군 한반도면 광전리 271번지 2호","강원특별자치도 영월군 한반도면 서강로 1094","","영월미디어기자박물관","2023-08-16 11:45:14","U","2024-10-11 02:40:00","","320288.454677462","416582.397030992","박물관","","20130105","사립","1종","전문박물관","","","0","","","","","",
"60","박물관, 미술관","03_07_05_P","6530000","B04012013000011","2012-12-31","","01","영업/정상","1","영업","","","","","","","","강원특별자치도 영월군 주천면 금마리 1097번지 6호","강원특별자치도 영월군 주천면 송학주천로 901-22","","인도미술박물관","2023-08-16 14:44:27","U","2024-10-11 02:40:00","","309875.414704697","415725.777412125","박물관","","20120526","사립","1종","전문박물관","","","0","","","","","",
"61","박물관, 미술관","03_07_05_P","6530000","B04012013000012","2012-12-31","","01","영업/정상","1","영업","","","","","","","","강원특별자치도 영월군 북면 문곡리 101번지 4호","강원특별자치도 영월군 북면 시루산길 122-2","","영월종교미술박물관","2023-10-06 10:36:03","U","2024-10-11 02:40:00","","328246.640406505","413085.796568527","박물관","","20001102","사립","1종","전문박물관","","","0","","","","","",
"62","박물관, 미술관","03_07_05_P","6530000","B04012013000016","2009-07-07","","01","영업/정상","1","영업","","","","","","","","강원특별자치도 고성군 현내면 송현리 235번지","강원특별자치도 고성군 현내면 통일전망대로 369","","DMZ 박물관","2024-04-11 10:58:41","U","2024-10-11 02:40:00","","320425.576512588","564598.950388432","박물관","","20090707","공립","1종","전문박물관","","","0","","","","","",
"63","박물관, 미술관","03_07_05_P","6530000","B04012013000017","2013-03-12","","01","영업/정상","1","영업","","","","","","","","강원특별자치도 강릉시 강동면 정동진리 569번지 1호","강원특별자치도 강릉시 강동면 헌화로 990-1","","정동진시간박물관","2022-08-04 14:41:51","U","2024-10-11 02:40:00","","379656.470813302","466979.457377581","박물관","","20130109","사립","2종","전시관","","","0","","","","","",
"64","박물관, 미술관","03_07_05_P","6530000","B04012013000019","2013-03-12","","01","영업/정상","1","영업","","","","","","","","강원특별자치도 강릉시 강동면 정동진리 569번지 1호","강원특별자치도 강릉시 강동면 헌화로 990-1","","정동진시간박물관","2019-03-15 15:45:36","U","2024-10-11 02:40:00","","379656.470813302","466979.457377581","박물관","","20130318","사립","2종","전시관","","","0","","","","","",
"65","박물관, 미술관","03_07_05_P","6530000","B04012013000020","2010-02-03","","01","영업/정상","1","영업","","","","","","","","강원특별자치도 영월군 김삿갓면 진별리 506번지 22호","강원특별자치도 영월군 김삿갓면 영월동로 1121-32","","영월동굴생태관","2023-08-16 15:18:38","U","2024-10-11 02:40:00","","336487.437166208","404277.963665438","박물관","","20090904","공립","1종","전문박물관","","","0","","","","","",
"66","박물관, 미술관","03_07_05_P","6530000","B04012021000001","2021-04-22","","01","영업/정상","1","영업","","","","","","","","강원특별자치도 춘천시 서면 금산리 985번지 2호","강원특별자치도 춘천시 서면 박사로 906-0","","붓이야기 박물관","2023-05-08 10:15:30","U","2024-10-11 02:40:00","","260854.706381906","488439.562899569","박물관","","20170811","사립","1종","전문박물관","","","0","","","","","",
"67","박물관, 미술관","03_07_05_P","6530000","B04012021000002","2021-05-27","","01","영업/정상","1","영업","","","","","","","","강원특별자치도 원주시 흥업면 매지리 576번지 0호","강원특별자치도 원주시 흥업면 매지회촌길 79-1","","박경리 뮤지엄","2021-08-02 14:14:05","U","2024-10-11 02:40:00","","280817.592204818","417636.466833536","박물관","","20210531","사립","1종","종합박물관","","","0","","","","","",
"68","박물관, 미술관","03_07_05_P","6530000","B04012022000001","2022-03-02","","01","영업/정상","1","영업","","","","","","","","강원특별자치도 영월군 북면 문곡리 340번지 1호","강원특별자치도 영월군 북면 밤재로 7-0 (영월지오뮤지엄)","","영월지오뮤지엄","2023-08-16 13:55:26","U","2024-10-11 02:40:00","","326965.955837366","417716.513181578","박물관","","20220302","사립","1종","전문박물관","","","0","","","","","",
"69","박물관, 미술관","03_07_05_P","6530000","B04012004000001","2002-05-27","","01","영업/정상","1","영업","","","","","","","","강원특별자치도 춘천시 석사동","강원특별자치도 춘천시 우석로 70 (석사동)","","국립춘천박물관","2014-01-02 12:44:45","U","2024-10-11 02:40:00","","266223.247379122","484850.347595121","박물관","","20021030","국립","1종","종합박물관","","","0","","","","","",
"70","박물관, 미술관","03_07_05_P","6530000","B04012004000003","2012-03-29","","01","영업/정상","1","영업","","","","","","","","강원특별자치도 춘천시 사농동","강원특별자치도 춘천시 화목원길 24 (사농동)","","강원특별자치도산림박물관","2024-01-23 17:18:47","U","2024-10-11 02:40:00","","263713.312701279","491433.342569779","박물관","","20021031","공립","1종","전문박물관","","","0","","","","","",
"71","박물관, 미술관","03_07_05_P","6530000","B04012004000004","1993-07-21","","01","영업/정상","1","영업","","","","","","","","강원특별자치도 강릉시 죽헌동","강원특별자치도 강릉시 율곡로3139번길 24 (죽헌동)","","오죽헌시립박물관","2019-03-14 13:28:46","U","2024-10-11 02:40:00","","365296.161122552","476700.344893482","박물관","","19921115","공립","1종","전문박물관","","","0","","","","","",
"72","박물관, 미술관","03_07_05_P","6530000","B04012004000005","2000-08-12","","01","영업/정상","1","영업","","","","","","","","강원특별자치도 삼척시 성남동","강원특별자치도 삼척시 엑스포로 54 (성남동)","","삼척시립박물관","2019-03-14 13:52:52","U","2024-10-11 02:40:00","","390958.781935186","439602.407984543","박물관","","20000329","공립","1종","전문박물관","","","0","0","","","","",
"73","박물관, 미술관","03_07_05_P","6530000","B04012004000007","1997-10-02","","01","영업/정상","1","영업","","","","","","","","강원특별자치도 양구군 양구읍 하리","강원특별자치도 양구군 양구읍 금강산로 439-54","","양구선사박물관","2019-03-14 14:14:32","U","2024-10-11 02:40:00","","","","박물관","","19971020","공립","1종","전문박물관","","","0","","","","","",
"74","박물관, 미술관","03_07_05_P","6530000","B04012004000009","1997-04-26","","01","영업/정상","1","영업","","","","","","","","강원특별자치도 태백시 소도동","강원특별자치도 태백시 천제단길 195 (소도동)","","태백석탄박물관","2019-03-14 13:39:46","U","2024-10-11 02:40:00","","373291.49500296","403644.097201665","박물관","","19970527","공립","1종","전문박물관","","","0","","","","","",
"75","박물관, 미술관","03_07_05_P","6530000","B04012004000010","2006-05-24","","01","영업/정상","1","영업","","","","","","","","강원특별자치도 인제군 인제읍 상동리","강원특별자치도 인제군 인제읍 인제로156번길 50-0 (산촌민속박물관)","","인제산촌민속박물관","2020-09-10 16:58:41","U","2024-10-11 02:40:00","","302748.819084643","507319.618113366","박물관","","20031008","공립","1종","전문박물관","","","0","","","","","",
"76","박물관, 미술관","03_07_05_P","6530000","B04012004000014","2000-11-20","","01","영업/정상","1","영업","","","","","","","","강원특별자치도 강릉시 지변동 123번지","강원특별자치도 강릉시 죽헌길 7 (지변동)","","강릉원주대학교박물관","2019-03-14 14:13:41","U","2024-10-11 02:40:00","","364627.278082023","475810.449226925","박물관","","19780301","대학","1종","전문박물관","","","0","0","","","","",
"77","박물관, 미술관","03_07_05_P","6530000","B04012004000015","2001-06-11","","01","영업/정상","1","영업","","","","","","","","강원특별자치도 강릉시 내곡동","강원특별자치도 강릉시 범일로579번길 24 (내곡동)","","가톨릭관동대학교박물관","2019-03-15 16:39:04","U","2024-10-11 02:40:00","","365136.451379883","472058.531076918","박물관","","19760410","대학","1종","전문박물관","","","0","","","","","",
"78","박물관, 미술관","03_07_05_P","6530000","B04012004000016","2001-03-19","","01","영업/정상","1","영업","","","","","","","","강원특별자치도 춘천시 효자동","강원특별자치도 춘천시 강원대학길 1 (효자동)","","강원대학교박물관","2019-03-15 16:37:34","U","2024-10-11 02:40:00","","265481.557982219","485420.871953344","박물관","","19790307","대학","1종","전문박물관","","","0","","","","","",
"79","박물관, 미술관","03_07_05_P","6530000","B04012004000017","2016-03-28","","01","영업/정상","1","영업","","","","","","","","강원특별자치도 춘천시 옥천동 1번지 1호","강원특별자치도 춘천시 한림대학길 1-0 (옥천동,한림대학교)","","한림대학교박물관","2021-06-18 10:03:58","U","2024-10-11 02:40:00","","264602.141926602","487386.633309595","박물관","","19880518","대학","1종","전문박물관","","","0","","","","","",
"80","박물관, 미술관","03_07_05_P","6530000","B04012008000001","2008-01-28","","01","영업/정상","1","영업","","","","","","","","강원특별자치도 횡성군 우천면 산전리 426번지 3호","","","한얼문예박물관","2019-03-14 16:25:37","U","2024-10-11 02:40:00","","294805.396508813","443465.113074107","박물관","","20030531","사립","1종","전문박물관","","","0","","","","","",
"81","박물관, 미술관","03_07_05_P","6530000","B04012008000002","2012-03-20","","01","영업/정상","1","영업","","","","","","","","강원특별자치도 강릉시 저동 35번지 1호","강원특별자치도 강릉시 경포로371번길 26 (저동)","","에디슨과학박물관","2019-03-14 17:10:47","U","2024-10-11 02:40:00","","367030.50321701","478891.561174358","박물관","","19921128","사립","1종","전문박물관","","","0","","","","","",
"82","박물관, 미술관","03_07_05_P","6530000","B04012008000010","2008-05-13","","01","영업/정상","1","영업","","","","","","","","강원특별자치도 원주시 무실동 887번지 24호","강원특별자치도 원주시 마장2길 37 (무실동)","","원주허브팜식물박물관","2023-11-07 11:41:49","U","2024-10-11 02:40:00","","281874.63860108","423354.168825833","박물관","","20080510","사립","1종","전문박물관","","","0","","","","","",
"83","박물관, 미술관","03_07_05_P","6530000","B04012008000012","2008-12-08","","01","영업/정상","1","영업","","","","","","","","강원특별자치도 영월군 무릉도원면 무릉리 1090번지 6호","강원특별자치도 영월군 무릉도원면 무릉법흥로 303","","호야지리박물관","2023-08-16 14:51:32","U","2024-10-11 02:40:00","","311889.081793993","422743.626406582","박물관","","20081210","사립","1종","전문박물관","","","0","","","","","",
"84","박물관, 미술관","03_07_05_P","6530000","B04012009000001","2007-12-03","","01","영업/정상","1","영업","","","","","","","","강원특별자치도 인제군 북면 용대리 1136번지 5호","강원특별자치도 인제군 북면 만해로 91","","만해문학박물관","2024-08-25 20:10:46","U","2024-10-11 02:40:00","","315267.571773326","521205.622486633","박물관","","20090706","사립","1종","전문박물관","","","0","","","","","",
"85","박물관, 미술관","03_07_05_P","6530000","B04012009000008","2009-12-23","","01","영업/정상","1","영업","","","","","","","","강원특별자치도 영월군 주천면 판운리 203번지 19호","강원특별자치도 영월군 주천면 평창강로 139","","영월화석박물관","2023-08-16 14:43:38","U","2024-10-11 02:40:00","","318820.882961738","422066.671765783","박물관","","20081208","사립","1종","전문박물관","","","0","","","","","",
"86","박물관, 미술관","03_07_05_P","6530000","B04012010000001","2004-08-27","","01","영업/정상","1","영업","","","","","","","","강원특별자치도 춘천시 서면 현암리 367번지","강원특별자치도 춘천시 서면 박사로 854","","애니메이션박물관","2019-03-14 14:34:44","U","2024-10-11 02:40:00","","","","박물관","20031009","20100709","공립","1종","전문박물관","","","0","0","","","","",
"87","박물관, 미술관","03_07_05_P","6530000","B04012010000002","2010-07-28","","01","영업/정상","1","영업","","","","","","","","강원특별자치도 춘천시 남산면 방하리 198번지","강원특별자치도 춘천시 남산면 남이섬길 1","","LIUSEUM 세계민족악기전시관","2024-11-28 18:04:29","U","2024-11-30 02:40:00","","246222.531678854","476683.992337235","박물관","","20100331","사립","1종","전문박물관","","","0","","","","","",
"88","박물관, 미술관","03_07_05_P","6530000","B04012010000003","2010-12-07","","01","영업/정상","1","영업","","","","","","","","강원특별자치도 태백시 동점동 295번지","강원특별자치도 태백시 태백로 2249 (동점동)","","태백고생대자연사박물관","2019-03-14 16:52:20","U","2024-10-11 02:40:00","","381265.138656252","401164.283857642","박물관","","20101027","공립","1종","전문박물관","","","0","","","","","",
"89","박물관, 미술관","03_07_05_P","6530000","B04012013000021","2013-06-11","","01","영업/정상","1","영업","","","","","","","","강원특별자치도 강릉시 견소동 269번지 0호 0 0동","강원특별자치도 강릉시 해안로 10-0, 1층 (견소동,FantapiaM)","","환희컵박물관","2020-12-28 15:34:53","U","2024-10-11 02:40:00","","371136.848657245","476421.5435402","박물관","","20130408","사립","1종","전문박물관","","","0","","","","","",
"90","박물관, 미술관","03_07_05_P","6530000","B04012013000022","2013-07-18","","01","영업/정상","1","영업","","","","","","","","강원특별자치도 영월군 김삿갓면 예밀리 8번지 1호","강원특별자치도 영월군 김삿갓면 망경대산길 135-3","","만봉불화박물관","2023-08-16 15:00:29","U","2024-10-11 02:40:00","","342827.633835588","407119.15966343","박물관","","20130528","사립","1종","전문박물관","","","0","","","","","",
"91","박물관, 미술관","03_07_05_P","6530000","B04012013000024","2013-07-24","","01","영업/정상","1","영업","","","","","","","","강원특별자치도 인제군 북면 용대리 1119번지 12호","강원특별자치도 인제군 북면 만해로 154","","여초서예관","2019-03-14 17:55:59","U","2024-10-11 02:40:00","","315528.637214121","521528.671877037","박물관","","20130605","공립","1종","전문박물관","","","0","","","","","",
"92","박물관, 미술관","03_07_05_P","6530000","B04012013000025","2013-08-05","","01","영업/정상","1","영업","","","","","","","","강원특별자치도 영월군 북면 문곡리 604번지 4호","강원특별자치도 영월군 북면 영월로 1229","","영월곤충박물관","2023-08-16 14:59:02","U","2024-10-11 02:40:00","","326230.836111204","413090.607829294","박물관","","20020505","사립","1종","전문박물관","","","0","","","","","",
"93","박물관, 미술관","03_07_05_P","6530000","B04012014000001","2014-08-18","","01","영업/정상","1","영업","","","","","","","","강원특별자치도 강릉시 포남동 945번지","강원특별자치도 강릉시 난설헌로 105 (포남동)","","자연아놀자박물관","2019-03-15 09:23:07","U","2024-10-11 02:40:00","","367652.848486189","477586.098619638","박물관","","20130528","사립","1종","동물원","","","0","","","","","",
"94","박물관, 미술관","03_07_05_P","6530000","B04012014000002","2014-08-18","","01","영업/정상","1","영업","","","","","","","","강원특별자치도 강릉시 저동 31번지","강원특별자치도 강릉시 경포로 399 (저동)","","손성목영화박물관","2019-03-15 15:45:17","U","2024-10-11 02:40:00","","367092.484623284","479000.020466716","박물관","","20140728","사립","1종","전문박물관","","","0","0","","","","",
"95","박물관, 미술관","03_07_05_P","6530000","B04012017000002","2017-11-22","","01","영업/정상","1","영업","","","","","","","","강원특별자치도 영월군 영월읍 영흥리 893번지 1호","강원특별자치도 영월군 영월읍 금강공원길 84-3","","라디오스타박물관","2023-08-16 15:09:26","U","2024-10-11 02:40:00","","331088.53071093","410305.913457689","박물관","","20150813","공립","1종","전문박물관","","","0","0","","","","",
"96","박물관, 미술관","03_07_05_P","6530000","B04012017000003","2017-12-27","","01","영업/정상","1","영업","","","","","","","","강원특별자치도 정선군 정선읍 애산리 560번지 0호 2 2동","강원특별자치도 정선군 정선읍 애산로 51-0, 2층 (아리랑박물관)","","아리랑박물관","2025-06-25 10:29:18","U","2025-06-27 02:40:00","","347983.891056917","431681.423746928","박물관","","20160519","공립","1종","전문박물관","","","0","","","","","",
"97","박물관, 미술관","03_07_05_P","6530000","B04012018000001","2018-01-29","","01","영업/정상","1","영업","","","","","","","","강원특별자치도 인제군 기린면 북리 516번지 0호","강원특별자치도 인제군 기린면 상하답로 130-0","","인제스피디움 클래식카 박물관","2025-09-23 11:00:48","U","2025-09-25 02:40:00","","313347.093858807","500672.838290134","박물관","","20171120","사립","1종","전문박물관","","","0","","","","","",
"98","박물관, 미술관","03_07_05_P","6530000","B04012018000002","2018-03-09","","01","영업/정상","1","영업","","","","","","","","강원특별자치도 춘천시 남면 가정리 474번지 0호  1동","강원특별자치도 춘천시 남면 충효로 1503-0, 1동 (의암류인석유적지)","","의암 류인석 기념관","2019-07-31 09:55:31","U","2024-10-11 02:40:00","","","","박물관","","20180309","공립","1종","전문박물관","","","0","","","","","",
"99","박물관, 미술관","03_07_05_P","6530000","B04012018000003","2018-05-31","","01","영업/정상","1","영업","","","","","","","","강원특별자치도 삼척시 원덕읍 갈남리 301번지 0호  2동","강원특별자치도 삼척시 원덕읍 삼척로 1852-6, 2동 3층 (해신당공원)","","어촌민속전시관","2019-03-15 11:24:00","U","2024-10-11 02:40:00","","406378.381587047","420980.417417675","박물관","","20020710","공립","2종","전시관","","","0","","","","","",
"100","박물관, 미술관","03_07_05_P","6530000","B04012018000008","2018-11-19","","01","영업/정상","1","영업","","","","","","","","강원특별자치도 인제군 인제읍 상동리 415번지 1호","강원특별자치도 인제군 인제읍 인제로156번길 50-0 (산촌민속박물관)","","박인환문학관","2019-03-15 10:37:50","U","2024-10-11 02:40:00","","302748.819084643","507319.618113366","박물관","","20121005","공립","2종","기념관","","","0","","","","","",
"101","박물관, 미술관","03_07_05_P","6530000","B04012018000009","2013-12-31","","01","영업/정상","1","영업","","","","","","","","강원특별자치도 강릉시 운정동 431번지 0호 1 1동","강원특별자치도 강릉시 운정길 63-0, 1동 (운정동,선교장)","","강릉선교장박물관","2025-06-25 10:30:18","U","2025-06-27 02:40:00","","365993.260152644","477673.201542104","박물관","","20131231","사립","1종","전문박물관","","","0","","","","","",
"102","박물관, 미술관","03_07_05_P","6530000","B04012013000008","2012-12-31","","03","폐업","3","폐업","2025-01-31","","","","","","","강원특별자치도 영월군 북면 문곡리 340번지 1호","강원특별자치도 영월군 북면 밤재로 7","","영월초등교육박물관","2025-02-03 13:35:32","U","2025-02-05 02:40:00","","326965.955837366","417716.513181578","박물관","","20130105","사립","1종","전문박물관","20250131","개인적인 사유","0","","","","","",
"103","박물관, 미술관","03_07_05_P","6530000","B04022013000002","2012-12-31","","03","폐업","3","폐업","2024-01-08","","","","","","","강원특별자치도 영월군 한반도면 옹정리 154번지 1호","강원특별자치도 영월군 한반도면 한반도로 452","","쾌연재도자미술관","2023-07-14 11:03:04","U","2024-10-11 02:40:00","","321361.911922719","413790.194814295","미술관","","20081108","사립","1종","미술관","20240108","개인사정","0","","","","","",
"104","박물관, 미술관","03_07_05_P","6530000","B04012015000003","2015-04-07","","03","폐업","3","폐업","2018-01-02","","","","","","","강원특별자치도 인제군 인제읍 0000번지","강원특별자치도 인제군 인제읍 회동길 563","","자작나무숲속박물관","2019-03-15 16:33:54","U","2024-10-11 02:40:00","","","","박물관","","20150315","사립","2종","민속관","20180102","운영부진으로 인한 폐업","0","","","","","",
"105","박물관, 미술관","03_07_05_P","6530000","B04012015000005","2015-04-07","","03","폐업","3","폐업","2019-05-24","","","","","","","강원특별자치도 속초시 조양동 1450번지 2호","강원특별자치도 속초시 해오름로 194-0 (조양동)","","속초해변자연박물관","2019-03-15 15:50:57","U","2024-10-11 02:40:00","","340242.727503574","522105.931421271","박물관","","20100706","사립","2종","유물관","20190524","건물임대 계약만료","0","","","","","",
"106","박물관, 미술관","03_07_05_P","6530000","B04012019000008","2010-02-03","","03","폐업","3","폐업","2020-01-08","","","","","","","강원특별자치도 영월군 남면 연당리 880번지 9호","강원특별자치도 영월군 남면 연당로 123-0 (세계민속악기박물관)","","세계민속악기박물관","2020-01-08 09:58:50","U","2024-10-11 02:40:00","","324910.608114284","410786.351771464","박물관","","20090512","사립","1종","전문박물관","20200108","경영상의 이유(2019.12.31일자 폐업사실증명:영월세무서 8009-575-2944-258 )","0","","","","","",
"107","박물관, 미술관","03_07_05_P","6530000","B04012019000018","2019-10-10","","03","폐업","3","폐업","2024-02-16","","","","","","","강원특별자치도 평창군 진부면 동산리 17번지 5호","강원특별자치도 평창군 진부면 오대산로 176-0","","왕조실록·의궤박물관","2019-10-08 14:43:05","U","2024-10-11 02:40:00","","341237.906250914","469660.318070337","박물관","","20191011","사립","1종","전문박물관","20240216","국립박물관으로 귀속","0","","","","","",
"108","박물관, 미술관","03_07_05_P","6530000","B04012013000009","2012-12-31","","03","폐업","3","폐업","2018-03-27","","","","","","","강원특별자치도 영월군 김삿갓면 와석리 595번지","강원특별자치도 영월군 김삿갓면 영월동로 2096","","동강디지털소사이어티","2019-03-15 15:45:47","U","2024-10-11 02:40:00","","342540.499902032","403485.192544705","박물관","","20120512","사립","1종","전문박물관","20180327","해외이전에 따른 폐관신청","0","","","","","",
"109","박물관, 미술관","03_07_05_P","6530000","B04012008000011","2008-07-23","","03","폐업","3","폐업","2017-12-20","","","","","","","강원특별자치도 영월군 김삿갓면 와석리 605번지","강원특별자치도 영월군 김삿갓면 김삿갓로 697-6","","묵산미술박물관","2018-02-27 09:37:19","U","2024-10-11 02:40:00","","342487.824752621","402692.232078753","박물관","","20011001","사립","1종","전문박물관","20171220","화재발생으로 건축물 및 소장자료 일부 소실","0","","","","","",
"110","박물관, 미술관","03_07_05_P","6530000","B04012010000004","2010-02-03","","03","폐업","3","폐업","2010-12-17","","","","","","","강원특별자치도 영월군 북면 문곡리 604번지 1호","강원특별자치도 영월군 북면 영월로 1229","","영월곤충박물관","2019-03-18 16:31:42","U","2024-10-11 02:40:00","","326246.963043384","413108.033774198","박물관","","20020505","사립","1종","전문박물관","20101217","과학관과의 이중등록에 따른 정리","0","","","","","",
"111","박물관, 미술관","03_07_05_P","6530000","B04012014000003","2014-09-29","","03","폐업","3","폐업","2019-03-11","","","","","","","강원특별자치도 강릉시 사천면 방동리 71번지 0호","강원특별자치도 강릉시 사천면 방동길 320-0","","부경민화박물관","2019-03-15 15:45:25","U","2024-10-11 02:40:00","","365180.290567009","482357.205926654","박물관","","20140927","사립","1종","전문박물관","20190311","교통사고 장애로 박물관의 지속 운영 불가","0","","","","","",
"112","박물관, 미술관","03_07_05_P","6530000","B04012018000007","2017-07-27","","03","폐업","3","폐업","2024-08-20","","","","","","","강원특별자치도 평창군 대관령면 용산리 649번지 1호  2동","강원특별자치도 평창군 대관령면 올림픽로 1169-0","","고려궁박물관","2022-07-15 10:34:17","U","2024-10-11 02:40:00","","345411.382710616","458662.298299928","박물관","","20180709","사립","2종","전시관","20240820","원에 의한 요청","0","","","","","",
