"번호","개방서비스명","개방서비스아이디","개방자치단체코드","관리번호","인허가일자","인허가취소일자","영업상태구분코드","영업상태명","상세영업상태코드","상세영업상태명","폐업일자","휴업시작일자","휴업종료일자","재개업일자","소재지전화","소재지면적","소재지우편번호","소재지전체주소","도로명전체주소","도로명우편번호","사업장명","최종수정시점","데이터갱신구분","데이터갱신일자","업태구분명","좌표정보x(epsg5174)","좌표정보y(epsg5174)","문화체육업종명","문화사업자구분명","지역구분명","총층수","주변환경명","제작취급품목내용","보험기관명","건물용도명","지상층수","지하층수","객실수","건축연면적","영문상호명","영문상호주소","선박총톤수","선박척수","선박제원","무대면적","좌석수","기념품종류","회의실별동시수용인원","시설면적","놀이기구수내역","놀이시설수","방송시설유무","발전시설유무","의무실유무","안내소유무","기획여행보험시작일자","기획여행보험종료일자","자본금","보험시작일자","보험종료일자","부대시설내역","시설규모",
"1","자동차야영장업","03_11_05_P","4181000","CDFI2262142015000002","2015-09-08","","03","폐업","03","폐업","2022-02-09","","","","","","","강원특별자치도 춘천시 동산면 봉명리 35","강원특별자치도 춘천시 동산면 윗성골길 54","24410","데일리랜드","2022-02-09 13:54:19","I","2023-06-13 00:00:00","","274562.06795083","473480.487907841","자동차야영장업","","관리지역","0","기타","","현대해상","","0","0","0","1086","","","0","0","","0","0","","0","2999","","0","","","","","","","0","","","","2999",
"2","자동차야영장업","03_11_05_P","4181000","CDFI2262142023000002","2023-06-27","","01","영업/정상","13","영업중","","","","","","","","강원특별자치도 춘천시 남면 박암리 519-1","강원특별자치도 춘천시 남면 박암관천길 511-24","24468","(주)힐링브릿지","2025-10-20 13:18:57","U","2025-10-23 02:40:00","","247202.073989997","469072.40225542","자동차야영장업","","","0","","","","","0","0","0","127","","","0","0","","0","0","","0","3947","","0","","","","","","","0","","","","3947",
"3","자동차야영장업","03_11_05_P","4181000","CDFI2262142015000001","2015-08-04","","01","영업/정상","13","영업중","","","","","","","","강원특별자치도 춘천시 남산면 백양리 159","강원특별자치도 춘천시 남산면 서백길 585","24464","자유인의 카라반","2025-02-25 09:46:21","U","2025-02-27 02:40:00","","250536.316585791","478126.717269338","자동차야영장업","","관리지역","0","","","삼성화재해상보험","","0","0","0","150","","","0","0","","0","0","","0","3576","","0","","","","","","","0","","","","3576",
"4","자동차야영장업","03_11_05_P","4181000","CDFI2262142016000001","2016-07-11","","01","영업/정상","13","영업중","","","","","033-240-1792","","","강원특별자치도 춘천시 서면 현암리 894 춘천 박사마을 어린이글램핑장","강원특별자치도 춘천시 서면 박사로 770, 춘천 박사마을 어린이글램핑장","24461","춘천박사마을 어린이 글램핑장","2025-02-15 10:12:26","U","2025-02-17 02:40:00","","260295.793660244","487378.185589223","자동차야영장업","","","0","","","한국지방재정공제회","","0","0","0","153","","","0","0","","0","0","","0","16044","","0","","","","","","","0","","","","16044",
"5","자동차야영장업","03_11_05_P","4181000","CDFI2262142019000001","2019-07-30","","01","영업/정상","13","영업중","","","","","","","","강원특별자치도 춘천시 사북면 지암리 578-1","강원특별자치도 춘천시 사북면 화악지암길 186","24200","자연에 머물다","2025-07-06 10:29:29","U","2025-07-08 02:40:00","","251355.767922683","496732.248959249","자동차야영장업","","관리지역","0","","","삼성화재","","0","0","0","108","","","0","0","","0","0","","0","2311","","0","","","","","","","0","","","","2311",
"6","자동차야영장업","03_11_05_P","4181000","CDFI2262142021000001","2021-11-08","","01","영업/정상","13","영업중","","","","","","","","강원특별자치도 춘천시 사북면 지암리 172","강원특별자치도 춘천시 사북면 화악지암길 576","24200","봄봄캠핑","2025-09-03 09:08:07","U","2025-09-05 02:40:00","","254472.067177101","497637.801337587","자동차야영장업","","","0","","","농협보험","","0","0","0","0","","","0","0","","0","0","","0","2792","","0","","","","","","","0","","","","2792",
"7","자동차야영장업","03_11_05_P","4181000","CDFI2262142022000001","2022-04-20","","01","영업/정상","13","영업중","","","","","0507-1343-0407","","","강원특별자치도 춘천시 서면 서상리 679","강원특별자치도 춘천시 서면 툇골길 349","24460","숲속에 머물다","2025-04-15 16:49:35","U","2025-04-17 02:40:00","","258647.599895727","492810.319194125","자동차야영장업","","자연녹지지역","0","","","농협손해보험","","0","0","0","247","","","0","0","","0","0","","44","3175","","0","","","","","","","0","","","","3175",
"8","자동차야영장업","03_11_05_P","4181000","CDFI2262142022000002","2022-10-04","","01","영업/정상","13","영업중","","","","","","","","강원특별자치도 춘천시 사북면 지암리 469","강원특별자치도 춘천시 사북면 화악지암길 297-19","24200","수복캠핑장","2025-10-22 11:43:58","U","2025-10-24 02:40:00","","252152.051058585","497247.432816709","자동차야영장업","","","0","","","","","0","0","0","155","","","0","0","","0","0","","0","2845","","0","","","","","","","0","","","","2845",
"9","자동차야영장업","03_11_05_P","4181000","CDFI2262142023000001","2023-03-07","","01","영업/정상","13","영업중","","","","","","","","강원특별자치도 춘천시 동면 상걸리 510","강원특별자치도 춘천시 동면 길골길 63-14","24212","사가록캠핑장","2025-09-08 17:59:32","U","2025-09-11 02:40:00","","273310.461454067","484878.808081754","자동차야영장업","","보전녹지지역","0","","","NH농협손해보험","","0","0","0","67","","","0","0","","0","0","","0","4044","","0","","","","","","","0","","","","4044",
"10","자동차야영장업","03_11_05_P","4191000","CDFI2262141998000002","1998-07-30","","02","휴업","02","휴업","","2025-10-13","2026-03-15","","033-763-5232","","220-913","강원특별자치도 원주시 판부면 금대리 1333","","","금대자동차야영장(치악산국립공원)","2025-10-10 09:58:39","U","2025-10-12 02:40:00","","","","자동차야영장업","","","0","","","","","0","0","0","0","","","0","0","","0","0","","0","0","","0","","","","","","","632000000","","","","0",
"11","자동차야영장업","03_11_05_P","4191000","CDFI2262142015000001","2015-05-08","","03","폐업","03","폐업","2019-08-01","","","","","","220-863","강원특별자치도 원주시 신림면 성남리 237-3","강원특별자치도 원주시 신림면 무시정길 16","26506","호호캠핑장","2019-10-08 15:16:28","I","2023-06-13 00:00:00","","295966.102747076","417202.835062372","자동차야영장업","","관리지역","1","기타","","","근린생활시설","1","0","0","0","","","0","0","","0","0","","0","64.5","","0","","","","","","","0","","","","65",
"12","자동차야영장업","03_11_05_P","4191000","CDFI2262142015000004","2015-10-01","","03","폐업","03","폐업","2017-03-28","","","","","","","강원특별자치도 원주시 부론면 흥호리 635-6","강원특별자치도 원주시 부론면 선유길 135","26497","섬강두꺼비오토캠핑장","2017-03-30 16:31:05","I","2023-06-13 00:00:00","","266967.06992136","416878.199116783","자동차야영장업","","관리지역","2","기타","","","단독주택","2","0","0","0","","","0","0","","0","0","","0","119.08","","0","","","","","","","0","","","","119",
"13","자동차야영장업","03_11_05_P","4191000","CDFI2262141998000001","1998-07-30","","01","영업/정상","13","영업중","","","","","033-732-5231","","220-831","강원특별자치도 원주시 소초면 학곡리 920","","","구룡자동차야영장(치악산국립공원)","2025-02-21 16:56:59","U","2025-02-23 02:40:00","","292511.608125754","434503.976583282","자동차야영장업","","","0","","","","","0","0","0","262","","","0","0","","0","0","","0","0","","0","","","","","","","2600000000","","","","0",
"14","자동차야영장업","03_11_05_P","4191000","CDFI2262142013000001","2013-12-30","","01","영업/정상","13","영업중","","","","","033-766-3491","","220-864","강원특별자치도 원주시 신림면 황둔리 551","강원특별자치도 원주시 신림면 신림황둔로 1032","26507","한울오토캠핑장","2023-10-10 16:03:24","U","2023-10-12 02:40:00","","304186.951375254","417322.383187003","자동차야영장업","","관리지역","1","기타","","","사무실","0","0","0","321","","","0","0","","0","0","","0","21500","","0","","","","","","","630000000","","","","21500",
"15","자동차야영장업","03_11_05_P","4191000","CDFI2262142014000001","2014-10-29","","01","영업/정상","13","영업중","","","","","02-567-1032","","","강원특별자치도 원주시 소초면 학곡리 150-9","강원특별자치도 원주시 소초면 구룡사로 127-1","26304","산사랑글램핑펜션","2025-02-25 09:28:07","U","2025-02-27 02:40:00","","293528.20641641","436624.182037658","자동차야영장업","","관리지역","0","기타","","","","0","0","0","0","","","0","0","","0","0","","0","4654","","0","","","","","","","300000000","","","","4654",
"16","자동차야영장업","03_11_05_P","4191000","CDFI2262142015000002","2015-05-26","","01","영업/정상","13","영업중","","","","","","","220-864","강원특별자치도 원주시 신림면 황둔리 1625-1","강원특별자치도 원주시 신림면 창촌길 132","26508","매봉힐링캠프","2021-02-25 15:53:35","I","2023-06-13 00:00:00","","300940.495337861","418227.701699303","자동차야영장업","","관리지역","1","기타","","","기타","1","0","0","219","","","0","0","","0","0","","0","218.86","","0","","","","","","","50000000","","","","219",
"17","자동차야영장업","03_11_05_P","4191000","CDFI2262142015000003","2015-05-29","","01","영업/정상","13","영업중","","","","","","","","강원특별자치도 원주시 신림면 황둔리 573","강원특별자치도 원주시 신림면 신림황둔로 1072","26507","한스캠핑장","2025-04-16 14:53:25","U","2025-04-18 02:40:00","","304473.18249927","417660.19434714","자동차야영장업","","관리지역","1","기타","","","기타","1","0","0","418","","","0","0","","0","0","","0","341.17","","0","","","","","","","0","","","","341",
"18","자동차야영장업","03_11_05_P","4191000","CDFI2262142017000001","2017-06-27","","01","영업/정상","13","영업중","","","","","","","","강원특별자치도 원주시 지정면 월송리 904-3","강원특별자치도 원주시 지정면 월송석화로 396-1","26357","장터추어탕캠핑장","2020-02-16 14:10:11","I","2023-06-13 00:00:00","","274696.994155222","433418.531703492","자동차야영장업","","관리지역","1","기타","","","기타","1","0","0","171","","","0","0","","0","0","","0","7179","","0","","","","","","","200000000","","","","7179",
"19","자동차야영장업","03_11_05_P","4191000","CDFI2262142021000001","2021-01-11","","01","영업/정상","13","영업중","","","","","","","","강원특별자치도 원주시 흥업면 대안리 587-5","강원특별자치도 원주시 흥업면 승안동길 242-56","26492","명봉산솔밭관광농원오토캠핑장","2021-01-20 15:25:35","I","2023-06-13 00:00:00","","277387.60320762","422911.939724952","자동차야영장업","","","1","기타","","","기타","1","0","0","104","","","0","0","","0","0","","0","3641","","0","","","","","","","0","","","","3641",
"20","자동차야영장업","03_11_05_P","4191000","CDFI2262142022000001","2022-07-06","","01","영업/정상","13","영업중","","","","","","","","강원특별자치도 원주시 신림면 황둔리 1582-2","강원특별자치도 원주시 신림면 신림황둔로 676","26508","우주캠프","2025-09-15 10:02:20","U","2025-09-17 02:40:00","","300854.366844063","417177.588493647","자동차야영장업","","관리지역","0","기타","","","","0","0","0","148","","","0","0","","0","0","","0","0","","0","","","","","","","0","","","","0",
"21","자동차야영장업","03_11_05_P","4191000","CDFI2262142023000001","2023-05-22","","01","영업/정상","13","영업중","","","","","","","","강원특별자치도 원주시 귀래면 귀래리 1343 귀운초등학교","강원특별자치도 원주시 귀래면 고청길 9, 귀운초등학교","26500","별보는 마을","2025-01-06 14:34:43","U","2025-01-08 02:40:00","","276565.869300683","413931.636811116","자동차야영장업","","","0","","","","","0","0","0","0","","","0","0","","0","0","","0","10301","","0","","","","","","","0","","","","10301",
"22","자동차야영장업","03_11_05_P","4191000","CDFI2262142023000002","2023-10-30","","01","영업/정상","13","영업중","","","","","","","","강원특별자치도 원주시 호저면 산현리 502-8","강원특별자치도 원주시 호저면 칠봉로 533","26300","칠봉 송정 캠핑장","2025-03-14 15:08:21","U","2025-03-16 02:40:00","","","","자동차야영장업","","보전녹지지역","2","","","","기타","2","0","0","0","","","0","0","","0","0","","0","199.64","","0","","","","","","","0","","","","200",
"23","자동차야영장업","03_11_05_P","4191000","CDFI2262142023000003","2023-11-02","","01","영업/정상","13","영업중","","","","","","","","강원특별자치도 원주시 신림면 구학리 693-5","강원특별자치도 원주시 신림면 석동구미길 104","26506","캠핑 포에버","2025-07-30 15:27:57","U","2025-08-01 02:40:00","","293243.396147361","413299.819729941","자동차야영장업","","","0","","","","","0","0","0","127","","","0","0","","0","0","","0","0","","0","","","","","","","0","","","","0",
"24","자동차야영장업","03_11_05_P","4201000","CDFI2262142019000002","2019-07-08","","03","폐업","03","폐업","2019-08-20","","","","","","","강원특별자치도 강릉시 주문진읍 향호리 8-17 외 2필지","","","주문진해수욕장 자동차야영장","2024-01-04 09:22:03","U","2024-01-06 02:40:00","","359802.814260832","491283.386480795","자동차야영장업","","","0","","","","","0","0","0","0","","","0","0","","0","0","","0","0","","0","","","","","","","0","","","","0",
"25","자동차야영장업","03_11_05_P","4201000","CDFI2262142016000002","2016-08-05","","01","영업/정상","13","영업중","","","","","","","","강원특별자치도 강릉시 사천면 방동리 113","강원특별자치도 강릉시 사천면 해안로 904-18","25440","강릉경포캬라반파크","2016-08-05 12:29:46","I","2023-06-13 00:00:00","","365105.418766092","482766.739052175","자동차야영장업","","자연녹지지역","0","","","","","0","0","0","0","","","0","0","","0","0","","0","0","","0","","","","","","","0","","","","0",
"26","자동차야영장업","03_11_05_P","4201000","CDFI2262142018000001","2013-05-28","","01","영업/정상","13","영업중","","","","","","","","강원특별자치도 강릉시 초당동 455-2","강원특별자치도 강릉시 해안로 388 (초당동)","25467","경포대오토캠핑장","2024-03-05 19:19:41","U","2024-03-07 02:40:00","","368431.757335488","478848.069029571","자동차야영장업","","","0","","","","","0","0","0","0","","","0","0","","0","0","","0","0","","0","","","","","","","0","","","","0",
"27","자동차야영장업","03_11_05_P","4201000","CDFI2262142019000001","2019-05-29","","01","영업/정상","13","영업중","","","","","","","","강원특별자치도 강릉시 견소동 223-1 강릉경찰수련원","강원특별자치도 강릉시 경강로 2580, 강릉경찰수련원 (견소동)","25561","솔향강릉카라반캠핑장","2022-06-30 16:45:21","I","2023-06-13 00:00:00","","370972.026475609","476242.657739906","자동차야영장업","","일반주거지역","0","","","","","0","0","0","0","","","0","0","","0","0","","0","5182","","0","","","","","","","0","","","","5182",
"28","자동차야영장업","03_11_05_P","4201000","CDFI2262142012000001","2012-04-16","","01","영업/정상","13","영업중","","","","","","","","강원특별자치도 강릉시 성산면 어흘리 457-2","강원특별자치도 강릉시 성산면 삼포암길 48","25443","대관령 솔내음 오토 캠핑장","2023-12-07 14:11:02","U","2023-12-09 02:40:00","","358162.129619673","469787.295504987","자동차야영장업","","","0","","","","","0","0","0","0","","","0","0","","0","0","","0","6020","","0","","","","","","","0","","","","6020",
"29","자동차야영장업","03_11_05_P","4201000","CDFI2262142015000001","2015-03-05","","01","영업/정상","13","영업중","","","","","033-642-4241","","210-805","강원특별자치도 강릉시 주문진읍 삼교리 510","강원특별자치도 강릉시 주문진읍 신리천로 951-9","25401","주문진글렘핑 오토캠핑장","2015-03-05 15:17:13","I","2023-06-13 00:00:00","","352529.049785878","487805.802954868","자동차야영장업","","","0","","","","","0","0","0","0","","","0","0","","0","0","","0","0","","0","","","","","","","0","","","","0",
"30","자동차야영장업","03_11_05_P","4201000","CDFI2262142015000002","2015-05-18","","01","영업/정상","13","영업중","","","","","033)661-4161","","210-863","강원특별자치도 강릉시 연곡면 삼산리 51-5","강원특별자치도 강릉시 연곡면 소금강길 449","25400","소금강자동차야영장","2021-05-24 11:39:56","I","2023-06-13 00:00:00","","350272.643570811","480447.310871281","자동차야영장업","","","0","","","","","0","0","0","0","","","0","0","","0","0","","0","0","","0","","","","","","","0","","","","0",
"31","자동차야영장업","03_11_05_P","4201000","CDFI2262142015000003","2015-06-15","","01","영업/정상","13","영업중","","","","","0336610401","","210-865","강원특별자치도 강릉시 연곡면 퇴곡리 328","강원특별자치도 강릉시 연곡면 진고개로 1826-11","25426","소금강마을에코센터 오토캠핑장","2025-05-21 11:35:41","U","2025-05-23 02:40:00","","353198.487138058","484244.548622185","자동차야영장업","","","0","","","","","0","0","0","0","","","0","0","","0","0","","0","0","","0","","","","","","","0","","","","0",
"32","자동차야영장업","03_11_05_P","4201000","CDFI2262142016000001","2016-07-12","","01","영업/정상","13","영업중","","","","","","","","강원특별자치도 강릉시 연곡면 동덕리 143-11","강원특별자치도 강릉시 연곡면 해안로 1282-10","25431","연곡해변 솔향기캠핑장","2024-10-21 09:42:13","U","2024-10-23 02:40:00","","362969.843885583","485604.483220088","자동차야영장업","","","0","","","","","0","0","0","0","","","0","0","","0","0","","0","0","","0","","","","","","","0","","","","0",
"33","자동차야영장업","03_11_05_P","4201000","CDFI2262142024000003","2024-10-17","","01","영업/정상","13","영업중","","","","","","","","강원특별자치도 강릉시 연곡면 삼산리 1240","강원특별자치도 강릉시 연곡면 부연동길 619","25400","디뮤어 카라반","2024-10-17 11:09:18","I","2024-10-19 00:12:30","","343310.129151076","484835.087847461","자동차야영장업","","","0","","","","","0","0","0","0","","","0","0","","0","0","","0","63.6","","0","","","","","","","0","","","","64",
"34","자동차야영장업","03_11_05_P","4201000","CDFI2262142024000001","2024-02-26","","01","영업/정상","13","영업중","","","","","","","","강원특별자치도 강릉시 사천면 사천진리 92-7","강원특별자치도 강릉시 사천면 해안로 938","25435","서정카라반펜션","2024-09-23 13:31:22","U","2024-09-25 02:40:00","","364865.768768628","482888.469492528","자동차야영장업","","자연녹지지역","0","","","","","0","0","0","0","","","0","0","","0","0","","0","2214","","0","","","","","","","0","","","","2214",
"35","자동차야영장업","03_11_05_P","4201000","CDFI2262142024000002","2024-02-26","","01","영업/정상","13","영업중","","","","","","","","강원특별자치도 강릉시 강동면 언별리 1335-1","강원특별자치도 강릉시 강동면 단경로 568","25628","하슬라 캠핑장","2024-02-26 18:51:10","I","2024-02-29 00:15:52","","370050.022186343","466806.512263854","자동차야영장업","","","0","","","","","0","0","0","0","","","0","0","","0","0","","0","0","","0","","","","","","","0","","","","0",
"36","자동차야영장업","03_11_05_P","4201000","CDFI2262142025000002","2025-10-02","","01","영업/정상","13","영업중","","","","","033-644-1818","","","강원특별자치도 강릉시 사천면 사천진리 292-2","강원특별자치도 강릉시 사천면 해안로 1119-56","25435","경포대허브농장","2025-10-02 13:22:07","I","2025-10-05 00:20:16","","364148.686940238","483991.370215924","자동차야영장업","","","0","","","","","0","0","0","0","","","0","0","","0","0","","0","4242","","0","","","","","","","0","","","","4242",
"37","자동차야영장업","03_11_05_P","4201000","CDFI2262142025000001","2025-03-27","","01","영업/정상","13","영업중","","","","","033-640-9826","","","강원특별자치도 강릉시 강동면 안인진리 3-5 함정전시관","강원특별자치도 강릉시 강동면 율곡로 1616, 함정전시관","25626","강릉 바다내음 캠핑장","2025-03-27 18:46:40","I","2025-03-29 00:10:24","","376725.582398384","470271.810003222","자동차야영장업","","","0","","","","","0","0","0","0","","","0","0","","0","0","","0","6500","","0","","","","","","","0","","","","6500",
"38","자동차야영장업","03_11_05_P","4211000","CDFI2262142017000001","2017-04-20","","03","폐업","03","폐업","2023-01-30","","","","","","","강원특별자치도 동해시 대진동 177-3","강원특별자치도 동해시 대진1길 47-2 (대진동)","25708","아름다운 캠프","2023-01-30 11:17:58","I","2023-06-13 00:00:00","","386633.384500976","454587.268895783","자동차야영장업","","자연녹지지역","1","기타","","NH농협(사고배상책임보험)","근린생활시설","1","0","0","95","","","0","0","","0","0","","0","6234","","0","","","","","","","20000000","","","","6234",
"39","자동차야영장업","03_11_05_P","4211000","CDFI2262142002000001","2002-05-06","","01","영업/정상","13","영업중","","","","","033-539-3600","","240-080","강원특별자치도 동해시 망상동 393-39","강원특별자치도 동해시 동해대로 6370 (망상동)","25700","망상오토캠핑리조트","2025-08-18 15:09:22","U","2025-08-20 02:40:00","","383499.30979747","457408.646958951","자동차야영장업","","자연녹지지역","0","기타","","","","0","0","0","976","","","0","0","","0","0","","0","83554","","0","","","","","","","0","","","","83554",
"40","자동차야영장업","03_11_05_P","4211000","CDFI2262142014000001","2014-07-14","","01","영업/정상","13","영업중","","","","","033-539-3618","","","강원특별자치도 동해시 망상동 393-19 망상제2오토캠핑장","강원특별자치도 동해시 동해대로 6270-14, 망상제2오토캠핑장 (망상동)","25700","망상오토캠핑리조트 제2오토캠핑장","2024-01-16 17:12:57","U","2024-01-18 02:40:00","","384727.644856489","456424.240621638","자동차야영장업","","자연녹지지역","0","기타","","","","0","0","0","109","","","0","0","","0","0","","0","25000","","0","","","","","","","0","","","","25000",
"41","자동차야영장업","03_11_05_P","4211000","CDFI2262142017000002","2017-08-03","","01","영업/정상","13","영업중","","","","","033-539-3736","","","강원특별자치도 동해시 추암동 1","강원특별자치도 동해시 촛대바위길 6 (추암동, 추암오토캠핑장)","25790","추암오토캠핑장","2017-08-10 09:01:53","I","2023-06-13 00:00:00","","390911.988860814","443837.716730372","자동차야영장업","","자연녹지지역","1","기타","","","근린생활시설","1","0","0","114","","","0","0","","0","0","","0","7000","","0","","","","","","","0","","","","7000",
"42","자동차야영장업","03_11_05_P","4211000","CDFI2262142024000001","2024-04-09","","01","영업/정상","13","영업중","","","","","","","","강원특별자치도 동해시 이로동 904","강원특별자치도 동해시 비천길 49 (이로동)","25742","별비담캠핑장","2025-02-09 10:05:40","U","2025-02-11 02:40:00","","380864.752813714","446791.027835149","자동차야영장업","","관리지역","2","기타","","현대해상화재보험","기타","2","0","0","0","","","0","0","","0","0","","0","5813","","0","","","","","","","0","","","","5813",
"43","자동차야영장업","03_11_05_P","4221000","CDFI2262142019000001","2019-08-22","","01","영업/정상","13","영업중","","","","","","","","강원특별자치도 태백시 동점동 201","강원특별자치도 태백시 태백로 2417 (동점동)","26049","태백구문소힐링캠프","2023-08-03 16:57:29","U","2023-08-05 02:40:00","","382069.898384514","399801.833080254","자동차야영장업","","상업지역","0","","","","","0","0","0","260","","","0","0","","0","0","","0","9403","","0","","","","","","","0","","","","9403",
"44","자동차야영장업","03_11_05_P","4221000","CDFI2262142020000001","2020-02-21","","01","영업/정상","13","영업중","","","","","033-553-4135","","","강원특별자치도 태백시 소도동 349","강원특별자치도 태백시 태백산로 4781 (소도동)","26043","태백 눈꽃 야영장","2024-11-25 17:52:42","U","2024-11-27 02:40:00","","374327.343983086","405131.840655195","자동차야영장업","","일반상업지역","1","기타","","야영장사고배상책임보험","근린생활시설","1","0","0","0","","","0","0","","0","0","","0","2559.19","","0","","","","","","","5000000","","","","2559",
"45","자동차야영장업","03_11_05_P","4221000","CDFI2262142022000002","2022-09-26","","01","영업/정상","13","영업중","","","","","033-550-2849","","","강원특별자치도 태백시 철암동 산 90-1 태백고원자연휴양림","강원특별자치도 태백시 머리골길 153, 태백고원자연휴양림 (철암동)","26046","태백고원자연휴양림 자동차야영장","2024-04-11 13:25:18","U","2024-04-13 02:40:00","","","","자동차야영장업","","","0","","","","","0","0","0","0","","","0","0","","0","0","","0","3535","","0","","","","","","","0","","","","3535",
"46","자동차야영장업","03_11_05_P","4221000","CDFI2262142023000001","2023-03-15","","01","영업/정상","13","영업중","","","","","033-552-6721","","","강원특별자치도 태백시 소도동 154-9 소도야영장","강원특별자치도 태백시 천제단길 181, 소도야영장 (소도동)","26043","태백산국립공원 소도야영장","2025-10-15 16:23:46","U","2025-10-17 02:40:00","","373488.178293307","403656.111399788","자동차야영장업","","","0","기타","","DB손해보험","기타","0","0","0","826","","","0","0","","0","0","","0","0","","0","","","","","","","0","20240801","20250801","","0",
"47","자동차야영장업","03_11_05_P","4231000","CDFI2262142015000001","2015-07-13","","02","휴업","02","휴업","","2025-10-13","2026-09-30","","0338010964","","","강원특별자치도 속초시 설악동 산 82 설악산야영장","강원특별자치도 속초시 청봉로 25, 설악산야영장 (설악동)","24904","설악동자동차야영장","2025-08-27 13:37:02","U","2025-08-29 02:40:00","","335256.785451066","518851.629435185","자동차야영장업","","보전녹지지역","0","기타","","","","0","0","0","0","","","0","0","","0","0","","0","97670","","0","","","","","","","0","","","","97670",
"48","자동차야영장업","03_11_05_P","4231000","CDFI2262142014000001","2014-03-06","","01","영업/정상","13","영업중","","","","","033-638-6231","","","강원특별자치도 속초시 조양동 1463-51","강원특별자치도 속초시 해오름로 177 (조양동)","24887","속초해변 국민여가 캠핑장","2025-04-03 17:31:29","U","2025-04-05 02:40:00","","340311.92426744","521948.119880893","자동차야영장업","","일반상업지역","1","기타","","","기타","1","0","0","251","","","0","0","","0","0","","0","10963","","0","","","","","","","0","","","","10963",
"49","자동차야영장업","03_11_05_P","4231000","CDFI2262142024000001","2024-07-08","","01","영업/정상","13","영업중","","","","","","","","강원특별자치도 속초시 도문동 784-2","강원특별자치도 속초시 설악산로 239-28 (도문동)","24904","참새둥지야영장","2024-07-18 09:27:41","U","2024-07-20 02:40:00","","","","자동차야영장업","","자연녹지지역","1","기타","","","기타","1","0","0","0","","","0","0","","0","0","","0","960","","0","","","","","","","0","","","","960",
"50","자동차야영장업","03_11_05_P","4241000","CDFI2262142014000001","2014-08-28","","01","영업/정상","13","영업중","","","","","033-550-7812","","245-903","강원특별자치도 삼척시 도계읍 심포리 231-3","강원특별자치도 삼척시 도계읍 심포남길 99","25952","(주)하이원추추파크","2025-04-28 11:13:50","U","2025-04-30 02:40:00","","","","자동차야영장업","","관리지역","0","기타","","","기타","1","0","0","0","Choo-Choo park, Inc","Auto Camping Business","0","0","","0","0","","0","4312","","0","","","","","","","75200004000","","","","4312",
"51","자동차야영장업","03_11_05_P","4241000","CDFI2262142017000001","2017-03-08","","01","영업/정상","13","영업중","","","","","033-576-0884","","","강원특별자치도 삼척시 근덕면 장호리 217-2","강원특별자치도 삼척시 근덕면 삼척로 2116 (장호국민여가캠핑장)","25938","장호비치캠핑장","2022-02-03 15:00:26","I","2023-06-13 00:00:00","","405002.501849194","422795.442726218","자동차야영장업","","","1","","","","","0","0","0","335","","","0","0","","0","0","","0","19069","","0","","","","","","","4700000300","","","","19069",
"52","자동차야영장업","03_11_05_P","4241000","CDFI2262142019000001","2019-09-20","","01","영업/정상","13","영업중","","","","","033-802-8850","","","강원특별자치도 삼척시 근덕면 하맹방리 산 1-7","","","맹방 비치캠핑장","2022-10-06 14:29:15","I","2023-06-13 00:00:00","","397793.097971799","434092.825021873","자동차야영장업","","자연녹지지역","0","","","","","0","0","0","564","","","0","0","","0","0","","0","10530","","0","","","","","","","50000000","","","","10530",
"53","자동차야영장업","03_11_05_P","4241000","CDFI2262142022000001","2022-04-26","","01","영업/정상","13","영업중","","","","","","","","강원특별자치도 삼척시 근덕면 동막리 1021","강원특별자치도 삼척시 근덕면 내평길 267","25936","삼척안뜰캠핑장","2022-07-12 17:16:13","I","2023-06-13 00:00:00","","397743.137881038","427114.11548609","자동차야영장업","","관리지역","0","기타","","","","0","0","0","0","","","0","0","","0","0","","0","44.64","","0","","","","","","","40000000","","","","45",
"54","자동차야영장업","03_11_05_P","4241000","CDFI2262142023000001","2023-04-05","","01","영업/정상","13","영업중","","","","","033-570-3091","","","강원특별자치도 삼척시 가곡면 탕곡리 506-5","","","가곡 유황온천 국민여가캠핑장","2023-04-05 17:59:57","I","2023-06-13 00:00:00","","396091.425862154","407863.030588226","자동차야영장업","","관리지역","0","기타","","","기타","0","0","0","0","","","0","0","","0","0","","0","4192","","0","","","","","","","0","","","","4192",
"55","자동차야영장업","03_11_05_P","4251000","CDFI2262142015000004","2015-05-29","","03","폐업","03","폐업","2024-03-07","","","","033-433-7005","","250-812","강원특별자치도 홍천군 화촌면 장평리 1131","강원특별자치도 홍천군 화촌면 노루터길 135","25159","오고집 글램핑","2024-03-08 16:32:30","U","2024-03-10 02:40:00","","292354.858728845","473753.958996187","자동차야영장업","","관리지역","2","기타","","","근린생활시설","2","0","0","216","Ogojip glamping","Auto camp ground business","0","0","","0","0","","0","144.4","","0","","","","","","","5000000","","","","144",
"56","자동차야영장업","03_11_05_P","4251000","CDFI2262142014000001","2014-06-26","","01","영업/정상","13","영업중","","","","","033-430-2498","","250-881","강원특별자치도 홍천군 북방면 장항리 200-1","강원특별자치도 홍천군 북방면 굴지강변로 322","25116","홍천강 오토캠핑장","2024-09-23 18:03:09","U","2024-09-25 02:40:00","","","","자동차야영장업","","관리지역","1","기타","","","기타","0","0","0","229","","","0","0","","0","0","","0","229","","0","","","","","","","349800000","","","","229",
"57","자동차야영장업","03_11_05_P","4251000","CDFI2262142015000001","2015-04-27","","01","영업/정상","13","영업중","","","","","","","250-855","강원특별자치도 홍천군 서면 모곡리 99-8","강원특별자치도 홍천군 서면 한서로 1045-29","25100","비발디 캠핑파크","2023-07-12 14:45:04","U","2023-07-14 02:40:00","","253948.742040957","462611.087896626","자동차야영장업","","관리지역","1","기타","","","기타","1","0","0","88","Vivaldi camping park","Auto campground business","0","0","","0","0","","0","87.5","","0","","","","","","","300000000","","","","88",
"58","자동차야영장업","03_11_05_P","4251000","CDFI2262142015000003","2015-04-28","","01","영업/정상","13","영업중","","","","","","","250-863","강원특별자치도 홍천군 내촌면 와야리 805-3","강원특별자치도 홍천군 내촌면 비선동길 121-29","25162","달콤한 캠핑장","2023-07-12 14:48:51","U","2023-07-14 02:40:00","","299023.442495836","477275.548188222","자동차야영장업","","관리지역","2","기타","","","기타","2","0","0","198","Dalcomhan camping ground","Auto campground business","0","0","","0","0","","0","198.09","","0","","","","","","","600000000","","","","198",
"59","자동차야영장업","03_11_05_P","4251000","CDFI2262142015000005","2015-06-05","","01","영업/정상","13","영업중","","","","","033-432-3473","","250-812","강원특별자치도 홍천군 화촌면 군업리 827-2","강원특별자치도 홍천군 화촌면 구룡령로 578-10","25159","고인돌 오토캠핑장","2018-02-21 16:31:31","I","2023-06-13 00:00:00","","288144.284741562","472706.546191553","자동차야영장업","","관리지역","1","기타","","","기타","1","0","0","811","Goindol Auto Camp Ground","Auto camp ground business","0","0","","0","0","","0","597.27","","0","","","","","","","50000000","","","","597",
"60","자동차야영장업","03_11_05_P","4251000","CDFI2262142017000001","2017-04-25","","01","영업/정상","13","영업중","","","","","","","","강원특별자치도 홍천군 내촌면 화상대리 1055-3","강원특별자치도 홍천군 내촌면 쌍둔지길 157-7","25163","홍천와캠핑","2023-07-12 14:55:49","U","2023-07-14 02:40:00","","290688.684134927","478141.92492812","자동차야영장업","","관리지역","1","기타","","","기타","1","0","0","170","Hongcheon Wa Camping","Auto Camp Ground Business","0","0","","0","0","","0","169.65","","0","","","","","","","0","","","","170",
"61","자동차야영장업","03_11_05_P","4251000","CDFI2262142017000002","2017-06-12","","01","영업/정상","13","영업중","","","","","","","","강원특별자치도 홍천군 화촌면 군업리 산 1244","강원특별자치도 홍천군 화촌면 당무로 545","25159","공작산계곡 오토캠핑장","2023-07-12 14:56:19","U","2023-07-14 02:40:00","","291452.314464148","468455.036622467","자동차야영장업","","관리지역","0","기타","","","","0","0","0","69","","","0","0","","0","0","","0","68.66","","0","","","","","","","0","","","","69",
"62","자동차야영장업","03_11_05_P","4251000","CDFI2262142018000001","2018-10-22","","01","영업/정상","13","영업중","","","","","0334302490","","","강원특별자치도 홍천군 서면 반곡리 13-6","강원특별자치도 홍천군 서면 팔봉산로 857","25101","홍천강 자라바위 오토캠핑장","2023-07-12 14:19:21","U","2023-07-14 02:40:00","","260360.489522017","465353.302035382","자동차야영장업","","관리지역","1","기타","","","기타","1","0","0","205","Hongcheonriver snapping turtle rock auto camp ground","auto camp ground","0","0","","0","0","","0","205.46","","0","","","","","","","0","","","","205",
"63","자동차야영장업","03_11_05_P","4251000","CDFI2262142019000001","2019-05-15","","01","영업/정상","13","영업중","","","","","","","","강원특별자치도 홍천군 북방면 노일리 868-2","","","쁘띠 힐링 카라반","2025-01-16 16:54:19","U","2025-01-18 02:40:00","","264362.020161863","465058.638429177","자동차야영장업","","","0","기타","","","","0","0","0","102","","","0","0","","0","0","","0","101.59","","0","","","","","","","0","","","","102",
"64","자동차야영장업","03_11_05_P","4251000","CDFI2262142021000001","2021-05-27","","01","영업/정상","13","영업중","","","","","","","","강원특별자치도 홍천군 홍천읍 장전평리 912","강원특별자치도 홍천군 홍천읍 높은터로 235","25118","홍천 높은터 캠핑장","2024-08-30 13:14:14","U","2024-09-01 02:40:00","","274552.616798231","460994.975379603","자동차야영장업","","관리지역","1","","","","기타","1","0","0","218","","","0","0","","0","0","","0","217.82","","0","","","","","","","0","","","","218",
"65","자동차야영장업","03_11_05_P","4251000","CDFI2262142021000002","2021-06-29","","01","영업/정상","13","영업중","","","","","","","","강원특별자치도 홍천군 서석면 검산리 106","강원특별자치도 홍천군 서석면 마리소리길 182","25167","그린필로우","2021-12-11 14:06:39","I","2023-06-13 00:00:00","","310032.376627086","471155.015212934","자동차야영장업","","관리지역","1","","","","","1","0","0","146","","","0","0","","0","0","","0","145.92","","0","","","","","","","0","","","","146",
"66","자동차야영장업","03_11_05_P","4251000","CDFI2262142021000003","2021-08-03","","01","영업/정상","13","영업중","","","","","","","","강원특별자치도 홍천군 서면 개야리 16-1","강원특별자치도 홍천군 서면 개야로 357-32","25100","소노카페 오토캠핑장","2022-09-07 16:44:37","I","2023-06-13 00:00:00","","256413.296824625","465744.305393526","자동차야영장업","","관리지역","1","","","","","0","0","0","38","","","0","0","","0","0","","0","37.63","","0","","","","","","","0","","","","38",
"67","자동차야영장업","03_11_05_P","4251000","CDFI2262142021000004","2021-12-29","","01","영업/정상","13","영업중","","","","","","","","강원특별자치도 홍천군 서면 팔봉리 1","강원특별자치도 홍천군 서면 노일로 478","25101","그자리 야영장","2024-01-17 10:40:15","U","2024-01-19 02:40:00","","263788.786463287","466068.937450273","자동차야영장업","","관리지역","1","","","","","0","0","0","299","","","0","0","","0","0","","0","298.8","","0","","","","","","","0","","","","299",
"68","자동차야영장업","03_11_05_P","4251000","CDFI2262142022000001","2022-05-10","","01","영업/정상","13","영업중","","","","","033-432-8259","","","강원특별자치도 홍천군 남면 제곡리 145-17","강원특별자치도 홍천군 남면 남노일로 479-24","25106","세이지힐 오토캠핑장","2023-11-30 09:56:34","U","2023-12-02 02:40:00","","267922.193311781","460453.540339964","자동차야영장업","","관리지역","1","","","","","1","0","0","298","","","0","0","","0","0","","0","297.62","","0","","","","","","","200000000","","","","298",
"69","자동차야영장업","03_11_05_P","4251000","CDFI2262142022000002","2022-10-31","","01","영업/정상","13","영업중","","","","","","","","강원특별자치도 홍천군 서면 개야리 8-6","강원특별자치도 홍천군 서면 개야마을길 144-10","25100","홍천 뜨란 오토캠핑장","2022-11-10 13:58:45","I","2023-06-13 00:00:00","","256034.153050732","466251.550053905","자동차야영장업","","관리지역","2","","","","","2","0","0","88","","","0","0","","0","0","","0","88.2","","0","","","","","","","0","","","","88",
"70","자동차야영장업","03_11_05_P","4251000","CDFI2262142022000003","2022-11-17","","01","영업/정상","13","영업중","","","","","","","","강원특별자치도 홍천군 내촌면 와야리 29","강원특별자치도 홍천군 내촌면 가령폭포길 34","25162","캠프 인더숲","2022-11-17 11:00:14","I","2023-06-13 00:00:00","","301588.560283199","480834.677830556","자동차야영장업","","관리지역","1","","","","","1","0","0","175","","","0","0","","0","0","","0","174.5","","0","","","","","","","0","","","","175",
"71","자동차야영장업","03_11_05_P","4251000","CDFI2262142024000003","2024-08-13","","01","영업/정상","13","영업중","","","","","","","","강원특별자치도 홍천군 내촌면 화상대리 694-2","강원특별자치도 홍천군 내촌면 아홉사리로 699","25163","은하수별빛마을","2024-09-23 18:07:57","U","2024-09-25 02:40:00","","292348.597858566","478876.086567359","자동차야영장업","","","0","","","","","1","0","0","317","","","0","0","","0","0","","0","316.51","","0","","","","","","","0","","","","317",
"72","자동차야영장업","03_11_05_P","4251000","CDFI2262142024000002","2024-03-04","","01","영업/정상","13","영업중","","","","","","","","강원특별자치도 홍천군 영귀미면 덕치리 56-9","강원특별자치도 홍천군 영귀미면 수타사로 372-12","25152","수타사 힐링 캠프","2024-03-04 17:07:53","I","2024-03-06 00:15:38","","284284.854147111","466009.39137953","자동차야영장업","","관리지역","1","","","","","1","0","0","63","","","0","0","","0","0","","0","63.07","","0","","","","","","","0","","","","63",
"73","자동차야영장업","03_11_05_P","4251000","CDFI2262142024000001","2024-02-21","","01","영업/정상","13","영업중","","","","","","","","강원특별자치도 홍천군 남면 제곡리 145-14","강원특별자치도 홍천군 남면 남노일로 479-22","25106","세이지힐 패밀리 캠핑장","2024-02-21 17:54:46","I","2024-02-23 00:15:48","","267985.855432267","460521.258114593","자동차야영장업","","관리지역","0","","","","","1","0","0","137","","","0","0","","0","0","","0","136.8","","0","","","","","","","0","","","","137",
"74","자동차야영장업","03_11_05_P","4251000","CDFI2262142025000001","2025-04-17","","01","영업/정상","13","영업중","","","","","","","","강원특별자치도 홍천군 내면 율전리 63","강원특별자치도 홍천군 내면 내린천로 399","25169","누크(NOOK) 글램핑&캠핑","2025-06-05 13:56:24","U","2025-06-08 02:40:00","","322470.437119056","481576.597115971","자동차야영장업","","관리지역","0","","","","","0","0","0","219","","","0","0","","0","0","","0","218.61","","0","","","","","","","0","","","","219",
"75","자동차야영장업","03_11_05_P","4261000","CDFI2262142016000001","2016-07-01","","01","영업/정상","13","영업중","","","","","","","","강원특별자치도 횡성군 청일면 신대리 178-3","강원특별자치도 횡성군 청일면 청일로895번길 127","25255","횡성산울림오토캠핑장","2025-07-18 17:49:48","U","2025-07-20 02:40:00","","","","자동차야영장업","","","0","","","","","0","0","0","306","","","0","0","","0","0","","0","0","","0","","","","","","","0","","","","0",
"76","자동차야영장업","03_11_05_P","4261000","CDFI2262142022000001","2022-10-11","","01","영업/정상","13","영업중","","","","","","","","강원특별자치도 횡성군 둔내면 석문리 427-25","강원특별자치도 횡성군 둔내면 용현로 112","25260","보리 캠핑장","2025-07-31 18:05:01","U","2025-08-02 02:40:00","","308297.408356852","448430.601709399","자동차야영장업","","","0","","","","","0","0","0","297","","","0","0","","0","0","","0","3308","","0","","","","","","","0","","","","3308",
"77","자동차야영장업","03_11_05_P","4261000","CDFI2262142023000002","2023-03-20","","01","영업/정상","13","영업중","","","","","","","","강원특별자치도 횡성군 갑천면 삼거리 227-30","","","오클라 캠핑장","2025-07-18 17:54:04","U","2025-07-20 02:40:00","","293924.67905378","451800.070853403","자동차야영장업","","","0","","","","","0","0","0","0","","","0","0","","0","0","","0","87","","0","","","","","","","0","","","","87",
"78","자동차야영장업","03_11_05_P","4261000","CDFI2262142024000001","2024-06-13","","01","영업/정상","13","영업중","","","","","","","","강원특별자치도 횡성군 갑천면 하대리 356","강원특별자치도 횡성군 갑천면 수동길 170-1","25257","모두의 캠핑장","2025-07-31 17:37:02","U","2025-08-02 02:40:00","","302002.135981721","451262.966325037","자동차야영장업","","관리지역","0","","","","","0","0","0","86","","","0","0","","0","0","","0","86.28","","0","","","","","","","0","","","","86",
"79","자동차야영장업","03_11_05_P","4271000","CDFI2262142019000001","2019-06-12","","02","휴업","02","휴업","","2025-01-17","2030-04-30","","","","","강원특별자치도 영월군 무릉도원면 무릉리 553","강원특별자치도 영월군 무릉도원면 명마동길 13","26201","동양원목캠핑장","2025-01-17 15:35:43","U","2025-01-19 02:40:00","","313272.244109453","421196.048533748","자동차야영장업","","관리지역","0","","","농협손해보험","","0","0","0","0","","","0","0","","0","0","","0","2161","","0","","","","","","","0","","","","2161",
"80","자동차야영장업","03_11_05_P","4271000","CDFI2262142015000002","2015-05-26","","03","폐업","03","폐업","2015-10-16","","","","","","230-861","강원특별자치도 영월군 무릉도원면 두산리 810 외 4필지(742-1,809,809-1,809-3)","","26200","길캠프","2015-10-19 09:07:02","I","2023-06-13 00:00:00","","302249.048505706","422938.957895856","자동차야영장업","","","0","","","","","0","0","0","0","","","0","0","","0","0","","0","7555","","0","","","","","","","0","","","","7555",
"81","자동차야영장업","03_11_05_P","4271000","CDFI2262142012000001","2012-08-13","","01","영업/정상","13","영업중","","","","","","","230-888","강원특별자치도 영월군 영월읍 삼옥리 1574-2","강원특별자치도 영월군 영월읍 둥글바위길 33","","영월 동강오토캠핑장","2024-07-31 18:12:26","U","2024-08-02 02:40:00","","333519.968003677","412123.070997319","자동차야영장업","","","0","","","DB손해보험","","0","0","0","0","","","0","0","","0","0","","0","9505","","0","","","","","","","0","","","","9505",
"82","자동차야영장업","03_11_05_P","4271000","CDFI2262142015000001","2015-04-22","","01","영업/정상","13","영업중","","","","","","","230-824","강원특별자치도 영월군 김삿갓면 외룡리 190-2 외 3필지(190, 189, 190-3)","강원특별자치도 영월군 김삿갓면 영월동로 2696","26247","영월 외룡 캠핑장","2024-08-05 11:00:32","U","2024-08-07 02:40:00","","348011.460945491","402625.998067613","자동차야영장업","","","0","","","삼성화재","","0","0","0","0","","","0","0","","0","0","","0","2400","","0","","","","","","","0","","","","2400",
"83","자동차야영장업","03_11_05_P","4271000","CDFI2262142015000003","2015-06-24","","01","영업/정상","13","영업중","","","","","","","230-812","강원특별자치도 영월군 산솔면 녹전리 781 외 3필지(781-1,781-3,781-4)","강원특별자치도 영월군 산솔면 태백산로 1133-10","26243","영월약수터 캠핑장","2025-01-15 15:33:25","U","2025-01-18 02:40:00","","348899.116877297","406246.868633989","자동차야영장업","","","0","","","","","0","0","0","0","","","0","0","","0","0","","0","4672","","0","","","","","","","0","","","","4672",
"84","자동차야영장업","03_11_05_P","4271000","CDFI2262142016000001","2016-05-26","","01","영업/정상","13","영업중","","","","","","","","강원특별자치도 영월군 김삿갓면 예밀리 536-4","강원특별자치도 영월군 김삿갓면 영월동로 1954-38","26246","별마로빌리지캠핑장","2022-08-20 15:23:48","I","2023-06-13 00:00:00","","340827.696171019","403815.496095469","자동차야영장업","","","0","","","DB손해보험","","0","0","0","0","","","0","0","","0","0","","0","938","","0","","","","","","","0","","","","938",
"85","자동차야영장업","03_11_05_P","4271000","CDFI2262142016000002","2016-06-09","","01","영업/정상","13","영업중","","","","","","","","강원특별자치도 영월군 무릉도원면 법흥리 728-1","강원특별자치도 영월군 무릉도원면 무릉법흥로 516","26201","금방아 민박 캠핑장","2024-08-09 15:00:25","U","2024-08-11 02:40:00","","311642.230309683","424715.288053384","자동차야영장업","","","0","","","현대해상보험","","0","0","0","0","","","0","0","","0","0","","0","2262","","0","","","","","","","0","","","","2262",
"86","자동차야영장업","03_11_05_P","4271000","CDFI2262142016000003","2016-08-29","","01","영업/정상","13","영업중","","","","","0333752268","","","강원특별자치도 영월군 무릉도원면 법흥리 297","강원특별자치도 영월군 무릉도원면 백년계곡길 142","26201","산여울캠핑장","2019-02-14 20:24:35","I","2023-06-13 00:00:00","","312576.654370028","431315.228528843","자동차야영장업","","","0","","","","","0","0","0","0","","","0","0","","0","0","","0","7693","","0","","","","","","","100000000","","","","7693",
"87","자동차야영장업","03_11_05_P","4271000","CDFI2262142016000004","2016-10-11","","01","영업/정상","13","영업중","","","","","","","","강원특별자치도 영월군 한반도면 옹정리 440-5","강원특별자치도 영월군 한반도면 한반도로 794-22","26213","큐브존 캠핑장","2024-01-27 15:16:21","U","2024-01-29 02:40:00","","319511.579101272","415158.665213839","자동차야영장업","","","0","","","삼성화재","","0","0","0","0","","","0","0","","0","0","","0","10482","","0","","","","","","","0","","","","10482",
"88","자동차야영장업","03_11_05_P","4271000","CDFI2262142018000001","2018-07-03","","01","영업/정상","13","영업중","","","","","","","","강원특별자치도 영월군 무릉도원면 무릉리 800-5","강원특별자치도 영월군 무릉도원면 중방길 2-45","26201","여울소리 오토캠핑장","2022-08-28 15:38:13","I","2023-06-13 00:00:00","","312437.621808498","422002.255259733","자동차야영장업","","","0","","","농협손해보험","","0","0","0","0","","","0","0","","0","0","","0","2705","","0","","","","","","","0","","","","2705",
"89","자동차야영장업","03_11_05_P","4271000","CDFI2262142018000002","2018-07-13","","01","영업/정상","13","영업중","","","","","","","","강원특별자치도 영월군 무릉도원면 운학리 614-3","강원특별자치도 영월군 무릉도원면 고일길 18-5","26200","슬로우캠프","2024-08-01 17:31:14","U","2024-08-03 02:40:00","","305805.042174431","427793.371045405","자동차야영장업","","","0","","","농협손해보험","","0","0","0","0","","","0","0","","0","0","","0","1981","","0","","","","","","","0","","","","1981",
"90","자동차야영장업","03_11_05_P","4271000","CDFI2262142021000001","2021-03-09","","01","영업/정상","13","영업중","","","","","","","","강원특별자치도 영월군 남면 연당리 863-20","강원특별자치도 영월군 남면 송정길 53","26216","와룡천 캠핑장","2024-12-17 17:34:21","U","2024-12-19 02:40:00","","325251.200291363","410685.059049828","자동차야영장업","","관리지역","0","","","농협손해보험","","0","0","0","0","","","0","0","","0","0","","0","350","","0","","","","","","","0","","","","350",
"91","자동차야영장업","03_11_05_P","4271000","CDFI2262142024000001","2024-06-28","","01","영업/정상","13","영업중","","","","","","","","강원특별자치도 영월군 김삿갓면 와석리 779","강원특별자치도 영월군 김삿갓면 김삿갓로 497-35","26246","캠블리 캠핑","2025-09-10 09:08:11","U","2025-09-12 02:40:00","","342575.217734618","401132.229495234","자동차야영장업","","","0","","","","","0","0","0","0","","","0","0","","0","0","","0","3071","","0","","","","","","","100000000","","","","3071",
"92","자동차야영장업","03_11_05_P","4271000","CDFI2262142024000002","2024-07-15","","01","영업/정상","13","영업중","","","","","","","","강원특별자치도 영월군 김삿갓면 와석리 산 120","강원특별자치도 영월군 김삿갓면 두릉골길 12","26246","필리가 오토캠핑","2024-08-16 10:45:30","U","2024-08-18 02:40:00","","341452.745161158","403517.38288087","자동차야영장업","","","0","","","DB손해보험","","0","0","0","0","","","0","0","","0","0","","0","0","","0","","","","","","","50000000","","","","0",
"93","자동차야영장업","03_11_05_P","4271000","CDFI2262142024000003","2024-07-15","","01","영업/정상","13","영업중","","","","","","","","강원특별자치도 영월군 김삿갓면 와석리 산 120-4","강원특별자치도 영월군 김삿갓면 두릉골길 11","26246","필리가 캠핑","2024-08-16 10:45:02","U","2024-08-18 02:40:00","","341734.323684948","403419.268061876","자동차야영장업","","","0","","","DB손해보험","","0","0","0","0","","","0","0","","0","0","","0","0","","0","","","","","","","50000000","","","","0",
"94","자동차야영장업","03_11_05_P","4271000","CDFI2262142024000004","2024-12-27","","01","영업/정상","13","영업중","","","","","","","","강원특별자치도 영월군 영월읍 방절리 471-2","강원특별자치도 영월군 영월읍 청령포로 227","26226","캠프온 오토캠핑","2025-01-10 17:53:13","U","2025-01-12 02:40:00","","327866.010045881","410043.097495365","자동차야영장업","","","0","","","","","0","0","0","0","","","0","0","","0","0","","0","1488","","0","","","","","","","0","","","","1488",
"95","자동차야영장업","03_11_05_P","4281000","CDFI2262142015000001","2015-06-15","","03","폐업","03","폐업","2017-07-18","","","","0333328829","","232-936","강원특별자치도 평창군 용평면 노동리 86","강원특별자치도 평창군 용평면 이승복생가길 160","25312","노동계곡 오토캠핑장","2017-07-18 11:48:23","I","2023-06-13 00:00:00","","330339.237400238","467392.495363995","자동차야영장업","","관리지역","0","","","","","0","0","0","0","","","0","0","","0","0","","0","0","","0","","","","","","","0","","","","0",
"96","자동차야영장업","03_11_05_P","4281000","CDFI2262142017000001","2017-07-25","","01","영업/정상","13","영업중","","","","","0333328829","","","강원특별자치도 평창군 용평면 노동리 86","강원특별자치도 평창군 용평면 이승복생가길 160 (노동계곡캠핑장)","25312","계방산 오토캠핑장","2025-01-20 09:47:30","U","2025-01-22 02:40:00","","330339.237400238","467392.495363995","자동차야영장업","","","0","","","","","0","0","0","0","","","0","0","","0","0","","0","0","","0","","","","","","","0","","","","0",
"97","자동차야영장업","03_11_05_P","4281000","CDFI2262142025000001","2025-06-09","","01","영업/정상","13","영업중","","","","","","","","강원특별자치도 평창군 미탄면 회동리 507 , 507-1, 507-2, 508, 509","강원특별자치도 평창군 미탄면 청옥산길 249-21","25380","몽지리 캠핑장","2025-07-03 17:48:49","U","2025-07-05 02:40:00","","331773.40317262","430002.381813246","자동차야영장업","","관리지역","1","기타","","","기타","1","0","0","84","","","0","0","","0","0","","0","0","","0","","","","","","","0","","","","0",
"98","자동차야영장업","03_11_05_P","4301000","CDFI2262142015000001","2015-05-15","","01","영업/정상","13","영업중","","","","","","","269-803","강원특별자치도 철원군 갈말읍 상사리 628-4","강원특별자치도 철원군 갈말읍 상사로 377","24028","철원가산농원캠핑장","2024-09-11 18:24:15","U","2024-09-14 02:40:00","","223196.233468441","524607.898249101","자동차야영장업","","","0","","","","","0","0","0","0","","","0","0","","0","0","","0","0","","0","","","","","","","0","","","","0",
"99","자동차야영장업","03_11_05_P","4301000","CDFI2262142015000002","2015-12-07","","01","영업/정상","13","영업중","","","","","02 21333926","","","강원특별자치도 철원군 근북면 유곡리 512","강원특별자치도 철원군 근북면 유곡로 545","24052","철원 평화마을  유곡 캠핑장","2023-05-26 16:26:39","I","2023-06-13 00:00:00","","234826.880073844","533204.538373755","자동차야영장업","","관리지역","0","","","","","0","0","0","0","","","0","0","","0","0","","0","0","","0","","","","","","","0","","","","0",
"100","자동차야영장업","03_11_05_P","4301000","CDFI2262142017000001","2017-11-03","","01","영업/정상","13","영업중","","","","","033-458-7200","","","강원특별자치도 철원군 김화읍 청양리 9-6","강원특별자치도 철원군 김화읍 호국로 6442","24055","화강 수변 오토 캠핑장","2019-10-02 14:10:28","I","2023-06-13 00:00:00","","236248.965780486","527247.55203622","자동차야영장업","","","0","","","","","0","0","0","0","","","0","0","","0","0","","0","0","","0","","","","","","","0","","","","0",
"101","자동차야영장업","03_11_05_P","4301000","CDFI2262142021000001","2021-06-18","","01","영업/정상","13","영업중","","","","","033-450-5198","","","강원특별자치도 철원군 갈말읍 지경리 143-1 두루웰 캠핑장","","","두루웰 캠핑장","2021-06-18 09:05:15","I","2023-06-13 00:00:00","","230824.787182138","524944.973179165","자동차야영장업","","녹지지역","0","기타","","","환경위생시설","0","0","0","0","","","0","0","","0","0","","0","17178","","0","","","","","","","0","","","","17178",
"102","자동차야영장업","03_11_05_P","4311000","CDFI2262142018000001","2018-07-20","","01","영업/정상","13","영업중","","","","","033 441 4466","","","강원특별자치도 화천군 간동면 간척리 992-3","강원특별자치도 화천군 간동면 배후령길 1144-25","24139","국립화천숲속야영장","2025-10-14 13:53:50","U","2025-10-16 02:40:00","","270046.830223361","501265.090979538","자동차야영장업","","관리지역","1","","","","사무실","0","0","0","0","","","0","0","","0","0","","0","287.46","","0","","","","","","","0","","","","287",
"103","자동차야영장업","03_11_05_P","4311000","CDFI2262142019000001","2019-04-01","","01","영업/정상","13","영업중","","","","","070-7727-1290","","","강원특별자치도 화천군 화천읍 동촌리 2905-1","강원특별자치도 화천군 화천읍 비수구미길 145-145","24110","평화의댐 오토캠핑장","2019-04-01 17:10:26","I","2023-06-13 00:00:00","","274390.145125117","522937.552306062","자동차야영장업","","","1","","","","사무실","1","0","0","0","","","0","0","","0","0","","0","141.97","","0","","","","","","","0","","","","142",
"104","자동차야영장업","03_11_05_P","4321000","CDFI2262142016000001","2016-03-21","","02","휴업","02","휴업","","2025-08-01","2025-12-31","","033-481-9828","","","강원특별자치도 양구군 동면 후곡리 302-2","강원특별자치도 양구군 동면 약수터길 28","24510","약수골캠프촌 오토캠핑장","2025-08-22 09:01:10","U","2025-08-24 02:40:00","","291940.049957174","518686.531669608","자동차야영장업","","관리지역","0","기타","","","기타","0","0","7","81","","","0","0","","0","0","","0","63.4","","0","","","","","","","6600000","","","","63",
"105","자동차야영장업","03_11_05_P","4321000","CDFI2262142022000001","2022-10-13","","02","휴업","02","휴업","","2025-04-01","2027-03-31","","","","","강원특별자치도 양구군 양구읍 수인리 269-9","강원특별자치도 양구군 양구읍 소양호로 1086-13","24517","수인야영장","2025-04-01 18:00:41","U","2025-04-03 02:40:00","","282125.426225859","502792.683333729","자동차야영장업","","관리지역","1","기타","","","기타","1","0","0","0","","","0","0","","0","0","","0","169.6","","0","","","","","","","0","","","","170",
"106","자동차야영장업","03_11_05_P","4321000","CDFI2262142024000001","2024-09-13","","01","영업/정상","13","영업중","","","","","","","","강원특별자치도 양구군 방산면 송현리 1095-28","","","방산면 송현리 캠핑장","2025-01-03 15:21:59","U","2025-01-05 02:40:00","","283675.852037353","524664.109097185","자동차야영장업","","관리지역","0","기타","","","기타","0","0","0","84","","","0","0","","0","0","","0","84.42","","0","","","","","","","50000000","","","","84",
"107","자동차야영장업","03_11_05_P","4331000","CDFI2262142014000004","2014-07-18","","02","휴업","02","휴업","","2019-11-15","2023-03-31","","","","252-802","강원특별자치도 인제군 인제읍 가아리 176-12","","","인제 아리캠핑장","2022-12-27 11:29:55","I","2023-06-13 00:00:00","","303285.817893231","513299.639513452","자동차야영장업","","","1","","","","기타","1","0","0","36","","","0","0","","0","0","","0","0","","0","","","","","","","0","","","","0",
"108","자동차야영장업","03_11_05_P","4331000","CDFI2262142022000001","2022-06-07","","01","영업/정상","13","영업중","","","","","","","","강원특별자치도 인제군 상남면 상남리 1521-2","강원특별자치도 인제군 상남면 아홉사리로 2848","24664","보랏빛오토캠핑장","2024-03-12 14:22:49","U","2024-03-14 02:40:00","","309340.096857476","483047.416069314","자동차야영장업","","","0","","","","","0","0","0","0","","","0","0","","0","0","","0","4845","","0","","","","","","","0","","","","4845",
"109","자동차야영장업","03_11_05_P","4331000","CDFI2262142014000002","2014-05-19","","01","영업/정상","13","영업중","","","","","","","252-844","강원특별자치도 인제군 기린면 진동리 471","강원특별자치도 인제군 기린면 조침령로 1418-7","24653","인제연가리오토캠핑장펜션","2021-06-28 10:07:09","I","2023-06-13 00:00:00","","326008.319250583","497776.715112521","자동차야영장업","","","0","","","","","0","0","0","141","","","0","0","","0","0","","0","0","","0","","","","","","","450000000","","","","0",
"110","자동차야영장업","03_11_05_P","4331000","CDFI2262142014000003","2014-06-26","","01","영업/정상","13","영업중","","","","","","","252-821","강원특별자치도 인제군 북면 용대리 1094-5","","","구만동 오토캠핑장","2014-06-26 09:06:32","I","2023-06-13 00:00:00","","315968.954106273","521921.019589978","자동차야영장업","","","1","","","","근린생활시설","1","0","0","0","","","0","0","","0","0","","0","1000","","0","","","","","","","0","","","","1000",
"111","자동차야영장업","03_11_05_P","4331000","CDFI2262142016000001","2016-06-02","","04","취소/말소/만료/정지/중지","35","직권말소","2020-05-07","","","","","","","강원특별자치도 인제군 인제읍 남북리 815","강원특별자치도 인제군 인제읍 비봉로44번길 81","24624","인제나르샤파크 캠핑장","2020-05-07 17:21:17","I","2023-06-13 00:00:00","","302432.122575025","507037.056814276","자동차야영장업","","","0","","","","","0","0","0","0","Inje Narsha Park campground","The general camp,","0","0","","0","0","","0","0","","0","","","","","","","0","","","","0",
"112","자동차야영장업","03_11_05_P","4341000","CDFI2262142023000001","2023-07-13","","03","폐업","03","폐업","2023-08-31","","","","","","","강원특별자치도 고성군 죽왕면 공현진리 143-39","","","공현진1리 해변 야영장","2024-08-02 09:44:40","U","2024-08-04 02:40:00","","331974.270492387","539862.00269156","자동차야영장업","","","0","","","","","0","0","0","0","","","0","0","","0","0","","0","0","","0","","","","","","","0","","","","0",
"113","자동차야영장업","03_11_05_P","4341000","CDFI2262142023000002","2023-07-13","","03","폐업","03","폐업","2023-08-31","","","","","","","강원특별자치도 고성군 죽왕면 문암진리 460-9","","","자작도 해변 야영장","2024-08-02 09:42:45","U","2024-08-04 02:40:00","","334828.560648624","535029.926374834","자동차야영장업","","","0","","","","","0","0","0","0","","","0","0","","0","0","","0","0","","0","","","","","","","0","","","","0",
"114","자동차야영장업","03_11_05_P","4341000","CDFI2262142022000003","2022-07-19","","03","폐업","03","폐업","2022-08-31","","","","","","","강원특별자치도 고성군 토성면 도원리 495-42","","","도원리 마을관리휴양지 야영장","2024-08-02 09:46:08","U","2024-08-04 02:40:00","","328249.95676487","530533.560135153","자동차야영장업","","","0","","","","","0","0","0","0","","","0","0","","0","0","","0","0","","0","","","","","","","0","","","","0",
"115","자동차야영장업","03_11_05_P","4341000","CDFI2262142015000002","2015-08-04","","03","폐업","03","폐업","2020-01-10","","","","0336824290","","","강원특별자치도 고성군 현내면 죽정리 365","강원특별자치도 고성군 현내면 모정2길 2","24707","화진포 오토캠핑장","2020-01-13 13:30:18","I","2023-06-13 00:00:00","","323873.137425252","552813.536270021","자동차야영장업","","관리지역","1","기타","","","기타","1","0","0","0","","","0","0","","0","0","","0","1084.96","","0","","","","","","","0","","","","1085",
"116","자동차야영장업","03_11_05_P","4341000","CDFI2262142015000004","2015-12-11","","03","폐업","03","폐업","2022-08-17","","","","033-631-7601","","","강원특별자치도 고성군 토성면 청간리 217 클레시움아파트","강원특별자치도 고성군 토성면 아야진해변길 1, 1동 302호 (클레시움아파트)","24758","(주)이랜드파크 켄싱턴리조트 설악비치","2022-08-18 11:41:53","I","2023-06-13 00:00:00","","335990.377432783","530608.191448987","자동차야영장업","","관리지역","1","기타","","","기타","0","0","0","22","ELAND PARK Kensingtonresort Seorakbeach","Service(Auto Camping)","0","0","","0","0","","0","9817","","0","","","","","","","0","","","","9817",
"117","자동차야영장업","03_11_05_P","4341000","CDFI2262142016000003","2016-07-15","","03","폐업","03","폐업","2016-09-27","","","","","","","강원특별자치도 고성군 죽왕면 오호리 68-15","강원특별자치도 고성군 죽왕면 봉수대길 1 (봉수대관리사무소)","24747","봉수대오토캠핑장","2016-09-27 15:29:14","I","2023-06-13 00:00:00","","333430.514067749","536664.167321026","자동차야영장업","","관리지역","1","기타","","","근린생활시설","1","0","0","0","Bong soo dae camping resort","Service(Auto Camping)","0","0","","0","0","","0","51633","","0","","","","","","","0","","","","51633",
"118","자동차야영장업","03_11_05_P","4341000","CDFI2262142017000003","2017-07-21","","03","폐업","03","폐업","2018-11-06","","","","033 680 3356","","","강원특별자치도 고성군 죽왕면 문암진리 19-3","강원특별자치도 고성군 죽왕면 문암항길 133","24752","백도오토캠핑장","2018-11-06 18:35:16","I","2023-06-13 00:00:00","","335167.154781366","534170.202767733","자동차야영장업","","","0","","","","","0","0","0","0","","","0","0","","0","0","","0","24527","","0","","","","","","","0","","","","24527",
"119","자동차야영장업","03_11_05_P","4341000","CDFI2262142018000001","2018-09-20","","03","폐업","03","폐업","2018-11-06","","","","","","","강원특별자치도 고성군 죽왕면 문암진리 19-3","강원특별자치도 고성군 죽왕면 문암항길 133","24752","백도오토캠핑장","2018-11-06 18:35:43","I","2023-06-13 00:00:00","","335167.154781366","534170.202767733","자동차야영장업","","","0","기타","","","","0","0","0","0","","","0","0","","0","0","","0","8605","","0","","","","","","","0","","","","8605",
"120","자동차야영장업","03_11_05_P","4341000","CDFI2262142019000002","2019-05-31","","03","폐업","03","폐업","2019-08-31","","","","","","","강원특별자치도 고성군 죽왕면 문암진리 19-3","강원특별자치도 고성군 죽왕면 문암항길 133","24752","백도오토캠핑장","2019-09-27 15:18:38","I","2023-06-13 00:00:00","","335167.154781366","534170.202767733","자동차야영장업","","관리지역","0","기타","","","","0","0","0","0","","","0","0","","0","0","","0","8605","","0","","","","","","","0","","","","8605",
"121","자동차야영장업","03_11_05_P","4341000","CDFI2262142019000004","2019-07-08","","03","폐업","03","폐업","2019-11-11","","","","033-631-3811","","","강원특별자치도 고성군 죽왕면 삼포리 243-13 오션투유콘도","강원특별자치도 고성군 죽왕면 삼포해변길 9, 오션투유콘도","24750","속초동해카라반호텔","2019-11-19 11:42:49","I","2023-06-13 00:00:00","","333830.541023206","535981.992669135","자동차야영장업","","","0","","","","","0","0","0","0","","","0","0","","0","0","","0","0","","0","","","","","","","0","","","","0",
"122","자동차야영장업","03_11_05_P","4341000","CDFI2262142020000002","2020-06-30","","03","폐업","03","폐업","2020-11-01","","","","033-631-3811","","","강원특별자치도 고성군 죽왕면 삼포리 243-13 오션투유콘도","강원특별자치도 고성군 죽왕면 삼포해변길 9, 오션투유콘도","24750","속초동해카라반호텔 캠핑장","2020-11-10 17:25:56","I","2023-06-13 00:00:00","","333830.541023206","535981.992669135","자동차야영장업","","","0","","","","","0","0","0","0","","","0","0","","0","0","","0","0","","0","","","","","","","0","","","","0",
"123","자동차야영장업","03_11_05_P","4341000","CDFI2262142021000001","2023-01-18","","01","영업/정상","13","영업중","","","","","","","","강원특별자치도 고성군 토성면 금화정리 124-2","강원특별자치도 고성군 토성면 화원길 13","24754","쭌카라반 캠핑장","2023-01-19 09:33:13","I","2023-06-13 00:00:00","","335257.422354356","532423.046085777","자동차야영장업","","관리지역","1","기타","","","기타","1","0","0","0","","","0","0","","0","0","","0","1851","","0","","","","","","","0","","","","1851",
"124","자동차야영장업","03_11_05_P","4341000","CDFI2262142022000001","2022-03-29","","01","영업/정상","13","영업중","","","","","","","","강원특별자치도 고성군 간성읍 탑동리 344-66","강원특별자치도 고성군 간성읍 오탑길 379","24739","고성 탑 글램핑 농원","2025-07-18 08:39:09","U","2025-07-20 02:40:00","","328093.504892686","539314.212500909","자동차야영장업","","관리지역","1","","","","기타","1","0","0","0","","","0","0","","0","0","","0","64.78","","0","","","","","","","0","","","","65",
"125","자동차야영장업","03_11_05_P","4341000","CDFI2262142022000002","2022-07-12","","01","영업/정상","13","영업중","","","","","","","","강원특별자치도 고성군 토성면 신평리 468-40","강원특별자치도 고성군 토성면 신평골길 29-1","24767","고라니","2022-07-12 08:45:27","I","2023-06-13 00:00:00","","331844.146528233","526330.672759291","자동차야영장업","","관리지역","1","기타","","","기타","1","0","0","0","","","0","0","","0","0","","0","98.56","","0","","","","","","","0","","","","99",
"126","자동차야영장업","03_11_05_P","4341000","CDFI2262142015000001","2015-05-21","","01","영업/정상","13","영업중","","","","","033-681-5244","","219-821","강원특별자치도 고성군 죽왕면 오봉리 8-10","강원특별자치도 고성군 죽왕면 동해대로 6090","24747","송지호 오토캠핑장","2016-03-14 14:59:02","I","2023-06-13 00:00:00","","332270.823691489","538793.651551826","자동차야영장업","","관리지역","1","기타","","","숙박시설","1","0","0","0","","","0","0","","0","0","","0","30500","","0","","","","","","","0","","","","30500",
"127","자동차야영장업","03_11_05_P","4341000","CDFI2262142015000003","2015-10-26","","01","영업/정상","13","영업중","","","","","","","","강원특별자치도 고성군 죽왕면 문암진리 134-78","강원특별자치도 고성군 죽왕면 괘진길 54","24752","티피캠핑장","2020-04-14 16:03:08","I","2023-06-13 00:00:00","","335451.650985757","533679.450764741","자동차야영장업","","관리지역","1","기타","","","기타","1","0","0","0","TEE PEE CAMPING RESORT","Service","0","0","","0","0","","0","1037.82","","0","","","","","","","150000000","","","","1038",
"128","자동차야영장업","03_11_05_P","4341000","CDFI2262142016000002","2016-07-08","","01","영업/정상","13","영업중","","","","","","","","강원특별자치도 고성군 토성면 용촌리 84-3 청간정콘도","강원특별자치도 고성군 토성면 중앙로 642-22, 청간정콘도","24766","청간정콘도 카라반 캠핑장","2024-02-15 08:52:10","U","2024-02-17 02:40:00","","337753.829717866","527587.532449879","자동차야영장업","","관리지역","0","","","","","0","0","0","0","Cheong Kan Jeong Kondo Karaba Camping resort","Service(Auto camping)","0","0","","0","0","","0","1872","","0","","","","","","","0","","","","1872",
"129","자동차야영장업","03_11_05_P","4341000","CDFI2262142016000007","2016-09-27","","01","영업/정상","13","영업중","","","","","0336803356","","","강원특별자치도 고성군 죽왕면 삼포리 1137-11 매표소","강원특별자치도 고성군 죽왕면 봉수대길 10-4, 매표소","24750","봉수대오토캠핑장","2024-11-20 16:36:57","U","2024-11-22 02:40:00","","333564.127358266","536380.97331797","자동차야영장업","","","0","","","","기타","0","0","0","0","","","0","0","","0","0","","0","422.31","","0","","","","","","","0","","","","422",
"130","자동차야영장업","03_11_05_P","4341000","CDFI2262142017000001","2017-05-15","","01","영업/정상","13","영업중","","","","","033-680-3422","","","강원특별자치도 고성군 거진읍 송정리 80-93","강원특별자치도 고성군 거진읍 건봉사로 1504","24709","수목화 송정마을 오토캠핑장","2017-05-15 09:12:50","I","2023-06-13 00:00:00","","324263.326925323","549543.343967481","자동차야영장업","","","0","","","","","0","0","0","105","","","0","0","","0","0","","0","0","","0","","","","","","","0","","","","0",
"131","자동차야영장업","03_11_05_P","4341000","CDFI2262142019000001","2019-05-13","","01","영업/정상","13","영업중","","","","","","","","강원특별자치도 고성군 현내면 명파리 230-29","강원특별자치도 고성군 현내면 명파4길 47","24701","명파 해변 오토캠핑장","2019-05-13 19:35:15","I","2023-06-13 00:00:00","","322460.898977196","560966.930924381","자동차야영장업","","관리지역","0","기타","","","","0","0","0","0","","","0","0","","0","0","","0","10961","","0","","","","","","","0","","","","10961",
"132","자동차야영장업","03_11_05_P","4341000","CDFI2262142019000003","2019-06-25","","01","영업/정상","13","영업중","","","","","","","","강원특별자치도 고성군 토성면 신평리 458-64","","","말보로맨 오토캠핑장","2022-06-17 16:10:27","I","2023-06-13 00:00:00","","332398.269259114","526454.988374347","자동차야영장업","","관리지역","0","기타","","","기타","0","0","0","0","","","0","0","","0","0","","0","4913","","0","","","","","","","0","","","","4913",
"133","자동차야영장업","03_11_05_P","4341000","CDFI2262142020000001","2020-06-24","","01","영업/정상","13","영업중","","","","","033-680-3356","","","강원특별자치도 고성군 죽왕면 문암진리 19-3","강원특별자치도 고성군 죽왕면 문암항길 133","24752","백도오토캠핑장","2024-05-02 10:10:49","U","2024-05-04 02:40:00","","335167.154781366","534170.202767733","자동차야영장업","","관리지역","0","기타","","","기타","0","0","0","0","","","0","0","","0","0","","0","8605","","0","","","","","","","0","","","","8605",
"134","자동차야영장업","03_11_05_P","4341000","CDFI2262142023000003","2023-07-26","","01","영업/정상","13","영업중","","","","","","","","강원특별자치도 고성군 거진읍 반암리 53-1","강원특별자치도 고성군 거진읍 자산천로 102-16","24723","반암오토캠핑장","2024-11-25 13:33:07","U","2024-11-27 02:40:00","","327517.062789176","547838.570043214","자동차야영장업","","","0","","","","","0","0","0","0","","","0","0","","0","0","","0","0","","0","","","","","","","0","","","","0",
"135","자동차야영장업","03_11_05_P","4341000","CDFI2262142024000002","2024-08-02","","01","영업/정상","13","영업중","","","","","","","","강원특별자치도 고성군 간성읍 탑동리 229-2","강원특별자치도 고성군 간성읍 탑동길 469","24739","광민이네 오토캠핑장","2024-08-02 13:45:31","I","2024-08-04 00:13:31","","","","자동차야영장업","","관리지역","2","기타","","","기타","2","0","0","0","","","0","0","","0","0","","0","0","","0","","","","","","","0","","","","0",
"136","자동차야영장업","03_11_05_P","4341000","CDFI2262142024000001","2024-03-28","","01","영업/정상","13","영업중","","","","","","","","강원특별자치도 고성군 토성면 봉포리 98 관리사무소","강원특별자치도 고성군 토성면 봉포5길 32-13, 관리사무소","24765","봉포레이크글램핑&오토캠핑장","2024-10-08 17:39:22","U","2024-10-10 02:40:00","","336696.321164338","528593.294926161","자동차야영장업","","","0","","","","","0","0","0","0","Bongpo lake glamping&auto campground","Auto campground","0","0","","0","0","","0","6771","","0","","","","","","","0","","","","6771",
"137","자동차야영장업","03_11_05_P","4341000","CDFI2262142025000001","2025-06-19","","01","영업/정상","13","영업중","","","","","","","","강원특별자치도 고성군 죽왕면 공현진리 143-39","강원특별자치도 고성군 죽왕면 공현진해변길 35","24745","공현진1리 해변 야영장","2025-06-19 15:56:51","I","2025-06-21 00:20:01","","331974.270492387","539862.00269156","자동차야영장업","","","0","","","","","0","0","0","0","","","0","0","","0","0","","0","0","","0","","","","","","","0","","","","0",
"138","자동차야영장업","03_11_05_P","4351000","CDFI2262142024000001","2024-05-21","","02","휴업","02","휴업","","2024-11-27","2025-02-27","","","","","강원특별자치도 양양군 현북면 법수치리 94-14","강원특별자치도 양양군 현북면 법수치길 782","25050","별빛 오토캠핑장","2024-12-30 15:30:22","U","2025-01-01 02:40:00","","","","자동차야영장업","","관리지역","1","기타","","","기타","0","0","0","0","","","0","0","","0","0","","0","36","","0","","","","","","","0","","","","36",
"139","자동차야영장업","03_11_05_P","4351000","CDFI2262142015000003","2015-06-18","","03","폐업","03","폐업","2022-06-16","","","","0336702518","","215-801","강원특별자치도 양양군 양양읍 조산리 399-59","강원특별자치도 양양군 양양읍 해맞이길 125","25015","낙산해변야영장","2022-06-16 19:08:37","I","2023-06-13 00:00:00","","343626.265668618","513452.053765382","자동차야영장업","","관리지역","0","기타","","","","0","0","0","0","","","0","0","","0","0","","0","13033","","0","","","","","","","0","","","","13033",
"140","자동차야영장업","03_11_05_P","4351000","CDFI2262142016000002","2016-03-24","","03","폐업","03","폐업","2024-01-16","","","","","","","강원특별자치도 양양군 현남면 시변리 17-1","강원특별자치도 양양군 현남면 인구중앙길 88 (양양죽도오토캠핑장)","25053","양양죽도오토캠핑장","2024-01-02 14:48:25","U","2024-01-04 02:40:00","","354544.725299543","498087.725548848","자동차야영장업","","자연녹지지역","1","기타","","","기타","1","0","0","0","","","0","0","","0","0","","0","6716","","0","","","","","","","50000000","","","","6716",
"141","자동차야영장업","03_11_05_P","4351000","CDFI2262142024000002","2024-06-28","","03","폐업","03","폐업","2024-08-25","","","","","","","강원특별자치도 양양군 강현면 정암리 1-4","","","정암해수욕장 야영장","2024-10-10 17:55:43","U","2024-10-12 02:40:00","","341313.581099605","516837.982729957","자동차야영장업","","","0","기타","","","","0","0","0","0","","","0","0","","0","0","","0","0","","0","","","","","","","0","","","","0",
"142","자동차야영장업","03_11_05_P","4351000","CDFI2262142025000001","2025-06-30","","03","폐업","03","폐업","2025-08-24","","","","","","","강원특별자치도 양양군 현북면 하광정리 617","강원특별자치도 양양군 현북면 하조대해안길 41","25047","하조대해수욕장 야영장","2025-09-04 15:48:04","U","2025-09-06 02:40:00","","351283.037818412","503685.540580593","자동차야영장업","","","0","","","","","0","0","0","0","","","0","0","","0","0","","0","2920","","0","","","","","","","0","","","","2920",
"143","자동차야영장업","03_11_05_P","4351000","CDFI2262142015000001","2015-05-28","","01","영업/정상","13","영업중","","","","","033-673-1806","","215-811","강원특별자치도 양양군 서면 미천리 산 5","강원특별자치도 양양군 서면 미천골길 115","25040","국립미천골자연휴양림","2025-10-02 11:25:36","U","2025-10-05 02:40:00","","335972.207230971","492112.357144756","자동차야영장업","","관리지역","0","기타","","","","0","0","0","0","","","0","0","","0","0","","0","10706","","0","","","","","","","0","","","","10706",
"144","자동차야영장업","03_11_05_P","4351000","CDFI2262142015000002","2015-06-05","","01","영업/정상","13","영업중","","","","","","","215-811","강원특별자치도 양양군 서면 서림리 402-15","강원특별자치도 양양군 서면 구룡령로 1694","25040","그루터기 캠핑장","2015-06-05 14:32:37","I","2023-06-13 00:00:00","","332563.85002338","495787.123200464","자동차야영장업","","관리지역","0","기타","","","","0","0","0","0","","","0","0","","0","0","","0","2487","","0","","","","","","","0","","","","2487",
"145","자동차야영장업","03_11_05_P","4351000","CDFI2262142016000001","2016-01-12","","01","영업/정상","13","영업중","","","","","","","","강원특별자치도 양양군 서면 범부리 384-17","강원특별자치도 양양군 서면 고인돌길 200-49","25036","양양 고인돌 캠핑장","2025-10-31 09:29:53","U","2025-11-02 02:40:00","","338136.418548895","506861.406615002","자동차야영장업","","관리지역","1","기타","","","창고","1","0","0","0","","","0","0","","0","0","","0","250.88","","0","","","","","","","350000000","","","","251",
"146","자동차야영장업","03_11_05_P","4351000","CDFI2262142016000003","2016-07-25","","01","영업/정상","13","영업중","","","","","033 673 4041","","","강원특별자치도 양양군 서면 갈천리 118-12","강원특별자치도 양양군 서면 구룡령로 1103-12","25040","갈천오토캠핑장","2025-08-28 09:25:25","U","2025-08-30 02:40:00","","331828.548846653","490944.19122155","자동차야영장업","","관리지역","1","기타","","","기타","1","0","0","0","","","0","0","","0","0","","0","290.79","","0","","","","","","","20000000","","","","291",
"147","자동차야영장업","03_11_05_P","4351000","CDFI2262142016000004","2016-07-25","","01","영업/정상","13","영업중","","","","","033-673-1637","","","강원특별자치도 양양군 현북면 어성전리 814","강원특별자치도 양양군 현북면 법수치길 277 (자연과우리)","25050","자연과우리캠핑장","2025-03-28 16:24:33","U","2025-03-30 02:40:00","","344639.184489582","494334.548948839","자동차야영장업","","관리지역","1","기타","","","기타","1","0","0","0","","","0","0","","0","0","","0","40","","0","","","","","","","20000000","","","","40",
"148","자동차야영장업","03_11_05_P","4351000","CDFI2262142016000005","2016-11-10","","01","영업/정상","13","영업중","","","","","033 670 2726","","","강원특별자치도 양양군 현남면 지경리 24-8","","","지경국민여가캠핑장","2016-11-10 17:58:54","I","2023-06-13 00:00:00","","358293.529225696","492627.301303791","자동차야영장업","","관리지역","1","기타","","","기타","0","0","0","0","","","0","0","","0","0","","0","59.5","","0","","","","","","","0","","","","60",
"149","자동차야영장업","03_11_05_P","4351000","CDFI2262142020000001","2020-07-30","","01","영업/정상","13","영업중","","","","","033-673-3322","","","강원특별자치도 양양군 현북면 하광정리 618-2","","","하조대캠핑카","2020-07-31 09:19:13","I","2023-06-13 00:00:00","","351226.752830118","503688.917118631","자동차야영장업","","관리지역","1","기타","","","기타","1","0","0","0","","","0","0","","0","0","","0","120.74","","0","","","","","","","0","","","","121",
"150","자동차야영장업","03_11_05_P","4351000","CDFI2262142022000001","2022-11-14","","01","영업/정상","13","영업중","","","","","","","","강원특별자치도 양양군 현북면 법수치리 135","","","법수치오토캠핑장","2022-11-14 13:13:06","I","2023-06-13 00:00:00","","342211.477302419","490924.611678969","자동차야영장업","","관리지역","0","","","","","0","0","0","0","","","0","0","","0","0","","0","150.17","","0","","","","","","","0","","","","150",
"151","자동차야영장업","03_11_05_P","4351000","CDFI2262142023000001","2023-01-06","","01","영업/정상","13","영업중","","","","","","","","강원특별자치도 양양군 서면 논화리 154-1","강원특별자치도 양양군 서면 구룡령로 3080-70","25037","밴프 야영장","2023-01-06 16:02:42","I","2023-06-13 00:00:00","","337783.277533449","506763.253027437","자동차야영장업","","관리지역","0","기타","","","기타","0","0","0","0","","","0","0","","0","0","","0","70.77","","0","","","","","","","0","","","","71",
