"번호","개방서비스명","개방서비스아이디","개방자치단체코드","관리번호","인허가일자","인허가취소일자","영업상태구분코드","영업상태명","상세영업상태코드","상세영업상태명","폐업일자","휴업시작일자","휴업종료일자","재개업일자","소재지전화","소재지면적","소재지우편번호","소재지전체주소","도로명전체주소","도로명우편번호","사업장명","최종수정시점","데이터갱신구분","데이터갱신일자","업태구분명","좌표정보x(epsg5174)","좌표정보y(epsg5174)","보유자격증명","국비지원여부","담당직원내용","삭제일자",
"1","요양보호사교육기관","11_49_01_P","6530000","202365300000040001-20230829","2023-08-29","","01","영업/정상","0","운영","","","","","0335327809","","","강원특별자치도 동해시 천곡동 1078-4 정현빌딩","강원특별자치도 동해시 천곡로 56, 정현빌딩 4층 (천곡동)","","이레요양보호사교육원","2025-09-22 14:06:02","U","2025-09-24 02:40:00","","","","","","","",
"2","요양보호사교육기관","11_49_01_P","6530000","202165300000040007-20210730","2021-07-30","","01","영업/정상","0","운영","","","","","","","","강원특별자치도 원주시 개운동 396-24","강원특별자치도 원주시 행구로 14-2, 은아빌딩 3층 (개운동)","","온맘터치 원주요양보호사교육원","2023-08-16 16:06:39","U","2025-03-12 02:40:00","","","","","","","",
"3","요양보호사교육기관","11_49_01_P","6530000","201165300000040046-20110214","2011-02-14","","01","영업/정상","0","운영","","","","","","","","강원특별자치도 춘천시 운교동 174-4","강원특별자치도 춘천시 금강로 114, 4층(운교동)","","희망요양보호사교육원","2023-11-17 09:53:34","U","2025-03-12 02:40:00","","","","","","","",
"4","요양보호사교육기관","11_49_01_P","6530000","202465300000040005-20240925","2024-09-25","","01","영업/정상","0","운영","","","","","","","","강원특별자치도 속초시 조양동 1034-4 조양동제일프라자 505호","강원특별자치도 속초시 동해대로 4024, 조양동제일프라자 505호 (조양동)","51210","설빛요양보호사교육원","2025-03-18 13:36:34","U","2025-03-20 02:40:00","","339623.798653472","522007.571747617","","","","",
"5","요양보호사교육기관","11_49_01_P","6530000","201765300000040001-20171124","2017-11-24","","01","영업/정상","0","운영","","","","","0332640016","","","강원특별자치도 춘천시 석사동 664번지","강원특별자치도 춘천시 후석로 44, 2층 (석사동)","","춘천다사랑요양보호사교육원","2024-01-12 09:29:53","U","2025-03-12 02:40:00","","","","","","","",
"6","요양보호사교육기관","11_49_01_P","6530000","202465300000040004-20240618","2024-06-18","","01","영업/정상","0","운영","","","","","","","","강원특별자치도 영월군 영월읍 하송리 산 55번지 세경대학","강원특별자치도 영월군 영월읍 하송로 197, 세경대학 3층","51750","세경대학교 요양보호사교육원","2025-09-01 10:33:28","U","2025-09-03 02:40:00","","328995.295721148","409063.213320207","","","","",
"7","요양보호사교육기관","11_49_01_P","6530000","202465300000040001-20240409","2024-04-09","","01","영업/정상","0","운영","","","","","","","","강원특별자치도 홍천군 홍천읍 희망리 332-26","강원특별자치도 홍천군 홍천읍 신장대로 46, 3층","51720","홍천요양보호사교육원","2025-06-11 16:19:05","U","2025-06-13 02:40:00","","277664.820588455","465667.009213842","","","","",
"8","요양보호사교육기관","11_49_01_P","6530000","201465300000040002-20140527","2014-05-27","","01","영업/정상","0","운영","","","","","","","","강원특별자치도 속초시 교동 881-1","강원특별자치도 속초시 청대로 347, 4층 (교동)","51210","메디컬간호학원부설 요양보호사교육원","2024-03-22 15:16:18","U","2025-03-12 02:40:00","","337630.117437748","522791.03139868","","","","",
"9","요양보호사교육기관","11_49_01_P","6530000","201365300000040004-20130731","2013-07-31","","01","영업/정상","0","운영","","","","","0337614578","","","강원특별자치도 원주시 단구동 1511-1","강원특별자치도 원주시 서원대로 392, 스타프라자 4층,6층 (단구동)","51130","사랑간호학원부설 요양보호사교육원","2024-04-24 13:09:10","U","2025-03-12 02:40:00","","283987.58688959","425866.809060317","","","","",
"10","요양보호사교육기관","11_49_01_P","6530000","202165300000040009-20211117","2021-11-17","","01","영업/정상","0","운영","","","","","0334412141","","","강원특별자치도 화천군 화천읍 아리 244-30","강원특별자치도 화천군 화천읍 산수화로1길 22-9, 2층","","동행요양보호사교육원","2024-02-21 13:22:11","U","2025-03-12 02:40:00","","","","","","","",
"11","요양보호사교육기관","11_49_01_P","6530000","202265300000040001-20220113","2022-01-13","","01","영업/정상","0","운영","","","","","","","","강원특별자치도 원주시 관설동 1493-5","강원특별자치도 원주시 치악로 1535, 4층(관설동)","","우리마더요양보호사교육원","2025-08-08 10:52:53","U","2025-08-10 02:40:00","","","","","","","",
"12","요양보호사교육기관","11_49_01_P","6530000","202565300000040006-20250812","2025-08-12","","01","영업/정상","0","운영","","","","","","","","강원특별자치도 태백시 황지동 266-38","강원특별자치도 태백시 황지로 212-1, 1층 (황지동)","51190","청담요양보호사교육원","2025-08-12 17:59:53","I","2025-08-14 00:20:43","","376475.604499874","410130.588898907","","","","",
"13","요양보호사교육기관","11_49_01_P","6530000","202565300000040005-20250723","2025-07-23","","01","영업/정상","0","운영","","","","","","","","강원특별자치도 홍천군 홍천읍 신장대리 49-3 미진타워 402호","강원특별자치도 홍천군 홍천읍 홍천로 372, 미진타워 4층 2호","51720","고려요양보호사교육원 홍천점","2025-07-23 09:22:24","I","2025-07-25 00:20:02","","278139.495369835","465572.332691707","","","","",
"14","요양보호사교육기관","11_49_01_P","6530000","202565300000040008-20250904","2025-09-04","","01","영업/정상","0","운영","","","","","","","","강원특별자치도 평창군 평창읍 하리 58-50","강원특별자치도 평창군 평창읍 문화길 66-3, 4층","","아리요양보호사교육원","2025-09-04 09:22:09","I","2025-09-06 00:20:02","","","","","","","",
"15","요양보호사교육기관","11_49_01_P","6530000","202565300000040003-20250225","2025-02-25","","01","영업/정상","0","운영","","","","","0332445960","","","강원특별자치도 춘천시 효자동 622-4","강원특별자치도 춘천시 백령로 153, 3층 (효자동)","","명성협동조합1호 요양보호사교육원","2025-09-22 14:21:16","I","2025-09-24 00:20:11","","","","","","","",
"16","요양보호사교육기관","11_49_01_P","6530000","202565300000040007-20250822","2025-08-22","","01","영업/정상","0","운영","","","","","","","","강원특별자치도 춘천시 퇴계동 631-3","강원특별자치도 춘천시 영서로 2261, 4층 (퇴계동)","51110","선한요양보호사교육원","2025-08-22 20:22:53","I","2025-08-24 00:20:40","","263546.219540296","484833.369695126","","","","",
"17","요양보호사교육기관","11_49_01_P","6530000","202565300000040009-20250908","2025-09-08","","01","영업/정상","0","운영","","","","","0332445960","","","강원특별자치도 춘천시 우두동 1053-7","강원특별자치도 춘천시 신흥길5번길 4 (우두동)","","(주)명성그룹요양보호사교육원","2025-09-08 14:48:34","I","2025-09-10 00:20:53","","","","","","","",
"18","요양보호사교육기관","11_49_01_P","6530000","202565300000040004-20250618","2025-06-18","","01","영업/정상","0","운영","","","","","","","","강원특별자치도 원주시 개운동 396-24","강원특별자치도 원주시 행구로 14-2, 3층 (개운동)","51130","온맘터치원주요양보호사교육원","2025-06-17 18:31:21","I","2025-06-19 00:20:02","","284769.606262634","426972.060367003","","","","",
"19","요양보호사교육기관","11_49_01_P","6530000","202565300000040001-20250107","2025-01-07","","01","영업/정상","0","운영","","","","","0336100101","","","강원특별자치도 강릉시 홍제동 1009번지","강원특별자치도 강릉시 공제로 357, 강릉영동대학미래융합교육관 3층 (홍제동)","","강릉영동대학교 부설 요양보호사교육원","2025-03-20 14:38:58","I","2025-03-22 00:10:24","","","","","","","",
"20","요양보호사교육기관","11_49_01_P","6530000","202565300000040001-20250225","2025-02-25","","01","영업/정상","0","운영","","","","","0332445960","","","강원특별자치도 춘천시 효자동 622-4","강원특별자치도 춘천시 백령로 153, 3층 (효자동)","","명성협동조합1호 요양보호사교육원","2025-02-27 10:54:48","U","2025-03-12 02:40:00","","","","","","","",
"21","요양보호사교육기관","11_49_01_P","6530000","202465300000040006-20241120","2024-11-20","","01","영업/정상","0","운영","","","","","0336471255","","","강원특별자치도 강릉시 포남동 898-21","강원특별자치도 강릉시 용지각길 20, 3층 (포남동)","","강릉요양보호사교육원","2025-03-21 17:10:35","U","2025-03-23 02:40:00","","","","","","","",
"22","요양보호사교육기관","11_49_01_P","6530000","202465300000040007-20241212","2024-12-12","","01","영업/정상","0","운영","","","","","0334614610","","","강원특별자치도 인제군 인제읍 상동리 374-3","강원특별자치도 인제군 인제읍 인제로 213, 3층","","백담 요양보호사교육원","2025-07-29 09:09:24","U","2025-07-31 02:40:00","","","","","","","",
"23","요양보호사교육기관","11_49_01_P","6530000","201865300000040005-20181114","2018-11-14","","01","영업/정상","0","운영","","","","","0334520125","","","강원특별자치도 철원군 갈말읍 신철원리 682-15","강원특별자치도 철원군 갈말읍 삼부연로 21","51780","신철원요양보호사교육원","2018-11-14 15:17:42","I","2025-03-12 00:10:35","","227132.583939774","515906.924438717","","","","",
"24","요양보호사교육기관","11_49_01_P","6530000","201165300000040028-20110215","2011-02-15","","01","영업/정상","0","운영","","","","","0335350053","","","강원특별자치도 동해시 천곡동   801-2","강원특별자치도 동해시 한섬로 61-13 (천곡동)","","동해요양보호사교육원","2022-03-15 16:43:26","I","2025-03-12 00:10:35","","386677.971190158","448506.534898215","","","","",
"25","요양보호사교육기관","11_49_01_P","6530000","201265300000040050-20120109","2012-01-09","","01","영업/정상","0","운영","","","","","0335720242","","","강원특별자치도 삼척시 남양동 335번지 7호  301호","강원특별자치도 삼척시 남양안길 21-6, 3층 301호 (남양동)","51230","삼척요양보호사교육원","2014-02-17 14:26:27","I","2025-03-12 00:10:35","","392025.748804947","440239.130692304","","","","",
"26","요양보호사교육기관","11_49_01_P","6530000","202065300000040001-20200324","2020-03-24","","01","영업/정상","0","운영","","","","","0333432121","","","강원특별자치도 횡성군 횡성읍 읍하리 556-5","강원특별자치도 횡성군 횡성읍 중앙로 12, 2층","","고려요양보호사교육원","2022-02-25 16:15:37","I","2025-03-12 00:10:35","","","","","","","",
"27","요양보호사교육기관","11_49_01_P","6530000","202165300000040001-20210120","2021-01-20","","01","영업/정상","0","운영","","","","","","","","강원특별자치도 원주시 태장동 1373-4","강원특별자치도 원주시 흥양로51번길 9 (태장동)","51130","고려요양보호사교육원 원주점","2021-01-20 14:26:54","I","2025-03-12 00:10:35","","284315.850635371","431816.102614725","","","","",
"28","요양보호사교육기관","11_49_01_P","6530000","201465300000040004-20140819","2014-08-19","","01","영업/정상","0","운영","","","","","0339006090","","","강원특별자치도 원주시 명륜동 26번지 남부시장 67~71호","강원특별자치도 원주시 치악로 1803, 남부시장 2층 67~71호(명륜동)","51130","패밀리 요양보호사교육원","2022-05-02 10:50:02","I","2025-03-12 00:10:35","","284505.128476342","427202.926014401","","","","",
"29","요양보호사교육기관","11_49_01_P","6530000","202165300000040003-20210303","2021-03-03","","01","영업/정상","0","운영","","","","","","","","강원특별자치도 원주시 반곡동 1476번지","강원특별자치도 원주시 반곡길 62 (반곡동)","51130","원주중앙요양보호사교육원","2021-03-03 10:29:58","I","2025-03-12 00:10:35","","285517.480987238","426581.555026328","","","","",
"30","요양보호사교육기관","11_49_01_P","6530000","202165300000040004-20210421","2021-04-21","","01","영업/정상","0","운영","","","","","0335622446","","","강원특별자치도 정선군 정선읍 애산리 432-202 정선군업무지원센터 1호","강원특별자치도 정선군 정선읍 녹송4길 71, 정선군업무지원센터 1동","","정선요양보호사교육원","2025-03-26 15:43:00","U","2025-03-28 02:40:00","","","","","","","",
"31","요양보호사교육기관","11_49_01_P","6530000","202265300000040003-20220525","2022-05-25","","01","영업/정상","0","운영","","","","","","","","강원특별자치도 평창군 진부면 하진부리 102-2","강원특별자치도 평창군 진부면 진부중앙로 68, 4층","","MBC아카데미 요양보호사교육원 진부","2022-05-25 11:12:24","I","2025-03-12 00:10:35","","","","","","","",
"32","요양보호사교육기관","11_49_01_P","6530000","201165300000040037-20110214","2011-02-14","","01","영업/정상","0","운영","","","","","0337452603","","","강원특별자치도 원주시 단계동   868번지 3호","강원특별자치도 원주시 장미공원길 71-12 (단계동)","","원주간호학원부설 요양보호사교육원","2023-03-09 10:07:43","I","2025-03-12 00:10:35","","282345.797596095","427460.539952419","","","","",
"33","요양보호사교육기관","11_49_01_P","6530000","201165300000040018-20110215","2011-02-15","","01","영업/정상","0","운영","","","","","0332418480","","","강원특별자치도 춘천시 효자2동   655번지 10호","강원특별자치도 춘천시 춘천로 169, 7층 (운교동)","51110","춘천메디칼요양보호사교육원","2017-01-26 15:02:34","I","2025-03-12 00:10:35","","264548.94292891","486220.65930174","","","","",
"34","요양보호사교육기관","11_49_01_P","6530000","202165300000040002-20210204","2021-02-04","","01","영업/정상","0","운영","","","","","","","","강원특별자치도 원주시 무실동 1855-2","강원특별자치도 원주시 능라동길 48-1 (무실동)","","무실요양보호사교육원","2023-11-24 09:51:58","U","2025-03-12 02:40:00","","","","","","","",
"35","요양보호사교육기관","11_49_01_P","6530000","201365300000040003-20130523","2013-05-23","","01","영업/정상","0","운영","","","","","0336511800","","","강원특별자치도 강릉시 포남동 1135번지 7호","강원특별자치도 강릉시 경강로 2203 (포남동)","","강릉직업요양보호사교육원","2025-02-06 16:23:12","U","2025-03-12 02:40:00","","367792.075576691","474944.790148688","","","","",
"36","요양보호사교육기관","11_49_01_P","6530000","201165300000040006-20110214","2011-02-14","","03","폐업","1","폐지","2024-03-14","","","","0333713000","","","강원특별자치도 영월군 영월읍 하송리  57번지 세경대학","강원특별자치도 영월군 영월읍 하송로 197","","세경대학교 부설 요양보호사교육원","2023-08-30 18:10:04","U","2025-03-12 02:40:00","","","","","","","",
"37","요양보호사교육기관","11_49_01_P","6530000","202365300000040002-20230830","2023-08-30","","03","폐업","1","폐지","2025-02-07","","","","0332445960","","","강원특별자치도 춘천시 효자동 622-4","강원특별자치도 춘천시 백령로 153, 3층 (효자동)","","명성요양보호사교육원","2024-02-22 09:22:10","U","2025-03-12 02:40:00","","","","","","","",
"38","요양보호사교육기관","11_49_01_P","6530000","201965300000040003-20191010","2019-10-10","","03","폐업","1","폐지","2023-08-16","","","","0336418873","","","강원특별자치도 강릉시 옥천동 156-1","강원특별자치도 강릉시 옥가로 5, 동형빌딩 4층 (옥천동)","","강릉메디컬간호학원 부설 요양보호사교육원","2023-08-16 16:39:43","U","2025-03-12 02:40:00","","","","","","","",
"39","요양보호사교육기관","11_49_01_P","6530000","202265300000040002-20220210","2022-02-10","","03","폐업","1","폐지","2023-07-28","","","","0332445960","","","강원특별자치도 춘천시 우두동 1053-7","강원특별자치도 춘천시 신흥길5번길 4, 2층(우두동)","","명성그룹요양보호사교육원","2023-08-01 08:56:48","U","2025-03-12 02:40:00","","","","","","","",
"40","요양보호사교육기관","11_49_01_P","6530000","201865300000040001-20180123","2018-01-23","","03","폐업","1","폐지","2023-07-31","","","","0335327805","","","강원특별자치도 동해시 천곡동 1078-4 정현빌딩 403호","강원특별자치도 동해시 천곡로 56, 정현빌딩 4층 403호 (천곡동)","","동해플러스 요양보호사교육원","2023-08-02 18:39:58","U","2025-03-12 02:40:00","","","","","","","",
"41","요양보호사교육기관","11_49_01_P","6530000","201465300000040005-20141201","2014-12-01","","03","폐업","1","폐지","2022-04-13","","","","0332644067","","","강원특별자치도 춘천시 칠전동 588-7","강원특별자치도 춘천시 칠전서길 34 (칠전동)","","춘천효도요양보호사교육원","2023-08-29 07:17:23","U","2025-03-12 02:40:00","","","","","","","",
"42","요양보호사교육기관","11_49_01_P","6530000","202465300000040003-20240612","2024-06-12","","03","폐업","1","폐지","2024-06-14","","","","","","","강원특별자치도 영월군 영월읍 하송리 산 55번지 세경대학","강원특별자치도 영월군 영월읍 하송로 197, 세경대학 3층","51750","세경요양보호사교육원","2024-06-12 13:33:07","U","2025-03-12 02:40:00","","328995.295721148","409063.213320207","","","","",
"43","요양보호사교육기관","11_49_01_P","6530000","202465300000040002-20240415","2024-04-15","","03","폐업","1","폐지","2025-08-18","","","","0332445960","","","강원특별자치도 춘천시 우두동 1053-7","강원특별자치도 춘천시 신흥길5번길 4 (우두동)","","주식회사 명성그룹요양보호사교육원","2025-08-21 22:00:01","U","2025-08-23 02:40:00","","","","","","","",
"44","요양보호사교육기관","11_49_01_P","6530000","202565300000040002-20250107","2025-01-07","","03","폐업","1","폐지","2025-08-11","","","","0335419907","","","강원특별자치도 삼척시 도계읍 도계리 407-10","강원특별자치도 삼척시 도계읍 도계로 264-27","51230","강원글로벌요양보호사교육원","2025-08-11 13:10:53","U","2025-08-13 02:40:00","","381473.436666165","416560.175492563","","","","",
"45","요양보호사교육기관","11_49_01_P","6530000","201165300000040038-20110215","2011-02-15","","03","폐업","1","폐지","2011-11-15","","","","0337476788","","","강원특별자치도 원주시 관설동   1689-15","강원특별자치도 원주시 라옹정길 37-12 (관설동)","51130","원주요양보호사교육원","2011-10-30 16:51:05","I","2025-03-12 00:10:35","","285252.74","424565.525","","","","",
"46","요양보호사교육기관","11_49_01_P","6530000","201165300000040013-20110214","2011-02-14","","03","폐업","1","폐지","2012-01-09","","","","0335720242","","","강원특별자치도 삼척시 남양동   7번지 88호","강원특별자치도 삼척시 척주로 59 (남양동)","51230","삼척요양보호사교육원","2011-10-30 17:25:52","I","2025-03-12 00:10:35","","391566.727295979","440202.410286744","","","","",
"47","요양보호사교육기관","11_49_01_P","6530000","201165300000040012-20110215","2011-02-15","","03","폐업","1","폐지","2017-12-11","","","","0336390186","","","강원특별자치도 고성군 토성면 봉포리 산 91번지 1호 경동대학교","강원특별자치도 고성군 토성면 봉포4길 46","","경동대학교부설요양보호사교육원","2017-12-12 11:16:07","I","2025-03-12 00:10:35","","","","","","","",
"48","요양보호사교육기관","11_49_01_P","6530000","201165300000040005-20110214","2011-02-14","","03","폐업","1","폐지","2022-09-23","","","","0333401042","","","강원특별자치도 횡성군 횡성읍 남산리 송호대학  66번지 송호관 3층 1305호","강원특별자치도 횡성군 횡성읍 남산로 210 (송호관 3층 1305호)","","송호대학부설요양보호사교육원","2022-09-23 17:54:28","I","2025-03-12 00:10:35","","288599.447606907","441540.943912191","","","","",
"49","요양보호사교육기관","11_49_01_P","6530000","201165300000040008-20110214","2011-02-14","","03","폐업","1","폐지","2014-11-12","","","","0335347744","","","강원특별자치도 동해시 천곡동   1029번지 7호","강원특별자치도 동해시 한섬로 92 (천곡동)","51170","이레요양보호사교육원","2013-10-21 14:54:32","I","2025-03-12 00:10:35","","386811.55768729","448559.898216445","","","","",
"50","요양보호사교육기관","11_49_01_P","6530000","201565300000040001-20150406","2015-04-06","","03","폐업","1","폐지","2017-01-01","","","","","","","","강원특별자치도 강릉시 경강로 2157 (홍제동)","51150","강릉간호학원 부설 요양보호사교육원","2015-04-06 10:47:01","I","2025-03-12 00:10:35","","367471.779111385","474631.614462624","","","","",
"51","요양보호사교육기관","11_49_01_P","6530000","201665300000040001-20160125","2016-01-25","","03","폐업","1","폐지","2022-07-18","","","","0334526332","","","강원특별자치도 철원군 철원읍 화지리 69-5 산호마트","강원특별자치도 철원군 철원읍 금학로291번길 35, 산호마트","","돌보미요양보호사 교육원","2022-09-23 17:56:06","I","2025-03-12 00:10:35","","","","","","","",
"52","요양보호사교육기관","11_49_01_P","6530000","201665300000040002-20160128","2016-01-28","","03","폐업","1","폐지","2017-10-20","","","","0332445960","","","강원특별자치도 춘천시 우두동 1053번지 7호","강원특별자치도 춘천시 신흥길5번길 4 (우두동)","","춘천명성요양보호사교육원","2017-03-31 13:20:08","I","2025-03-12 00:10:35","","263932.280985779","488828.511292048","","","","",
"53","요양보호사교육기관","11_49_01_P","6530000","201865300000040002-20180425","2018-04-25","","03","폐업","1","폐지","2019-12-06","","","","0332427226","","","강원특별자치도 춘천시 퇴계동 392-63","강원특별자치도 춘천시 퇴계로 92, 3층 (퇴계동)","","그린요양보호사교육원","2019-05-21 17:14:32","I","2025-03-12 00:10:35","","","","","","","",
"54","요양보호사교육기관","11_49_01_P","6530000","201865300000040003-20180725","2018-07-25","","03","폐업","1","폐지","2019-12-06","","","","0332445960","","","강원특별자치도 춘천시 우두동 1053-7","강원특별자치도 춘천시 신흥길5번길 4, 3층 (우두동)","","(주)명성그룹요양보호사교육원","2019-12-20 14:35:41","I","2025-03-12 00:10:35","","","","","","","",
"55","요양보호사교육기관","11_49_01_P","6530000","201865300000040004-20181030","2018-10-30","","03","폐업","1","폐지","2022-11-30","","","","0336389987","","","강원특별자치도 속초시 조양동 1521-1","강원특별자치도 속초시 동해대로 4063 (조양동)","","다온 간호학원 부설 요양보호사 교육원","2022-12-01 15:16:15","I","2025-03-12 00:10:35","","","","","","","",
"56","요양보호사교육기관","11_49_01_P","6530000","201965300000040001-20190123","2019-01-23","","03","폐업","1","폐지","2022-04-19","","","","0336426423","","","강원특별자치도 강릉시 옥천동 267번지","강원특별자치도 강릉시 경강로 2165 (옥천동)","","강릉간호직업전문학원 부설 요양보호사교육원","2022-04-19 21:02:46","I","2025-03-12 00:10:35","","","","","","","",
"57","요양보호사교육기관","11_49_01_P","6530000","201965300000040002-20190718","2019-07-18","","03","폐업","1","폐지","2023-03-17","","","","0332445960","","","강원특별자치도 춘천시 효자동 622-4","강원특별자치도 춘천시 백령로 153, 3층 (효자동)","","명성협동조합요양보호사교육원","2023-03-28 17:33:34","I","2025-03-12 00:10:35","","","","","","","",
"58","요양보호사교육기관","11_49_01_P","6530000","201165300000040016-20110215","2011-02-15","","03","폐업","1","폐지","2013-01-17","","","","0337478734","","","강원특별자치도 원주시 학성동   96번지 4호 우용빌딩 6층","강원특별자치도 원주시 천사로 264 (학성동)","51130","부승니드유원주요양보호사교육원","2011-10-30 17:20:54","I","2025-03-12 00:10:35","","284314.013671104","428384.47854826","","","","",
"59","요양보호사교육기관","11_49_01_P","6530000","201165300000040039-20110215","2011-02-15","","03","폐업","1","폐지","2022-07-31","","","","0336325655","","","강원특별자치도 속초시 교동   665번지 4호","강원특별자치도 속초시 중앙로 25 (교동)","","대한요양보호사교육원","2022-07-26 20:23:05","I","2025-03-12 00:10:35","","","","","","","",
"60","요양보호사교육기관","11_49_01_P","6530000","201165300000040002-20110520","2011-05-20","","03","폐업","1","폐지","2012-10-15","","","","0332412660","","","강원특별자치도 춘천시 효자동   682번지 8호 3층","강원특별자치도 춘천시 춘천로67번길 3 (효자동,3층)","51110","강원요양보호사교육원","2013-07-25 15:30:17","I","2025-03-12 00:10:35","","263676.386355856","485578.225259676","","","","",
"61","요양보호사교육기관","11_49_01_P","6530000","201265300000040051-20120229","2012-02-29","","03","폐업","1","폐지","2013-07-31","","","","0337618833","","","강원특별자치도 원주시 단구동 392번지 서원대로","","","사랑평생교육원부설 요양보호사교육원","2013-07-23 16:47:49","I","2025-03-12 00:10:35","","","","","","","",
"62","요양보호사교육기관","11_49_01_P","6530000","201265300000040052-20121015","2012-10-15","","03","폐업","1","폐지","2025-07-21","","","","0332412660","","","강원특별자치도 춘천시 효자동   684번지 7호 3층","강원특별자치도 춘천시 춘천로 70, 3층 (효자동)","51110","강원요양보호사교육원","2025-07-28 15:32:14","U","2025-07-30 02:40:00","","263731.055403713","485564.33137647","","","","",
"63","요양보호사교육기관","11_49_01_P","6530000","201265300000040053-20121228","2012-12-28","","03","폐업","1","폐지","2022-01-19","","","","0334403618","","","강원특별자치도 화천군 간동면   757번지","강원특별자치도 화천군 간동면 간척월명로 88","","제2하나원요양보호사교육원","2022-04-11 17:14:56","I","2025-03-12 00:10:35","","271683.553735843","504190.144458682","","","","",
"64","요양보호사교육기관","11_49_01_P","6530000","201365300000040001-20130102","2013-01-02","","03","폐업","1","폐지","2015-11-06","","","","07082362630","","","강원특별자치도 춘천시 우두동 1052번지 34호","강원특별자치도 춘천시 영서로 2793 (우두동)","51110","(주)명성그룹요양보호사교육원","2015-03-16 15:58:58","I","2025-03-12 00:10:35","","263976.310316081","488824.324967881","","","","",
"65","요양보호사교육기관","11_49_01_P","6530000","201365300000040002-20130314","2013-03-14","","03","폐업","1","폐지","2014-05-27","","","","0335634814","","","강원특별자치도 정선군 정선읍 봉양리 385번지 향교유림회관 지하","강원특별자치도 정선군 정선읍 비봉로 지하 65-1","51770","수호천사 요양보호사교육원","2013-11-21 14:09:06","I","2025-03-12 00:10:35","","347451.294157799","432416.376007622","","","","",
"66","요양보호사교육기관","11_49_01_P","6530000","201465300000040001-20140527","2014-05-27","","03","폐업","1","폐지","2024-12-23","","","","0333320025","","","강원특별자치도 평창군 평창읍 하리 58번지 50호","강원특별자치도 평창군 평창읍 문화길 66-3","","수호천사 요양보호사교육원","2025-03-19 10:28:01","U","2025-03-21 02:40:00","","323388.231724254","430323.60698934","","","","",
"67","요양보호사교육기관","11_49_01_P","6530000","201465300000040003-20140725","2014-07-25","","03","폐업","1","폐지","2025-10-31","","","","","","","강원특별자치도 원주시 일산동 51-14","강원특별자치도 원주시 원일로 121, 3층 (일산동)","","원주간호학원하이엔(주)분원","2025-10-29 16:09:50","U","2025-10-31 02:40:00","","","","","","","",
"68","요양보호사교육기관","11_49_01_P","6530000","202165300000040005-20210625","2021-06-25","","03","폐업","1","폐지","2022-09-15","","","","","","","강원특별자치도 홍천군 홍천읍 갈마곡리 160-6","강원특별자치도 홍천군 홍천읍 공작산로 42","","한림요양보호사교육원","2022-09-12 12:52:57","I","2025-03-12 00:10:35","","","","","","","",
"69","요양보호사교육기관","11_49_01_P","6530000","202165300000040006-20210625","2021-06-25","","03","폐업","1","폐지","2025-07-02","","","","","","","강원특별자치도 홍천군 홍천읍 신장대리 49-3 미진타워 2호","강원특별자치도 홍천군 홍천읍 홍천로 372, 미진타워 4층 2호","","고려요양보호사교육원 홍천점","2025-07-02 17:37:00","U","2025-07-04 02:40:00","","","","","","","",
"70","요양보호사교육기관","11_49_01_P","6530000","202165300000040008-20211109","2021-11-09","","03","폐업","1","폐지","2021-11-09","","","","0334412141","","","강원특별자치도 화천군 화천읍 하리 52-8 일흥빌딩","강원특별자치도 화천군 화천읍 중앙로4길 21-5, 일흥빌딩 5층","","동행요양보호사교육원","2022-08-03 16:17:49","I","2025-03-12 00:10:35","","","","","","","",
"71","요양보호사교육기관","11_49_01_P","6530000","201165300000040044-20110215","2011-02-15","","03","폐업","1","폐지","2013-03-07","","","","07088370949","","","강원특별자치도 춘천시 칠전동   594번지 6호","강원특별자치도 춘천시 칠전서1길 8 (칠전동)","51110","연구요양보호사교육원","2011-10-30 14:41:40","I","2025-03-12 00:10:35","","262767.41","482283.375","","","","",
"72","요양보호사교육기관","11_49_01_P","6530000","201165300000040022-20110214","2011-02-14","","03","폐업","1","폐지","2012-06-29","","","","0332483093","","","강원특별자치도 춘천시 옥천동  1번지 한림대학교","강원특별자치도 춘천시 봉의산길22번길 29 (옥천동,한림대학교)","51110","한림대학교고령사회종합연구원부설요양보호사교육원","2012-08-28 10:10:44","I","2025-03-12 00:10:35","","264548.443504906","487261.17884438","","","","",
"73","요양보호사교육기관","11_49_01_P","6530000","201165300000040035-20110214","2011-02-14","","03","폐업","1","폐지","2012-01-12","","","","0334343255","","","강원특별자치도 홍천군 홍천읍 연봉1리  453번지 8호","강원특별자치도 홍천군 홍천읍 남산강변로5길 6","51720","천사요양보호사교육원","2011-10-30 17:01:55","I","2025-03-12 00:10:35","","277729.307322767","465156.316985736","","","","",
"74","요양보호사교육기관","11_49_01_P","6530000","201165300000040034-20110214","2011-02-14","","03","폐업","1","폐지","2016-12-31","","","","0334520125","","","강원특별자치도 철원군 갈말읍 신철원리  682번지 15호 2층","강원특별자치도 철원군 갈말읍 삼부연로 21 (2층)","51780","철원요양보호사교육원","2012-11-06 18:34:59","I","2025-03-12 00:10:35","","227132.583939774","515906.924438717","","","","",
"75","요양보호사교육기관","11_49_01_P","6530000","201165300000040048-20110215","2011-02-15","","03","폐업","1","폐지","2012-01-14","","","","07082362630","","","강원특별자치도 춘천시 소양로2가   178번지 3호","강원특별자치도 춘천시 소양로 169 (소양로2가)","","명성노인복지센터병설 요양보호사교육원","2013-12-16 11:19:38","I","2025-03-12 00:10:35","","264555.198955845","488532.791607212","","","","",
"76","요양보호사교육기관","11_49_01_P","6530000","201165300000040023-20110215","2011-02-15","","03","폐업","1","폐지","2014-01-14","","","","0332545239","","","강원특별자치도 춘천시 석사동   679번지 1호 3층","강원특별자치도 춘천시 후석로66번길 25 (석사동,3층)","51110","강원보건학원부설요양보호사교육원","2011-12-27 18:39:44","I","2025-03-12 00:10:35","","265523.522575749","484234.002559846","","","","",
"77","요양보호사교육기관","11_49_01_P","6530000","201165300000040010-20110214","2011-02-14","","03","폐업","1","폐지","2014-01-02","","","","0337427571","","","강원특별자치도 원주시 중앙동   122번지","강원특별자치도 원주시 중앙로 83 (중앙동)","51130","밝음요양보호사교육원","2013-06-10 20:50:25","I","2025-03-12 00:10:35","","284226.483296255","427807.605078328","","","","",
"78","요양보호사교육기관","11_49_01_P","6530000","201165300000040014-20110214","2011-02-14","","03","폐업","1","폐지","2018-01-23","","","","0335327805","","","강원특별자치도 동해시 천곡동   1078번지 3호","강원특별자치도 동해시 천곡로 56, 4층 (천곡동)","51170","동해간호학원부설요양보호사교육원","2012-09-10 13:42:42","I","2025-03-12 00:10:35","","386536.785042744","448900.897697686","","","","",
"79","요양보호사교육기관","11_49_01_P","6530000","201165300000040009-20110215","2011-02-15","","03","폐업","1","폐지","2014-05-27","","","","0336315767","","","강원특별자치도 속초시 교동   908번지 10호","강원특별자치도 속초시 만천7길 17 (교동)","51210","속초요양보호사교육원","2011-10-30 17:32:07","I","2025-03-12 00:10:35","","338115.987712668","523142.660585429","","","","",
"80","요양보호사교육기관","11_49_01_P","6530000","201165300000040015-20110214","2011-02-14","","03","폐업","1","폐지","2012-01-13","","","","0332544867","","","강원특별자치도 춘천시 온의동   514번지 대일빌딩 4층","강원특별자치도 춘천시 경춘로 2354 (온의동)","51110","춘천YWCA부설요양보호사교육원","2011-10-30 17:23:17","I","2025-03-12 00:10:35","","263297.231644072","484808.077816798","","","","",
"81","요양보호사교육기관","11_49_01_P","6530000","201165300000040017-20110214","2011-02-14","","03","폐업","1","폐지","2022-10-31","","","","0337300977","","","강원특별자치도 원주시 우산동 660번지 상지대학교","강원특별자치도 원주시 상지대길 83, 상지대학교(우산동)","","상지대학교부설 요양보호사교육원","2022-10-29 16:40:18","I","2025-03-12 00:10:35","","","","","","","",
"82","요양보호사교육기관","11_49_01_P","6530000","201165300000040003-20110214","2011-02-14","","03","폐업","1","폐지","2011-08-26","","","","0336100129","","","강원특별자치도 강릉시 홍제동  1009번지 강릉영동대학","","","강릉영동대학부설요양보호사교육원","2011-05-31 10:34:26","I","2025-03-12 00:10:35","","","","","","","",
"83","요양보호사교육기관","11_49_01_P","6530000","201165300000040011-20110215","2011-02-15","","03","폐업","1","폐지","2024-08-02","","","","0336538898","","","강원특별자치도 강릉시 포남1동   898번지 21호","강원특별자치도 강릉시 용지각길 20 (포남동)","","강릉요양보호사교육원","2025-03-19 10:29:56","U","2025-03-21 02:40:00","","367874.700306367","474912.896808704","","","","",
"84","요양보호사교육기관","11_49_01_P","6530000","201165300000040041-20110214","2011-02-14","","03","폐업","1","폐지","2012-01-09","","","","0336431145","","","강원특별자치도 강릉시 포남1동   1117번지 13호","강원특별자치도 강릉시 강릉대로 317 (포남동)","51150","강릉YWCA여성인력개발센터부설요양보호사교육원","2011-10-30 14:46:29","I","2025-03-12 00:10:35","","367561.485591304","475286.253423978","","","","",
"85","요양보호사교육기관","11_49_01_P","6530000","201165300000040032-20110214","2011-02-14","","03","폐업","1","폐지","2012-03-05","","","","0334619395","","","강원특별자치도 인제군 남면 어론리  576번지 3호","강원특별자치도 인제군 남면 응봉길 26-33","51810","사회복지법인실버홈부설인제요양보호사교육원","2012-08-28 10:05:35","I","2025-03-12 00:10:35","","293618.141447354","491981.27382212","","","","",
"86","요양보호사교육기관","11_49_01_P","6530000","201165300000040027-20110214","2011-02-14","","03","폐업","1","폐지","2014-11-11","","","","0334819992","","","강원특별자치도 양구군 남면 적리","강원특별자치도 양구군 남면 남동로 282","","양구군사회복지협의회부설요양보호사교육원","2014-11-14 09:14:01","I","2025-03-12 00:10:35","","","","","","","",
"87","요양보호사교육기관","11_49_01_P","6530000","201165300000040040-20110215","2011-02-15","","03","폐업","1","폐지","2012-10-26","","","","0332445960","","","강원특별자치도 춘천시 우두동   1053-7","강원특별자치도 춘천시 신흥길5번길 4 (우두동)","","춘천명성요양보호사교육원","2012-08-31 11:30:56","I","2025-03-12 00:10:35","","","","","","","",
"88","요양보호사교육기관","11_49_01_P","6530000","201165300000040036-20110214","2011-02-14","","03","폐업","1","폐지","2012-09-27","","","","0336464321","","","강원특별자치도 강릉시 용강동   29번지 14호 서부시장2층79호","강원특별자치도 강릉시 임영로155번길 6 (용강동)","51150","미래요양보호사교육원","2011-12-30 16:05:59","I","2025-03-12 00:10:35","","366564.34266928","474192.135182166","","","","",
"89","요양보호사교육기관","11_49_01_P","6530000","201165300000040033-20110215","2011-02-15","","03","폐업","1","폐지","2024-02-27","","","","0335506241","","","강원특별자치도 태백시 황지동  439번지 강원관광대학","강원특별자치도 태백시 대학길 97 (황지동,강원관광대학)","","강원관광대부설요양보호사교육원","2022-08-03 13:51:25","I","2025-03-12 00:10:35","","375366.896553026","408426.548493144","","","","",
"90","요양보호사교육기관","11_49_01_P","6530000","201165300000040007-20110215","2011-02-15","","03","폐업","1","폐지","2024-03-22","","","","0334359754","","","강원특별자치도 홍천군 홍천읍 희망리 332-26","강원특별자치도 홍천군 홍천읍 신장대로 46, 2층","51720","홍천간호학원부설요양보호사교육원","2021-10-15 09:02:46","I","2025-03-12 00:10:35","","277664.820588455","465667.009213842","","","","",
"91","요양보호사교육기관","11_49_01_P","6530000","201165300000040043-20110215","2011-02-15","","03","폐업","1","폐지","2011-10-21","","","","0333343317","","","강원특별자치도 평창군 평창읍 천변리  32번지 3호","강원특별자치도 평창군 평창읍 천변길 24-8","51760","대화요양보호사교육원","2011-10-30 14:43:19","I","2025-03-12 00:10:35","","323633.562102988","430282.727714357","","","","",
"92","요양보호사교육기관","11_49_01_P","6530000","201165300000040049-20111030","2011-10-30","","03","폐업","1","폐지","2022-07-31","","","","0336325655","","","강원특별자치도 속초시 교동   665번지 4호","강원특별자치도 속초시 중앙로 25 (교동)","","대한요양보호사교육원","2022-07-26 20:23:25","I","2025-03-12 00:10:35","","","","","","","",
"93","요양보호사교육기관","11_49_01_P","6530000","201165300000040024-20110214","2011-02-14","","03","폐업","1","폐지","2023-12-28","","","","0332410829","","","강원특별자치도 춘천시 우두동   410번지 25호","강원특별자치도 춘천시 충열로 62 (우두동)","","계명요양보호사교육원","2023-12-28 14:08:57","U","2025-03-12 02:40:00","","264554.513252214","488789.426904602","","","","",
"94","요양보호사교육기관","11_49_01_P","6530000","201165300000040047-20110214","2011-02-14","","02","휴업","2","휴지","","2020-01-01","","","0333442700","","","강원특별자치도 횡성군 청일면 갑천리  1311번지 3호","강원특별자치도 횡성군 청일면 갑천로 1136","","스마일요양보호사교육원","2019-12-24 17:30:56","I","2025-03-12 00:10:35","","305835.917543086","448921.004969248","","","","",
