"번호","개방서비스명","개방서비스아이디","개방자치단체코드","관리번호","인허가일자","인허가취소일자","영업상태구분코드","영업상태명","상세영업상태코드","상세영업상태명","폐업일자","휴업시작일자","휴업종료일자","재개업일자","소재지전화","소재지면적","소재지우편번호","소재지전체주소","도로명전체주소","도로명우편번호","사업장명","최종수정시점","데이터갱신구분","데이터갱신일자","업태구분명","좌표정보x(epsg5174)","좌표정보y(epsg5174)","비상시설위치","시설구분명","시설명건물명","해제일자",
"1","민방위급수시설","11_46_01_P","4181000","4181000-E199600001","1996-08-07","","01","영업/정상","18","사용중","","","","","","200","","강원특별자치도 춘천시 근화동 282번지 5호","강원특별자치도 춘천시 방송길36번길 73-10 (근화동)","24360","테마모텔","2025-04-02 16:18:38","U","2025-04-04 02:40:00","","262955.386369187","485881.730147807","강원특별자치도 춘천시 근화동 282번지 5호","공공용시설","테마모텔","",
"2","민방위급수시설","11_46_01_P","4181000","4181000-E200800001","2008-04-16","","01","영업/정상","18","사용중","","","","","","210","","강원특별자치도 춘천시 교동 153번지","강원특별자치도 춘천시 삭주로 77 (교동, 춘천성심병원)","24253","한림대학교춘천성심병원","2025-04-02 16:23:03","U","2025-04-04 02:40:00","","264995.790705309","487048.050495199","강원특별자치도 춘천시 교동 153번지","공공용시설","한림대학교춘천성심병원","",
"3","민방위급수시설","11_46_01_P","4181000","4181000-E201700001","2017-03-09","","01","영업/정상","18","사용중","","","","","","500","","강원특별자치도 춘천시 삼천동 300번지 3호","강원특별자치도 춘천시 스포츠타운길 376 (삼천동, 춘천베어스타운관광호텔)","24239","춘천베어스관광호텔","2025-08-12 10:09:10","U","2025-08-17 02:40:00","","261426.409291116","485603.420620416","강원특별자치도 춘천시 삼천동 300번지 3호","공공용시설","춘천베어스관광호텔","",
"4","민방위급수시설","11_46_01_P","4181000","4181000-E199600005","2004-06-17","","01","영업/정상","18","사용중","","","","","","220","","강원특별자치도 춘천시 퇴계동 1155번지","강원특별자치도 춘천시 우묵들길 24 (퇴계동)","24367","대한스포렉스","2025-04-02 16:20:35","U","2025-04-04 02:40:00","","263708.146153108","485107.143480244","강원특별자치도 춘천시 퇴계동 1155번지","공공용시설","대한스포렉스","",
"5","민방위급수시설","11_46_01_P","4181000","4181000-E199100003","1991-06-23","","01","영업/정상","18","사용중","","","","","","100","","강원특별자치도 춘천시 석사동 37번지","강원특별자치도 춘천시 세실로 100-12 (석사동)","24315","영사우나","2025-04-02 16:16:22","U","2025-04-04 02:40:00","","266752.417280968","485104.103457286","강원특별자치도 춘천시 석사동 37번지","공공용시설","영사우나","",
"6","민방위급수시설","11_46_01_P","4181000","4181000-E201300002","2013-05-16","","01","영업/정상","18","사용중","","","","","","150","","강원특별자치도 춘천시 동면 36번지","강원특별자치도 춘천시 동면 장학길 24 (강원고등학교)","24210","강원고등학교(식당 인근)","2025-04-02 15:47:52","U","2025-04-04 02:40:00","","266490.215589284","488429.28879245","강원특별자치도 춘천시 동면 36번지","공공용시설","강원고등학교(식당 인근)","",
"7","민방위급수시설","11_46_01_P","4181000","4181000-E200400004","2004-01-01","","01","영업/정상","18","사용중","","","","","","187","","강원특별자치도 춘천시 신북읍 473번지 2호","강원특별자치도 춘천시 신북읍 장본길 74 (오동초등학교)","24203","오동초등학교","2025-09-30 10:20:10","U","2025-10-02 02:40:00","","266563.974012095","494598.409614765","강원특별자치도 춘천시 신북읍 473번지 2호","공공용시설","오동초등학교","",
"8","민방위급수시설","11_46_01_P","4181000","4181000-E202300001","2023-04-03","","01","영업/정상","18","사용중","","","","","","3024","","강원특별자치도 춘천시 죽림동 11-9","강원특별자치도 춘천시 약사고개길 15-1 (죽림동)","24355","천호장","2025-08-12 10:13:40","U","2025-08-17 02:40:00","","263814.724440574","486305.179917905","강원특별자치도 춘천시 죽림동 11-9","공공용시설","천호장","",
"9","민방위급수시설","11_46_01_P","4181000","4181000-E202300003","2023-04-03","","01","영업/정상","18","사용중","","","","","","1800","","강원특별자치도 춘천시 효자동 312-1","강원특별자치도 춘천시 공지로 270 (효자동)","24342","베드로병원","2025-07-30 11:31:47","U","2025-08-01 02:40:00","","264636.115691457","485077.929690747","강원특별자치도 춘천시 효자동 312-1","공공용시설","베드로병원","",
"10","민방위급수시설","11_46_01_P","4181000","4181000-E202300002","2023-04-03","","01","영업/정상","18","사용중","","","","","","3024","","강원특별자치도 춘천시 우두동 765-5 한국농어촌공사강원지역본부","강원특별자치도 춘천시 사우4길 18, 한국농어촌공사강원지역본부 (우두동)","24226","한국농어촌공사 강원지역본부","2025-09-30 10:28:51","U","2025-10-02 02:40:00","","263936.72598466","489388.798657856","강원특별자치도 춘천시 우두동 765-5 한국농어촌공사강원지역본부","공공용시설","한국농어촌공사 강원지역본부","",
"11","민방위급수시설","11_46_01_P","4181000","4181000-E200800007","2008-03-13","","01","영업/정상","18","사용중","","","","","","800","","강원특별자치도 춘천시 남산면 백양리 29번지 1호","강원특별자치도 춘천시 남산면 북한강변길 688-0","","엘리시안강촌","2025-04-02 16:28:15","U","2025-04-04 02:40:00","","251021.728216938","480612.913126754","강원특별자치도 춘천시 남산면 백양리 29번지 1호","공공용시설","엘리시안강촌","",
"12","민방위급수시설","11_46_01_P","4181000","4181000-E200800003","2008-11-12","","01","영업/정상","18","사용중","","","","","","130","","강원특별자치도 춘천시 후평동 529번지 12호","강원특별자치도 춘천시 한림대학길 1 (후평동)","24252","한림대학교(학생생활관)","2025-07-30 11:24:34","U","2025-08-01 02:40:00","","265085.354422916","487237.55300467","강원특별자치도 춘천시 후평동 529번지 12호","공공용시설","한림대학교(학생생활관)","",
"13","민방위급수시설","11_46_01_P","4181000","4181000-E201300001","2013-05-16","","01","영업/정상","18","사용중","","","","","","150","","강원특별자치도 춘천시 동면 36번지","강원특별자치도 춘천시 동면 장학길 24 (강원고등학교)","24210","강원고등학교(행정실)","2025-09-30 10:22:36","U","2025-10-02 02:40:00","","266490.215589284","488429.28879245","강원특별자치도 춘천시 동면 36번지","공공용시설","강원고등학교(행정실)","",
"14","민방위급수시설","11_46_01_P","4181000","4181000-E200800002","2008-04-17","","01","영업/정상","18","사용중","","","","","","260","","강원특별자치도 춘천시 후평동 671번지","강원특별자치도 춘천시 한림대학길 1 (후평동)","24252","한림대학교(운동장)","2025-09-30 10:21:10","U","2025-10-02 02:40:00","","264951.924600417","487442.362080676","강원특별자치도 춘천시 후평동 671번지","공공용시설","한림대학교(운동장)","",
"15","민방위급수시설","11_46_01_P","4181000","4181000-E199600004","1996-01-01","","01","영업/정상","18","사용중","","","","","","100","","강원특별자치도 춘천시 석사동 171번지 8호","강원특별자치도 춘천시 스무숲길 4-51 (석사동)","24417","시립양로원","2025-04-02 16:13:55","U","2025-04-04 02:40:00","","265713.451557895","482820.421569114","강원특별자치도 춘천시 석사동 171번지 8호","공공용시설","시립양로원","",
"16","민방위급수시설","11_46_01_P","4181000","4181000-E199400001","1997-07-14","","01","영업/정상","18","사용중","","","","","","200","","강원특별자치도 춘천시 요선동 4번지 9호","강원특별자치도 춘천시 중앙로 16 (요선동)","24270","무림빌딩","2025-04-02 16:17:35","U","2025-04-04 02:40:00","","264031.06629739","487005.67164652","강원특별자치도 춘천시 요선동 4번지 9호","공공용시설","무림빌딩","",
"17","민방위급수시설","11_46_01_P","4181000","4181000-E201400001","2014-02-12","","01","영업/정상","18","사용중","","","","","","1500","","강원특별자치도 춘천시 남산면 서천리 697번지","","","한화호텔앤드리조트(W-2)","2025-08-12 10:05:09","U","2025-08-17 02:40:00","","248680.205068979","482128.943260307","강원특별자치도 춘천시 남산면 서천리 697번지","공공용시설","한화호텔앤드리조트(W-2)","",
"18","민방위급수시설","11_46_01_P","4191000","4191000-E201200001","2012-07-13","","01","영업/정상","18","사용중","","","","","","2300","","강원특별자치도 원주시 흥업면 66번지","강원특별자치도 원주시 흥업면 한라대길 28 (한라대학교)","26404","한라대학교","2025-05-15 09:59:38","U","2025-05-17 02:40:00","","280062.707435473","422524.037659411","강원특별자치도 원주시 흥업면 66번지","공공용시설","한라대학교","",
"19","민방위급수시설","11_46_01_P","4191000","4191000-E200300024","2003-05-27","","01","영업/정상","18","사용중","","","","","","500","","강원특별자치도 원주시 명륜동 547 원주 삼성아파트","강원특별자치도 원주시 예술관길 15 (명륜동, 원주 삼성아파트)","26481","삼성아파트","2025-08-20 17:30:04","U","2025-08-23 02:40:00","","283515.811263785","426087.314281882","강원특별자치도 원주시 명륜동 547 원주 삼성아파트","공공용시설","삼성아파트","",
"20","민방위급수시설","11_46_01_P","4191000","4191000-E200300010","2003-05-12","","01","영업/정상","18","사용중","","","","","","173","","강원특별자치도 원주시 관설동 1279 원주시니어클럽","강원특별자치도 원주시 치악로 1367, 원주시니어클럽 (관설동)","26470","관설시니어클럽","2025-07-29 16:21:14","U","2025-07-31 02:40:00","","286470.687092179","423497.381755949","강원특별자치도 원주시 관설동 1279 원주시니어클럽","정부지원시설","관설시니어클럽","",
"21","민방위급수시설","11_46_01_P","4191000","4191000-E200300011","2003-05-12","","01","영업/정상","18","사용중","","","","","","300","","강원특별자치도 원주시 단구동 1462-4 단구어린이공원","강원특별자치도 원주시 송림길 58-14, 단구어린이공원 (단구동)","26449","체육공원","2025-07-29 16:27:28","U","2025-07-31 02:40:00","","284341.545603129","425790.683008348","강원특별자치도 원주시 단구동 1462-4 단구어린이공원","정부지원시설","체육공원","",
"22","민방위급수시설","11_46_01_P","4191000","4191000-E200300012","2003-05-12","","01","영업/정상","18","사용중","","","","","","300","","강원특별자치도 원주시 단계동 817 평원어린이공원","강원특별자치도 원주시 금불1길 72, 평원어린이공원 (단계동)","26423","평원어린이공원","2025-07-29 16:22:00","U","2025-07-31 02:40:00","","282302.970544078","427937.974013515","강원특별자치도 원주시 단계동 817 평원어린이공원","정부지원시설","평원어린이공원","",
"23","민방위급수시설","11_46_01_P","4191000","4191000-E200300017","2003-05-12","","01","영업/정상","18","사용중","","","","","","200","","강원특별자치도 원주시 개운동 415 원고앞공원","강원특별자치도 원주시 치악로 1765, 원고앞공원 (개운동)","26442","원고앞공원","2025-07-29 16:24:22","U","2025-07-31 02:40:00","","284642.516106547","426714.125449906","강원특별자치도 원주시 개운동 415 원고앞공원","정부지원시설","원고앞공원","",
"24","민방위급수시설","11_46_01_P","4191000","4191000-E202200002","2022-05-02","","01","영업/정상","18","사용중","","","","","","630","","강원특별자치도 원주시 흥업면 매지리 1875 연세대학교","강원특별자치도 원주시 흥업면 연세대길 1, 연세대학교","26493","연세대학교 미래캠퍼스","2025-07-29 16:23:43","U","2025-07-31 02:40:00","","279802.842138498","420075.310262165","강원특별자치도 원주시 흥업면 매지리 1875 연세대학교","공공용시설","연세대학교 미래캠퍼스","",
"25","민방위급수시설","11_46_01_P","4191000","4191000-E200300015","2003-05-12","","01","영업/정상","18","사용중","","","","","","150","","강원특별자치도 원주시 단구동 1474-3 희망어린이공원","강원특별자치도 원주시 치악로1534번길 12-1, 희망어린이공원 (단구동)","26452","희망어린이공원","2025-07-29 16:02:27","U","2025-07-31 02:40:00","","285569.167507745","424799.047771151","강원특별자치도 원주시 단구동 1474-3 희망어린이공원","정부지원시설","희망어린이공원","",
"26","민방위급수시설","11_46_01_P","4191000","4191000-E200300016","2003-05-12","","01","영업/정상","18","사용중","","","","","","150","","강원특별자치도 원주시 봉산동 1196-1 봉산어린이공원","강원특별자치도 원주시 삼광1길 10, 봉산어린이공원 (봉산동)","26331","삼광택지","2025-05-14 13:13:07","U","2025-05-16 02:40:00","","285551.852297584","427172.56760532","강원특별자치도 원주시 봉산동 1196-1 봉산어린이공원","정부지원시설","삼광택지","",
"27","민방위급수시설","11_46_01_P","4191000","4191000-E200300021","2003-05-13","","01","영업/정상","18","사용중","","","","","","100","","강원특별자치도 원주시 관설동 1792-2 관설어린이공원","강원특별자치도 원주시 치악고교길 16, 관설어린이공원 (관설동)","26469","관설소공원","2025-07-29 16:20:22","U","2025-07-31 02:40:00","","284978.355458374","424112.699999913","강원특별자치도 원주시 관설동 1792-2 관설어린이공원","정부지원시설","관설소공원","",
"28","민방위급수시설","11_46_01_P","4191000","4191000-E202200001","2022-05-02","","01","영업/정상","18","사용중","","","","","","100","","강원특별자치도 원주시 행구동 125-2 미래고등학교","강원특별자치도 원주시 고문골길 54, 미래고등학교 (행구동)","26455","미래고등학교","2025-05-14 10:56:34","U","2025-05-16 02:40:00","","289154.571040325","426840.290329633","강원특별자치도 원주시 행구동 125-2 미래고등학교","공공용시설","미래고등학교","",
"29","민방위급수시설","11_46_01_P","4191000","4191000-E200300031","2003-05-27","","01","영업/정상","18","사용중","","","","","","500","","강원특별자치도 원주시 태장동 1040-8 대흥아파트","강원특별자치도 원주시 흥양로 30(태장동, 대흥아파트)","26318","대흥2차아파트","2025-05-14 13:22:27","U","2025-05-16 02:40:00","","284151.577765208","431267.766245716","강원특별자치도 원주시 태장동 1040-8 대흥아파트","공공용시설","대흥2차아파트","",
"30","민방위급수시설","11_46_01_P","4191000","4191000-E199500003","1995-04-21","","01","영업/정상","18","사용중","","","","","","187","","강원특별자치도 원주시 개운동 50-1 상지여자중고등학교","강원특별자치도 원주시 개운4길 25, 상지여자중고등학교 (개운동)","26444","상지여자중고등학교","2025-05-14 13:16:57","U","2025-05-16 02:40:00","","285050.121327526","426880.59660825","강원특별자치도 원주시 개운동 50-1 상지여자중고등학교","공공용시설","상지여자중고등학교","",
"31","민방위급수시설","11_46_01_P","4191000","4191000-E200300018","2003-05-13","","01","영업/정상","18","사용중","","","","","","100","","강원특별자치도 원주시 태장동 2705 태장주공1단지아파트","강원특별자치도 원주시 흥양로51번길 22(태장동, 태장주공1단지아파트)","26313","태장주공1차아파트","2025-07-29 16:28:25","U","2025-07-31 02:40:00","","284476.129037411","431943.559610281","강원특별자치도 원주시 태장동 2705 태장주공1단지아파트","정부지원시설","태장주공1차아파트","",
"32","민방위급수시설","11_46_01_P","4191000","4191000-E200300020","2003-05-13","","01","영업/정상","18","사용중","","","","","","100","","강원특별자치도 원주시 관설동 1751-3 단관공원","강원특별자치도 원주시 단관공원길 63, 단관공원 (관설동)","26472","단관공원","2025-05-14 13:24:02","U","2025-05-16 02:40:00","","284992.875114602","424493.761077752","강원특별자치도 원주시 관설동 1751-3 단관공원","정부지원시설","단관공원","",
"33","민방위급수시설","11_46_01_P","4191000","4191000-E200300025","2003-05-27","","01","영업/정상","18","사용중","","","","","","1120","","강원특별자치도 원주시 명륜동 764번지","강원특별자치도 원주시 서원대로 308-0 (명륜동, 현대아파트)","26479","현대2차아파트","2025-08-20 17:31:00","U","2025-08-23 02:40:00","","283293.224844307","426322.024267602","강원특별자치도 원주시 명륜동 764번지","공공용시설","현대2차아파트","",
"34","민방위급수시설","11_46_01_P","4191000","4191000-E200300027","2003-05-27","","01","영업/정상","18","사용중","","","","","","150","","강원특별자치도 원주시 단구동 1517번지 1호","강원특별자치도 원주시 남원로 524 (단구동, 대림아파트)","26484","구곡대림아파트","2025-05-14 13:19:59","U","2025-05-16 02:40:00","","283893.178971177","425741.191939543","강원특별자치도 원주시 단구동 1517번지 1호","공공용시설","구곡대림아파트","",
"35","민방위급수시설","11_46_01_P","4191000","4191000-E200600001","2006-09-15","","01","영업/정상","18","사용중","","","","","","105","","강원특별자치도 원주시 단계동 592번지","강원특별자치도 원주시 서원대로 33 (단계동)","","농산물도매시장","2025-05-14 13:21:04","U","2025-05-16 02:40:00","","281770.670819768","428480.555243693","강원특별자치도 원주시 단계동 592번지","공공용시설","농산물도매시장","",
"36","민방위급수시설","11_46_01_P","4191000","4191000-E200300013","2003-05-12","","01","영업/정상","18","사용중","","","","","","200","","강원특별자치도 원주시 단계동 909번지","강원특별자치도 원주시 서원대로 234 (단계동, 원주시청소년수련관)","26475","청소년수련관","2025-05-14 13:12:02","U","2025-05-16 02:40:00","","282845.766799583","426943.196173173","강원특별자치도 원주시 단계동 909번지","정부지원시설","청소년수련관","",
"37","민방위급수시설","11_46_01_P","4191000","4191000-E200300014","2003-05-12","","01","영업/정상","18","사용중","","","","","","200","","강원특별자치도 원주시 문막읍 건등리 1718 문막읍 행정복지센터","강원특별자치도 원주시 문막읍 건등로 11, 문막읍 행정복지센터","26370","문막읍 행정복지센터","2025-08-11 10:55:59","U","2025-08-15 02:40:00","","272383.76906574","423701.768229796","강원특별자치도 원주시 문막읍 건등리 1718 문막읍 행정복지센터","정부지원시설","문막읍 행정복지센터","",
"38","민방위급수시설","11_46_01_P","4191000","4191000-E200300023","2003-05-27","","01","영업/정상","18","사용중","","","","","","100","","강원특별자치도 원주시 우산동 307번지 1호","강원특별자치도 원주시 진광길 50 (우산동, 진광중고등학교)","26338","진광중고등학교","2025-07-29 14:36:08","U","2025-07-31 02:40:00","","282891.25127511","430470.059433277","강원특별자치도 원주시 우산동 307번지 1호","공공용시설","진광중고등학교","",
"39","민방위급수시설","11_46_01_P","4201000","4201000-E199700002","1997-07-30","","01","영업/정상","18","사용중","","","","","","254","","강원특별자치도 강릉시 죽헌동 254번지 2호","강원특별자치도 강릉시 율곡로3173번길 11-1 (죽헌동)","210-330","비상급수시설(죽헌마을회관 옆)","2024-02-06 17:33:53","U","2024-02-08 02:40:00","","365421.345917402","477173.268939012","강원특별자치도 강릉시 죽헌동 254번지 2호","정부지원시설","비상급수시설(죽헌마을회관 옆)","",
"40","민방위급수시설","11_46_01_P","4201000","4201000-E201000001","2010-05-14","","01","영업/정상","18","사용중","","","","","","180","","강원특별자치도 강릉시 교동 1891번지 1호","강원특별자치도 강릉시 솔올로5번길 37 (교동)","210-924","비상급수시설(분수공원내)","2025-01-13 17:58:27","U","2025-01-15 02:40:00","","365177.455227292","475199.800266832","강원특별자치도 강릉시 교동 1891번지 1호","정부지원시설","비상급수시설(분수공원내)","",
"41","민방위급수시설","11_46_01_P","4201000","4201000-E198700001","1987-12-30","","01","영업/정상","18","사용중","","","","","","320","","강원특별자치도 강릉시 포남동 1130번지 15호","강원특별자치도 강릉시 남구길5번길 30 (포남동)","210-955","비상급수시설 (유일연립 옆 공원)","2024-02-06 17:32:20","U","2024-02-08 02:40:00","","367747.139700185","475003.772017544","강원특별자치도 강릉시 포남동 1130번지 15호","정부지원시설","비상급수시설 (유일연립 옆 공원)","",
"42","민방위급수시설","11_46_01_P","4201000","4201000-E199000002","1990-12-20","","01","영업/정상","18","사용중","","","","","","357","","강원특별자치도 강릉시 포남동 1159번지","강원특별자치도 강릉시 남구길24번길 25 (포남동)","210-955","비상급수시설 (자비원 옆 공원)","2024-02-06 17:33:27","U","2024-02-08 02:40:00","","367984.576777831","475545.567771697","강원특별자치도 강릉시 포남동 1159번지","정부지원시설","비상급수시설 (자비원 옆 공원)","",
"43","민방위급수시설","11_46_01_P","4201000","4201000-E199700004","1979-03-05","","01","영업/정상","18","사용중","","","","","","250","","강원특별자치도 강릉시 금학동 50번지","강원특별자치도 강릉시 금성로 21 (금학동, 금학상가아파트)","25540","비상급수시설(중앙시장내)","2024-02-06 17:34:29","U","2024-02-08 02:40:00","","367255.878725242","474087.754397503","강원특별자치도 강릉시 금학동 50번지","민간시설","비상급수시설(중앙시장내)","",
"44","민방위급수시설","11_46_01_P","4201000","4201000-E199800002","1998-03-15","","01","영업/정상","18","사용중","","","","","","212","","강원특별자치도 강릉시 노암동 74번지 13호","강원특별자치도 강릉시 모산로 212-9 (노암동)","25610","비상급수시설 (장현 마을회관 옆)","2024-02-06 17:35:21","U","2024-02-08 02:40:00","","367617.306178567","471363.871934728","강원특별자치도 강릉시 노암동 74번지 13호","정부지원시설","비상급수시설 (장현 마을회관 옆)","",
"45","민방위급수시설","11_46_01_P","4201000","4201000-E201900001","2019-11-18","","01","영업/정상","18","사용중","","","","","","143","","강원특별자치도 강릉시 입암동 311번지 2호","강원특별자치도 강릉시 입암로92번길 30-11 (입암동)","25617","비상급수시설(성덕공원 옆)","2024-02-06 17:37:23","U","2024-02-08 02:40:00","","368820.349512406","473937.478173709","강원특별자치도 강릉시 입암동 311번지 2호","지자체시설","비상급수시설(성덕공원 옆)","",
"46","민방위급수시설","11_46_01_P","4201000","4201000-E199800003","1998-03-16","","01","영업/정상","18","사용중","","","","","","106","","강원특별자치도 강릉시 교동 2번지 21호","강원특별자치도 강릉시 종합운동장길 72-21 (교동, 강릉시청소년수련장)","25474","비상급수시설(청소년수련관 옆)","2024-02-06 17:35:50","U","2024-02-08 02:40:00","","366811.192392337","476194.310530964","강원특별자치도 강릉시 교동 2번지 21호","정부지원시설","비상급수시설(청소년수련관 옆)","",
"47","민방위급수시설","11_46_01_P","4201000","4201000-E199000001","1990-12-20","","01","영업/정상","18","사용중","","","","","","141","","강원특별자치도 강릉시 내곡동 75번지 4호","강원특별자치도 강릉시 남산초교길 22-1 (내곡동)","210-925","비상급수시설(관동1차 아파트내)","2024-02-06 17:32:59","U","2024-02-08 02:40:00","","366529.357434383","473096.102032244","강원특별자치도 강릉시 내곡동 75번지 4호","정부지원시설","비상급수시설(관동1차 아파트내)","",
"48","민방위급수시설","11_46_01_P","4201000","4201000-E199700005","1997-03-05","","01","영업/정상","18","사용중","","","","","","2680","","강원특별자치도 강릉시 내곡동 81번지","강원특별자치도 강릉시 강변로 16 (내곡동)","210-927","비상급수시설(롯데주류(주))","2024-02-06 17:35:01","U","2024-02-08 02:40:00","","366374.080110925","472969.247035404","강원특별자치도 강릉시 내곡동 81번지","민간시설","비상급수시설(롯데주류(주))","",
"49","민방위급수시설","11_46_01_P","4211000","4211000-E199600001","1996-12-31","","01","영업/정상","18","사용중","","","","","","100","","강원특별자치도 동해시 발한동 514번지 1호","강원특별자치도 동해시 동호3길 35 (발한동)","","동호동 비상급수시설","2023-07-11 14:30:16","U","2023-07-13 02:40:00","","385542.841773949","451354.084682341","강원특별자치도 동해시 발한동 514번지 1호","지자체시설","동호동 비상급수시설","",
"50","민방위급수시설","11_46_01_P","4211000","4211000-E199400001","1994-11-20","","01","영업/정상","18","사용중","","","","","","100","","강원특별자치도 동해시 천곡동 842번지","강원특별자치도 동해시 천곡로 98-1 (천곡동)","","천곡동 비상급수시설","2023-08-07 13:12:36","U","2023-08-09 02:40:00","","387007.106698205","448833.647079908","강원특별자치도 동해시 천곡동 842번지","지자체시설","천곡동 비상급수시설","",
"51","민방위급수시설","11_46_01_P","4211000","4211000-E198000001","1980-04-25","","01","영업/정상","18","사용중","","","","","","3000","","강원특별자치도 동해시 삼화동 200번지","강원특별자치도 동해시 효자로 246 (삼화동)","","쌍용C&E 동해공장 비상급수시설","2023-07-11 14:29:43","U","2023-07-13 02:40:00","","381789.813670765","444419.292367977","강원특별자치도 동해시 삼화동 200번지","민간시설","쌍용C&E 동해공장 비상급수시설","",
"52","민방위급수시설","11_46_01_P","4211000","4211000-E199800001","1998-01-22","","01","영업/정상","18","사용중","","","","","","100","","강원특별자치도 동해시 묵호진동 85번지 7호","강원특별자치도 동해시 해맞이길 183 (묵호진동)","","창호초등학교 비상급수시설","2023-07-11 11:28:40","U","2023-07-13 02:40:00","","386221.526318686","452760.115501858","강원특별자치도 동해시 묵호진동 85번지 7호","지자체시설","창호초등학교 비상급수시설","",
"53","민방위급수시설","11_46_01_P","4211000","4211000-E199600003","1996-12-31","","01","영업/정상","18","사용중","","","","","","100","","강원특별자치도 동해시 북평동 127번지 1호","강원특별자치도 동해시 대동로 137 (북평동)","","북평동 비상급수시설","2023-07-11 14:30:32","U","2023-07-13 02:40:00","","387906.100194404","444511.862173777","강원특별자치도 동해시 북평동 127번지 1호","지자체시설","북평동 비상급수시설","",
"54","민방위급수시설","11_46_01_P","4211000","4211000-E199700001","1997-11-25","","01","영업/정상","18","사용중","","","","","","100","","강원특별자치도 동해시 용정동 475번지 3호","강원특별자치도 동해시 봉오주택길 22 (용정동)","","동해초등학교 비상급수시설","2025-07-02 17:35:42","U","2025-07-04 02:40:00","","387426.385595348","447598.972312149","강원특별자치도 동해시 용정동 475번지 3호","지자체시설","동해초등학교 비상급수시설","",
"55","민방위급수시설","11_46_01_P","4211000","4211000-E200200003","2002-01-04","","01","영업/정상","18","사용중","","","","","","100","","강원특별자치도 동해시 천곡동 593번지","강원특별자치도 동해시 덕골길 10 (천곡동, 동해웰빙레포츠타운)","25750","동해체육관 비상급수시설","2023-07-11 11:30:06","U","2023-07-13 02:40:00","","385720.60266411","448203.830323753","강원특별자치도 동해시 천곡동 593번지","정부지원시설","동해체육관 비상급수시설","",
"56","민방위급수시설","11_46_01_P","4221000","4221000-E199600002","1996-06-01","","01","영업/정상","18","사용중","","","","","","540","","강원특별자치도 태백시 금천동 29","강원특별자치도 태백시 금천길 168(금천동)","26053","금천펌프실","2025-01-08 14:25:03","U","2025-01-10 02:40:00","","377247.837470574","401028.392364284","강원특별자치도 태백시 금천동 29","공공용시설","금천펌프실","",
"57","민방위급수시설","11_46_01_P","4221000","4221000-E199000001","1990-09-01","","01","영업/정상","18","사용중","","","","","","200","","강원특별자치도 태백시 황지동 274번지 99호","강원특별자치도 태백시 황연2길 10 (황지동)","26026","보명목욕탕","2025-01-08 14:20:34","U","2025-01-10 02:40:00","","376387.178852363","410293.732607127","강원특별자치도 태백시 황지동 274번지 99호","공공용시설","보명목욕탕","",
"58","민방위급수시설","11_46_01_P","4221000","4221000-E200900001","2009-03-31","","01","영업/정상","18","사용중","","","","","","290","","강원특별자치도 태백시 소도동 133번지 2호","강원특별자치도 태백시 용담1길 48-17 (소도동, 청원사)","26043","청원사","2025-01-08 14:25:21","U","2025-01-10 02:40:00","","373939.155057916","404579.003209172","강원특별자치도 태백시 소도동 133번지 2호","공공용시설","청원사","",
"59","민방위급수시설","11_46_01_P","4221000","4221000-E199300001","1993-11-10","","01","영업/정상","18","사용중","","","","","","300","","강원특별자치도 태백시 황지동 25번지 6호","강원특별자치도 태백시 황지연못길 8 (황지동, 메르디앙호텔)","26008","황지연못음수대","2025-01-08 14:23:48","U","2025-01-10 02:40:00","","376749.482776117","409700.97366887","강원특별자치도 태백시 황지동 25번지 6호","정부지원시설","황지연못음수대","",
"60","민방위급수시설","11_46_01_P","4221000","4221000-E199600001","1996-06-13","","01","영업/정상","18","사용중","","","","","","200","","강원특별자치도 태백시 황지동 470번지 24호","강원특별자치도 태백시 오투로 149 (황지동, 모란노인정)","26010","모란음수대","2025-01-08 14:24:31","U","2025-01-10 02:40:00","","375064.717888876","409600.3261831","강원특별자치도 태백시 황지동 470번지 24호","공공용시설","모란음수대","",
"61","민방위급수시설","11_46_01_P","4221000","4221000-E201500001","2015-03-02","","01","영업/정상","18","사용중","","","","","","100","","강원특별자치도 태백시 철암동 96번지 1호","강원특별자치도 태백시 머리골길 108-38 (철암동, 고원농업시험장)","26046","특화작물시험장 태백분소","2025-01-08 14:27:36","U","2025-01-10 02:40:00","","382896.323239787","404076.161104371","강원특별자치도 태백시 철암동 96번지 1호","공공용시설","특화작물시험장 태백분소","",
"62","민방위급수시설","11_46_01_P","4231000","4231000-E198200002","1982-05-25","","01","영업/정상","18","사용중","","","","","","1950","","강원특별자치도 속초시 장사동 24번지 1호","강원특별자치도 속초시 미시령로2983번길 111 (장사동)","24801","한화리조트 설악 민방위급수시설","2025-09-30 12:22:40","U","2025-10-02 02:40:00","","333788.794285736","524104.959379777","강원특별자치도 속초시 장사동 24번지 1호","공공용시설","한화리조트 설악 민방위급수시설","",
"63","민방위급수시설","11_46_01_P","4231000","4231000-E199500003","1995-05-21","","01","영업/정상","18","사용중","","","","","","200","","강원특별자치도 속초시 노학동 635번지 1호","강원특별자치도 속초시 도리원길 5-0 (노학동)","","경동대학교 설악제2캠퍼스 민방위비상급수시설","2025-07-30 10:07:27","U","2025-08-01 02:40:00","","335922.312166946","522296.889674921","강원특별자치도 속초시 노학동 635번지 1호","공공용시설","경동대학교 설악제2캠퍼스 민방위비상급수시설","",
"64","민방위급수시설","11_46_01_P","4231000","4231000-E199600001","1996-11-27","","01","영업/정상","18","사용중","","","","","","250","","강원특별자치도 속초시 교동 943번지 13호","강원특별자치도 속초시 밤골3길 2-1 (교동)","","속여고 뒤 비상급수시설","2025-07-30 10:03:16","U","2025-08-01 02:40:00","","337312.089953967","523073.832111582","강원특별자치도 속초시 교동 943번지 13호","정부지원시설","속여고 뒤 비상급수시설","",
"65","민방위급수시설","11_46_01_P","4231000","4231000-E199700001","1997-01-17","","01","영업/정상","18","사용중","","","","","","250","","강원특별자치도 속초시 조양동 1511번지 1호","강원특별자치도 속초시 선사로1길 40-3 (조양동)","","청봉초등학교 앞 비상급수시설","2025-07-24 16:10:47","U","2025-07-26 02:40:00","","339049.0811518","521770.289455012","강원특별자치도 속초시 조양동 1511번지 1호","정부지원시설","청봉초등학교 앞 비상급수시설","",
"66","민방위급수시설","11_46_01_P","4231000","4231000-E199800001","1998-05-17","","01","영업/정상","18","사용중","","","","","","100","","강원특별자치도 속초시 영랑동 184번지 2호","","","드림주유소 뒤 비상급수시설","2025-07-30 10:09:14","U","2025-08-01 02:40:00","","339280.838574984","524708.721739153","강원특별자치도 속초시 영랑동 184번지 2호","정부지원시설","드림주유소 뒤 비상급수시설","",
"67","민방위급수시설","11_46_01_P","4231000","4231000-E199900002","1999-08-13","","01","영업/정상","18","사용중","","","","","","150","","강원특별자치도 속초시 교동 972번지","강원특별자치도 속초시 먹거리7길 1 (교동)","","먹거리단지내 공원 비상급수시설","2025-07-30 10:00:27","U","2025-08-01 02:40:00","","337834.202930175","522451.980368306","강원특별자치도 속초시 교동 972번지","정부지원시설","먹거리단지내 공원 비상급수시설","",
"68","민방위급수시설","11_46_01_P","4231000","4231000-E199500002","1995-12-20","","01","영업/정상","18","사용중","","","","","","336","","강원특별자치도 속초시 도문동 155번지","강원특별자치도 속초시 설악산로 470-7 (도문동)","","더케이설악산가족호텔 민방위비상급수시설","2025-10-27 12:32:32","U","2025-10-29 02:40:00","","336198.408904293","519310.752368986","강원특별자치도 속초시 도문동 155번지","공공용시설","더케이설악산가족호텔 민방위비상급수시설","",
"69","민방위급수시설","11_46_01_P","4231000","4231000-E199800002","1998-06-20","","01","영업/정상","18","사용중","","","","","","100","","강원특별자치도 속초시 조양동 1499번지 1호","강원특별자치도 속초시 조양상가길 18 (조양동)","24876","부영3단지아파트 앞 비상급수시설","2025-07-30 09:48:33","U","2025-08-01 02:40:00","","338288.247827357","521992.820974344","강원특별자치도 속초시 조양동 1499번지 1호","정부지원시설","부영3단지아파트 앞 비상급수시설","",
"70","민방위급수시설","11_46_01_P","4231000","4231000-E201900001","2019-10-17","","01","영업/정상","18","사용중","","","","","","150","","강원특별자치도 속초시 조양동 508-28","","","코아루아파트 인근 비상급수시설","2025-09-30 12:30:25","U","2025-10-02 02:40:00","","337583.761876247","521611.469707125","강원특별자치도 속초시 조양동 508-28","지자체시설","코아루아파트 인근 비상급수시설","",
"71","민방위급수시설","11_46_01_P","4231000","4231000-E201400001","2014-07-24","","01","영업/정상","18","사용중","","","","","","550","","강원특별자치도 속초시 노학동 795번지 4호","강원특별자치도 속초시 사당골길 43 (노학동)","217-070","금호설악리조트 비상급수시설","2025-09-30 12:21:18","U","2025-10-02 02:40:00","","335668.590337204","521081.322687044","강원특별자치도 속초시 노학동 795번지 4호","공공용시설","금호설악리조트 비상급수시설","",
"72","민방위급수시설","11_46_01_P","4241000","4241000-E200100001","2001-07-10","","01","영업/정상","18","사용중","","","","","","100","","강원특별자치도 삼척시 도계읍 도계리 87-1 경동아파트(음수대:도계LH2단지아파트 옆)","강원특별자치도 삼척시 도계읍 장원길 103 (경동아파트)","25948","도계읍 도계리","2025-10-27 21:32:08","U","2025-10-29 02:40:00","","382537.232951319","415662.854200981","강원특별자치도 삼척시 도계읍 도계리 87-1 경동아파트(음수대:도계LH2단지아파트 옆)","정부지원시설","도계읍 도계리","",
"73","민방위급수시설","11_46_01_P","4241000","4241000-E201600001","2016-07-17","","01","영업/정상","18","사용중","","","","","","100","","강원특별자치도 삼척시 교동 765-2 (구름다리식당 앞)","강원특별자치도 삼척시 청석로 36 (교동)","25923","교동 도시공원","2025-10-27 21:31:07","U","2025-10-29 02:40:00","","392200.589378439","440605.858397775","강원특별자치도 삼척시 교동 765-2 (구름다리식당 앞)","정부지원시설","교동 도시공원","",
"74","민방위급수시설","11_46_01_P","4241000","4241000-E199700002","1997-01-30","","01","영업/정상","18","사용중","","","","","","250","","강원특별자치도 삼척시 교동 250 (체력증진센터 옆)","강원특별자치도 삼척시 동해대로 4234, 삼척종합운동장 (교동)","25909","교동 종합운동장","2025-10-27 21:28:49","U","2025-10-29 02:40:00","","392318.565929328","441448.142676632","강원특별자치도 삼척시 교동 250 (체력증진센터 옆)","정부지원시설","교동 종합운동장","",
"75","민방위급수시설","11_46_01_P","4241000","4241000-E201500001","2015-07-08","","01","영업/정상","18","사용중","","","","","","505","","강원특별자치도 삼척시 증산동 1 이사부사자공원(이사부사자공원 내)","강원특별자치도 삼척시 수로부인길 333, 이사부사자공원 (증산동)","25909","증산동","2025-06-19 15:18:29","U","2025-06-21 02:40:00","","390982.275429255","443616.413202298","강원특별자치도 삼척시 증산동 1 이사부사자공원(이사부사자공원 내)","지자체시설","증산동","",
"76","민방위급수시설","11_46_01_P","4241000","4241000-E201500002","2015-07-08","","01","영업/정상","18","사용중","","","","","","150","","강원특별자치도 삼척시 도경동 292-9 (도경2리 마을회관 옆)","강원특별자치도 삼척시 도경길 554 (도경동)","25906","성내동 도경리","2025-06-19 15:02:07","U","2025-06-21 02:40:00","","385841.748129055","441280.358155999","강원특별자치도 삼척시 도경동 292-9 (도경2리 마을회관 옆)","공공용시설","성내동 도경리","",
"77","민방위급수시설","11_46_01_P","4241000","4241000-E201500003","2015-07-08","","01","영업/정상","18","사용중","","","","","","200","","강원특별자치도 삼척시 원덕읍 산양리 141","강원특별자치도 삼척시 원덕읍 산양화가길 26","25959","원덕읍 산양리","2025-06-24 16:15:07","U","2025-06-26 02:40:00","","404369.982141668","407515.790096983","강원특별자치도 삼척시 원덕읍 산양리 141","공공용시설","원덕읍 산양리","",
"78","민방위급수시설","11_46_01_P","4241000","4241000-E199700003","1997-01-30","","01","영업/정상","18","사용중","","","","","","220","","강원특별자치도 삼척시 정상동 450 (23통 마을회관 옆)","","","정라 도시공원","2025-10-27 21:29:38","U","2025-10-29 02:40:00","","392551.898818534","440068.476119739","강원특별자치도 삼척시 정상동 450 (23통 마을회관 옆)","지자체시설","정라 도시공원","",
"79","민방위급수시설","11_46_01_P","4241000","4241000-E199800001","1998-10-07","","01","영업/정상","18","사용중","","","","","","200","","강원특별자치도 삼척시 원덕읍 옥원리 920-29 (원덕 방주교회 옆)","","","원덕읍 옥원리","2025-10-27 21:30:23","U","2025-10-29 02:40:00","","406546.65857268","411464.625015444","강원특별자치도 삼척시 원덕읍 옥원리 920-29 (원덕 방주교회 옆)","정부지원시설","원덕읍 옥원리","",
"80","민방위급수시설","11_46_01_P","4251000","4251000-E199800001","1998-05-02","","01","영업/정상","18","사용중","","","","","","100","","강원특별자치도 홍천군 홍천읍 337번지","강원특별자치도 홍천군 홍천읍 꽃뫼로 71 (홍천여자고등학교)","25120","홍천여자고등학교","2023-11-10 13:37:01","U","2023-11-12 02:40:00","","277676.409133889","465823.659103714","강원특별자치도 홍천군 홍천읍 337번지","정부지원시설","홍천여자고등학교","",
"81","민방위급수시설","11_46_01_P","4251000","4251000-E200900001","2009-12-30","","01","영업/정상","18","사용중","","","","","","192","","강원특별자치도 홍천군 홍천읍 309번지","강원특별자치도 홍천군 홍천읍 홍천로 651","250-802","어린이교통체험장","2023-11-10 13:37:38","U","2023-11-12 02:40:00","","279987.200194521","467580.794673212","강원특별자치도 홍천군 홍천읍 309번지","정부지원시설","어린이교통체험장","",
"82","민방위급수시설","11_46_01_P","4251000","4251000-E199600001","1996-06-20","","01","영업/정상","18","사용중","","","","","","150","","강원특별자치도 홍천군 남면 33번지","강원특별자치도 홍천군 남면 시동안로321번길 20","25109","남면 3기갑여단 부근","2025-08-12 12:58:44","U","2025-08-15 02:40:00","","274353.937731309","454830.965953239","강원특별자치도 홍천군 남면 33번지","정부지원시설","남면 3기갑여단 부근","",
"83","민방위급수시설","11_46_01_P","4251000","4251000-E200000001","2000-10-19","","01","영업/정상","18","사용중","","","","","","870","","강원특별자치도 홍천군 홍천읍 155번지","강원특별자치도 홍천군 홍천읍 구시울1길 25 (삼호2차아파트)","25117","홍천읍 삼호아파트","2023-11-10 13:37:18","U","2023-11-12 02:40:00","","275369.271010644","463586.971033542","강원특별자치도 홍천군 홍천읍 155번지","민간시설","홍천읍 삼호아파트","",
"84","민방위급수시설","11_46_01_P","4261000","4261000-E201900001","2020-07-31","","01","영업/정상","18","사용중","","","","","","123","","강원특별자치도 횡성군 횡성읍 260번지","강원특별자치도 횡성군 횡성읍 문예로 75 (횡성문화체육공원)","","문화체육공원 급수시설","2023-07-10 14:10:46","U","2023-07-13 02:40:00","","286232.868933281","443449.355741223","강원특별자치도 횡성군 횡성읍 260번지","지자체시설","문화체육공원 급수시설","",
"85","민방위급수시설","11_46_01_P","4261000","4261000-E199700001","1997-05-26","","01","영업/정상","18","사용중","","","","","","155","","강원특별자치도 횡성군 횡성읍 194번지 2호","강원특별자치도 횡성군 횡성읍 횡성로 252","225-801","횡성여고 내","2023-07-10 14:09:40","U","2023-07-13 02:40:00","","286798.470321251","441961.592576125","강원특별자치도 횡성군 횡성읍 194번지 2호","정부지원시설","횡성여고 내","",
"86","민방위급수시설","11_46_01_P","4261000","4261000-E199700002","1997-11-18","","01","영업/정상","18","사용중","","","","","","120","","강원특별자치도 횡성군 횡성읍 507번지 3호","강원특별자치도 횡성군 횡성읍 덕고마을1길 6-9","225-806","정암레포츠공원","2023-07-10 14:10:06","U","2023-07-13 02:40:00","","290290.879486032","441181.364931821","강원특별자치도 횡성군 횡성읍 507번지 3호","정부지원시설","정암레포츠공원","",
"87","민방위급수시설","11_46_01_P","4261000","4261000-E199800001","1998-10-17","","01","영업/정상","18","사용중","","","","","","150","","강원특별자치도 횡성군 횡성읍 58번지 1호","강원특별자치도 횡성군 횡성읍 태기로 15","225-701","횡성군청 내","2023-07-10 13:56:02","U","2023-07-13 02:40:00","","287035.700374272","443748.115154147","강원특별자치도 횡성군 횡성읍 58번지 1호","정부지원시설","횡성군청 내","",
"88","민방위급수시설","11_46_01_P","4271000","4271000-E201100002","2011-07-12","","01","영업/정상","18","사용중","","","","","","1800","","강원특별자치도 영월군 영월읍 108번지","강원특별자치도 영월군 영월읍 사지막길 152","26223","탑스텐동강리조트","2025-07-31 13:27:07","U","2025-08-02 02:40:00","","334737.971789668","413950.472458217","강원특별자치도 영월군 영월읍 108번지","공공용시설","탑스텐동강리조트","",
"89","민방위급수시설","11_46_01_P","4271000","4271000-E201200001","2012-08-10","","01","영업/정상","18","사용중","","","","","","120","","강원특별자치도 영월군 영월읍 56번지","강원특별자치도 영월군 영월읍 제방안길 100 (영월스포츠파크)","26237","영월스포츠파크","2025-07-31 17:16:44","U","2025-08-02 02:40:00","","329741.633842883","409243.07270564","강원특별자치도 영월군 영월읍 56번지","정부지원시설","영월스포츠파크","",
"90","민방위급수시설","11_46_01_P","4271000","4271000-E200500001","2005-07-19","","01","영업/정상","18","사용중","","","","","","150","","강원특별자치도 영월군 영월읍 961번지 2호","강원특별자치도 영월군 영월읍 단종로 24","26227","영월문화예술회관","2025-07-31 17:00:44","U","2025-08-02 02:40:00","","330308.36351775","410365.098922937","강원특별자치도 영월군 영월읍 961번지 2호","지자체시설","영월문화예술회관","",
"91","민방위급수시설","11_46_01_P","4271000","4271000-E201100001","2011-08-01","","01","영업/정상","18","사용중","","","","","","230","","강원특별자치도 영월군 영월읍 1574번지 2호","강원특별자치도 영월군 영월읍 둥글바위길 33","26223","동강오토캠핑장","2025-07-31 17:07:17","U","2025-08-02 02:40:00","","333519.968003677","412123.070997319","강원특별자치도 영월군 영월읍 1574번지 2호","지자체시설","동강오토캠핑장","",
"92","민방위급수시설","11_46_01_P","4281000","4281000-E202200001","2022-02-25","","01","영업/정상","18","사용중","","","","","","170","","강원특별자치도 평창군 용평면 백옥포리 251 국립평창청소년수련원","강원특별자치도 평창군 용평면 새터마을길 108, 국립평창청소년수련원","25316","비상급수시설(용평면, 음용수)","2023-06-10 14:00:22","I","2023-06-13 00:00:00","","323388.255649827","454277.214320118","강원특별자치도 평창군 용평면 백옥포리 251 국립평창청소년수련원","공공용시설","비상급수시설(용평면, 음용수)","",
"93","민방위급수시설","11_46_01_P","4281000","4281000-E202200002","2022-02-25","","01","영업/정상","18","사용중","","","","","","150","","강원특별자치도 평창군 용평면 백옥포리 251 국립평창청소년수련원","강원특별자치도 평창군 용평면 새터마을길 108, 국립평창청소년수련원","25316","비상급수시설(용평면, 음용수)","2025-09-26 09:23:59","U","2025-09-28 02:40:00","","323388.255649827","454277.214320118","강원특별자치도 평창군 용평면 백옥포리 251 국립평창청소년수련원","공공용시설","비상급수시설(용평면, 음용수)","",
"94","민방위급수시설","11_46_01_P","4281000","4281000-E199700002","1997-11-10","","01","영업/정상","18","사용중","","","","","","336","","강원특별자치도 평창군 대화면 대화리 410번지 5호","강원특별자치도 평창군 대화면 남산1길 28-0","","비상급수시설(대화면)","2023-06-10 14:00:22","I","2023-06-13 00:00:00","","328849.869521904","445300.837474188","강원특별자치도 평창군 대화면 대화리 410번지 5호","정부지원시설","비상급수시설(대화면)","",
"95","민방위급수시설","11_46_01_P","4281000","4281000-E199900001","1999-10-16","","01","영업/정상","18","사용중","","","","","","150","","강원특별자치도 평창군 봉평면 345번지","강원특별자치도 평창군 봉평면 기풍4길 10","232-925","비상급수시설(봉평면)","2023-06-10 14:00:22","I","2023-06-13 00:00:00","","321723.035964919","457981.886313395","강원특별자치도 평창군 봉평면 345번지","정부지원시설","비상급수시설(봉평면)","",
"96","민방위급수시설","11_46_01_P","4281000","4281000-E199800001","1998-12-28","","01","영업/정상","18","사용중","","","","","","150","","강원특별자치도 평창군 대관령면 335번지","강원특별자치도 평창군 대관령면 대관령로 83","232-954","비상급수시설(대관령면)","2023-06-10 14:00:22","I","2023-06-13 00:00:00","","350453.714986285","464821.656115689","강원특별자치도 평창군 대관령면 335번지","정부지원시설","비상급수시설(대관령면)","",
"97","민방위급수시설","11_46_01_P","4281000","4281000-E199700004","1997-12-26","","01","영업/정상","18","사용중","","","","","","336","","강원특별자치도 평창군 진부면 251번지 2호","강원특별자치도 평창군 진부면 석두산2길 13","232-948","비상급수시설(진부면)","2025-03-17 17:30:05","U","2025-03-19 02:40:00","","337011.884683323","460578.999920962","강원특별자치도 평창군 진부면 251번지 2호","정부지원시설","비상급수시설(진부면)","",
"98","민방위급수시설","11_46_01_P","4281000","4281000-E199600003","1996-12-09","","01","영업/정상","18","사용중","","","","","","336","","강원특별자치도 평창군 평창읍 355번지 1호","강원특별자치도 평창군 평창읍 노성로 127","232-806","비상급수시설(평창읍)","2024-01-26 13:24:15","U","2024-01-28 02:40:00","","323707.231243713","430545.584661534","강원특별자치도 평창군 평창읍 355번지 1호","정부지원시설","비상급수시설(평창읍)","",
"99","민방위급수시설","11_46_01_P","4281000","4281000-E200000001","2000-07-31","","01","영업/정상","18","사용중","","","","","","144","","강원특별자치도 평창군 용평면 용전리 135번지 23호","강원특별자치도 평창군 용평면 경강로 2027 (용평면사무소)","25313","비상급수시설(용평면)","2024-07-10 10:56:29","U","2024-07-12 02:40:00","","327070.402042648","457021.447602134","강원특별자치도 평창군 용평면 용전리 135번지 23호","정부지원시설","비상급수시설(용평면)","",
"100","민방위급수시설","11_46_01_P","4281000","4281000-E200100001","2001-12-14","","01","영업/정상","18","사용중","","","","","","144","","강원특별자치도 평창군 방림면 계촌리 1526번지","강원특별자치도 평창군 방림면 운지로 294-13","","비상급수시설(방림면)","2023-06-10 14:00:22","I","2023-06-13 00:00:00","","315152.089809026","439602.118704068","강원특별자치도 평창군 방림면 계촌리 1526번지","정부지원시설","비상급수시설(방림면)","",
"101","민방위급수시설","11_46_01_P","4281000","4281000-E200300003","2003-01-11","","01","영업/정상","18","사용중","","","","","","332","","강원특별자치도 평창군 미탄면 창리 615번지 1호","강원특별자치도 평창군 미탄면 횟골길 17-10","25382","비상급수시설(미탄면)","2024-01-15 15:21:00","U","2024-01-17 02:40:00","","332678.312311975","427774.318460174","강원특별자치도 평창군 미탄면 창리 615번지 1호","지자체시설","비상급수시설(미탄면)","",
"102","민방위급수시설","11_46_01_P","4281000","4281000-E202400001","2024-01-08","","01","영업/정상","18","사용중","","","","","","100","","강원특별자치도 평창군 평창읍 여만리 357-15 평창군 농업기술센터 농업인 교육관","강원특별자치도 평창군 평창읍 여만길 40, 평창군 농업기술센터 농업인 교육관","25372","비상급수시설(농업기술센터)","2024-05-13 11:08:11","I","2024-05-15 00:14:39","","323704.819383845","431477.493476258","강원특별자치도 평창군 평창읍 여만리 357-15 평창군 농업기술센터 농업인 교육관","정부지원시설","비상급수시설(농업기술센터)","",
"103","민방위급수시설","11_46_01_P","4291000","4291000-E199800002","1998-11-30","","01","영업/정상","18","사용중","","","","","","130","","강원특별자치도 정선군 남면 416번지 15호","강원특별자치도 정선군 남면 강원남로 5268","233-834","남면 증산펌프장내","2023-10-26 13:39:39","U","2023-10-28 02:40:00","","","","강원특별자치도 정선군 남면 416번지 15호","정부지원시설","남면 증산펌프장내","",
"104","민방위급수시설","11_46_01_P","4291000","4291000-E200000001","2000-11-18","","01","영업/정상","18","사용중","","","","","","100","","강원특별자치도 정선군 사북읍 447번지 1호","강원특별자치도 정선군 사북읍 도사곡길 42-2","233-909","사북읍 도사곡정수장내","2025-07-29 20:07:10","U","2025-07-31 02:40:00","","359256.687306881","415118.116830854","강원특별자치도 정선군 사북읍 447번지 1호","정부지원시설","사북읍 도사곡정수장내","",
"105","민방위급수시설","11_46_01_P","4291000","4291000-E201700001","2017-01-01","","01","영업/정상","18","사용중","","","","","","100","","강원특별자치도 정선군 정선읍 덕송리 628번지 1호","강원특별자치도 정선군 정선읍 서동로 1161","26121","정선읍 덕송장수장 내","2025-07-29 19:59:37","U","2025-07-31 02:40:00","","347514.972580728","433837.468101237","강원특별자치도 정선군 정선읍 덕송리 628번지 1호","정부지원시설","정선읍 덕송장수장 내","",
"106","민방위급수시설","11_46_01_P","4291000","4291000-E200400001","2004-12-15","","01","영업/정상","18","사용중","","","","","","200","","강원특별자치도 정선군 북평면 298번지","강원특별자치도 정선군 북평면 항동길 58","26101","북평면 민방위 비상급수시설","2025-01-06 14:05:36","U","2025-01-08 02:40:00","","347706.747258101","440632.39968623","강원특별자치도 정선군 북평면 298번지","정부지원시설","북평면 민방위 비상급수시설","",
"107","민방위급수시설","11_46_01_P","4291000","4291000-E199600004","1996-11-13","","01","영업/정상","18","사용중","","","","","","284","","강원특별자치도 정선군 신동읍 75번지 1호","강원특별자치도 정선군 신동읍 의림로 406-28","26138","신동읍 납돌정수장내","2023-06-10 14:56:29","I","2023-06-13 00:00:00","","346562.20513944","415147.20785411","강원특별자치도 정선군 신동읍 75번지 1호","정부지원시설","신동읍 납돌정수장내","",
"108","민방위급수시설","11_46_01_P","4301000","4301000-E200200005","1995-12-21","","01","영업/정상","18","사용중","","","","","","200","","강원특별자치도 철원군 철원읍 화지리 28-44 24시청하보석사우나","강원특별자치도 철원군 철원읍 금학로256번길 12, 24시청하보석사우나","24008","청하사우나","2025-08-06 06:49:01","U","2025-08-11 02:40:00","","218977.311467102","523160.054393689","강원특별자치도 철원군 철원읍 화지리 28-44 24시청하보석사우나","공공용시설","청하사우나","",
"109","민방위급수시설","11_46_01_P","4301000","4301000-E201100001","2011-01-13","","01","영업/정상","18","사용중","","","","","","250","","강원특별자치도 철원군 갈말읍 군탄리 505-8 (주)그래미","강원특별자치도 철원군 갈말읍 갈말로 32-30, (주)그래미","24032","그래미(주)","2025-08-06 08:49:50","U","2025-08-11 02:40:00","","226996.862833105","517620.483937796","강원특별자치도 철원군 갈말읍 군탄리 505-8 (주)그래미","공공용시설","그래미(주)","",
"110","민방위급수시설","11_46_01_P","4301000","4301000-E201900001","2019-06-11","","01","영업/정상","18","사용중","","","","","","150","","강원특별자치도 철원군 김화읍 청양리 2872 김화농공관리사무소","강원특별자치도 철원군 김화읍 외골길 16, 김화농공관리사무소","24055","김화농공단지","2025-08-06 09:06:02","U","2025-08-11 02:40:00","","235490.074320252","527170.941665602","강원특별자치도 철원군 김화읍 청양리 2872 김화농공관리사무소","공공용시설","김화농공단지","",
"111","민방위급수시설","11_46_01_P","4301000","4301000-E201100004","2011-01-13","","01","영업/정상","18","사용중","","","","","","200","","강원특별자치도 철원군 동송읍 장흥리 20-20 한탄리버 스파호텔","강원특별자치도 철원군 동송읍 태봉로 1799-22, 한탄리버 스파호텔","24023","한탄리버스파호텔","2025-08-06 06:48:20","U","2025-08-11 02:40:00","","225376.4902074","520439.514215391","강원특별자치도 철원군 동송읍 장흥리 20-20 한탄리버 스파호텔","공공용시설","한탄리버스파호텔","",
"112","민방위급수시설","11_46_01_P","4301000","4301000-E201100006","2011-01-13","","01","영업/정상","18","사용중","","","","","","200","","강원특별자치도 철원군 갈말읍 군탄리 505-8 (주)그래미","강원특별자치도 철원군 갈말읍 갈말로 32-30, (주)그래미","24032","그래미(주)","2025-08-06 08:26:27","U","2025-08-11 02:40:00","","226996.862833105","517620.483937796","강원특별자치도 철원군 갈말읍 군탄리 505-8 (주)그래미","공공용시설","그래미(주)","",
"113","민방위급수시설","11_46_01_P","4301000","4301000-E201500001","2015-01-02","","01","영업/정상","18","사용중","","","","","","140","","강원특별자치도 철원군 갈말읍 신철원리 991-1 갈말읍사무소","강원특별자치도 철원군 갈말읍 명성로 178, 갈말읍사무소","24038","갈말읍사무소","2025-08-06 07:35:00","U","2025-08-11 02:40:00","","226963.025523486","516121.73467864","강원특별자치도 철원군 갈말읍 신철원리 991-1 갈말읍사무소","정부지원시설","갈말읍사무소","",
"114","민방위급수시설","11_46_01_P","4301000","4301000-E199700001","1997-04-09","","01","영업/정상","18","사용중","","","","","","120","","강원특별자치도 철원군 동송읍 이평리 860-1 동송읍사무소","강원특별자치도 철원군 동송읍 이평로 133, 동송읍사무소","24013","동송읍사무소","2025-08-05 21:15:11","U","2025-08-07 02:40:00","","218202.708218687","522721.040066856","강원특별자치도 철원군 동송읍 이평리 860-1 동송읍사무소","정부지원시설","동송읍사무소","",
"115","민방위급수시설","11_46_01_P","4301000","4301000-E199800002","1998-12-10","","01","영업/정상","18","사용중","","","","","","124","","강원특별자치도 철원군 갈말읍 399번지 2호","강원특별자치도 철원군 갈말읍 지포2길 146 (철원군위생처리사업소축산폐수처리장)","24046","상하수도사업소","2023-06-10 15:00:15","I","2023-06-13 00:00:00","","225349.744186749","514255.480689553","강원특별자치도 철원군 갈말읍 399번지 2호","지자체시설","상하수도사업소","",
"116","민방위급수시설","11_46_01_P","4301000","4301000-E202400001","2024-04-03","","01","영업/정상","18","사용중","","","","","","200","","강원특별자치도 철원군 김화읍 청양리 2872 김화농공관리사무소","강원특별자치도 철원군 김화읍 외골길 16, 김화농공관리사무소","24055","김화농공단지","2025-08-06 08:57:23","U","2025-08-11 02:40:00","","235490.074320252","527170.941665602","강원특별자치도 철원군 김화읍 청양리 2872 김화농공관리사무소","공공용시설","김화농공단지","",
"117","민방위급수시설","11_46_01_P","4311000","4311000-E201600002","2016-11-08","","01","영업/정상","18","사용중","","","","","","200","","강원특별자치도 화천군 간동면 오음리 198번지","","","오음리상수도","2023-06-10 15:06:28","I","2023-06-13 00:00:00","","272196.868833832","506872.906551027","강원특별자치도 화천군 간동면 오음리 198번지","지자체시설","오음리상수도","",
"118","민방위급수시설","11_46_01_P","4311000","4311000-E199700002","1997-04-12","","01","영업/정상","18","사용중","","","","","","145","","강원특별자치도 화천군 화천읍 256번지 3호","강원특별자치도 화천군 화천읍 화천새싹길 40","","어린이놀이터내","2024-03-22 15:25:12","U","2024-03-24 02:40:00","","261964.536446059","511638.876569343","강원특별자치도 화천군 화천읍 256번지 3호","정부지원시설","어린이놀이터내","",
"119","민방위급수시설","11_46_01_P","4311000","4311000-E199600002","1996-11-27","","01","영업/정상","18","사용중","","","","","","140","","강원특별자치도 화천군 화천읍 211번지 2호","강원특별자치도 화천군 화천읍 화천새싹길 57 (화천초등학교)","24125","화천 복합 커뮤니티센터","2024-03-22 15:24:59","U","2024-03-24 02:40:00","","262116.487000565","511622.915820238","강원특별자치도 화천군 화천읍 211번지 2호","공공용시설","화천 복합 커뮤니티센터","",
"120","민방위급수시설","11_46_01_P","4311000","4311000-E201600003","2016-11-08","","01","영업/정상","18","사용중","","","","","","90","","강원특별자치도 화천군 하남면 350번지","강원특별자치도 화천군 하남면 가마니길 266","24145","두레축산","2025-05-13 11:38:19","U","2025-05-15 02:40:00","","258686.630324711","508834.151420455","강원특별자치도 화천군 하남면 350번지","공공용시설","두레축산","",
"121","민방위급수시설","11_46_01_P","4311000","4311000-E201600005","2016-11-08","","01","영업/정상","18","사용중","","","","","","200","","강원특별자치도 화천군 상서면 파포리 770번지 6호","","","파포리상수도","2023-06-10 15:06:28","I","2023-06-13 00:00:00","","255988.546150815","517105.193776781","강원특별자치도 화천군 상서면 파포리 770번지 6호","지자체시설","파포리상수도","",
"122","민방위급수시설","11_46_01_P","4311000","4311000-E201900001","2019-02-20","","01","영업/정상","18","사용중","","","","","","100","","강원특별자치도 화천군 사내면 삼일리 1124번지","","","삼일리 마을상수도","2023-06-10 15:06:28","I","2023-06-13 00:00:00","","247211.609731829","505236.954844424","강원특별자치도 화천군 사내면 삼일리 1124번지","지자체시설","삼일리 마을상수도","",
"123","민방위급수시설","11_46_01_P","4321000","4321000-E202100001","2021-06-23","","01","영업/정상","18","사용중","","","","","","100","","강원특별자치도 양구군 양구읍 동수리 407-5","강원특별자치도 양구군 양구읍 파로호로869번길 219","24515","민방위비상급수시설(민물고기부화장)","2024-01-22 17:27:19","U","2024-01-24 02:40:00","","285380.355563529","514461.452192547","강원특별자치도 양구군 양구읍 동수리 407-5","공공용시설","민방위비상급수시설(민물고기부화장)","",
"124","민방위급수시설","11_46_01_P","4321000","4321000-E202100002","2021-06-23","","01","영업/정상","18","사용중","","","","","","100","","강원특별자치도 양구군 양구읍 상리 399-4 양구청소년수련관","강원특별자치도 양구군 양구읍 박수근로 366-27, 양구청소년수련관","24519","민방위비상급수시설(청소년수련관)","2023-06-10 14:56:57","I","2023-06-13 00:00:00","","286032.427563084","511872.223321555","강원특별자치도 양구군 양구읍 상리 399-4 양구청소년수련관","공공용시설","민방위비상급수시설(청소년수련관)","",
"125","민방위급수시설","11_46_01_P","4321000","4321000-E199600001","1996-12-18","","01","영업/정상","18","사용중","","","","","","200","","강원특별자치도 양구군 양구읍 상리 394번지 14호","강원특별자치도 양구군 양구읍 비봉로73번길 52","","민방위비상급수시설(문화복지센터)","2024-02-27 19:44:15","U","2024-02-29 02:40:00","","286252.145920008","512237.930386482","강원특별자치도 양구군 양구읍 상리 394번지 14호","정부지원시설","민방위비상급수시설(문화복지센터)","",
"126","민방위급수시설","11_46_01_P","4331000","4331000-E199400001","1994-11-30","","01","영업/정상","18","사용중","","","","","","80","","강원특별자치도 인제군 인제읍 상동리 362번지 5호","강원특별자치도 인제군 인제읍 인제로205번길 2","","대도장","2025-07-23 15:27:24","U","2025-07-25 02:40:00","","302855.25947117","508081.259531472","강원특별자치도 인제군 인제읍 상동리 362번지 5호","공공용시설","대도장","",
"127","민방위급수시설","11_46_01_P","4331000","4331000-E201600001","2016-06-21","","01","영업/정상","18","사용중","","","","","","120","","강원특별자치도 인제군 서화면 천도리 601번지 4호","강원특별자치도 인제군 서화면 천도로 96","","금강산장","2025-07-23 11:28:21","U","2025-07-25 02:40:00","","305722.035359358","524893.601982238","강원특별자치도 인제군 서화면 천도리 601번지 4호","공공용시설","금강산장","",
"128","민방위급수시설","11_46_01_P","4331000","4331000-E200900003","2009-06-10","","01","영업/정상","18","사용중","","","","","","45","","강원특별자치도 인제군 인제읍 상동리 263번지 2호","강원특별자치도 인제군 인제읍 비봉로22번길 5","","동화장","2025-07-23 10:06:15","U","2025-07-25 02:40:00","","302857.382307214","507774.448063776","강원특별자치도 인제군 인제읍 상동리 263번지 2호","공공용시설","동화장","",
"129","민방위급수시설","11_46_01_P","4331000","4331000-E200500001","2006-06-09","","01","영업/정상","18","사용중","","","","","","160","","강원특별자치도 인제군 인제읍 남북리 435-11 자유수호공원 공중화장실","강원특별자치도 인제군 인제읍 살구미길 27-5, 자유수호공원 공중화장실","24638","살구미 비상급수시설","2025-06-16 17:43:19","U","2025-06-18 02:40:00","","302364.903081429","506772.980259824","강원특별자치도 인제군 인제읍 남북리 435-11 자유수호공원 공중화장실","지자체시설","살구미 비상급수시설","",
"130","민방위급수시설","11_46_01_P","4331000","4331000-E201400001","2014-10-24","","01","영업/정상","18","사용중","","","","","","170","","강원특별자치도 인제군 기린면 북리 1500","강원특별자치도 인제군 기린면 상하답로 130","24654","인제오토테마파크(스피디움)","2025-07-21 14:32:27","U","2025-07-23 02:40:00","","313347.093858807","500672.838290134","강원특별자치도 인제군 기린면 북리 1500","공공용시설","인제오토테마파크(스피디움)","",
"131","민방위급수시설","11_46_01_P","4331000","4331000-E201400002","2014-11-07","","01","영업/정상","18","사용중","","","","","","300","","강원특별자치도 인제군 북면 용대리 1528번지 12호","강원특별자치도 인제군 북면 십이선녀탕길 165","","내설악 미리내캠프","2025-07-23 10:10:36","U","2025-07-25 02:40:00","","312891.341455063","520476.435901066","강원특별자치도 인제군 북면 용대리 1528번지 12호","공공용시설","내설악 미리내캠프","",
"132","민방위급수시설","11_46_01_P","4341000","4341000-E200400001","2004-11-09","","01","영업/정상","18","사용중","","","","","","100","","강원특별자치도 고성군 죽왕면 225번지","강원특별자치도 고성군 죽왕면 송지호로 6","219-822","죽왕면 비상급수시설","2025-07-23 13:30:45","U","2025-07-25 02:40:00","","333090.458310263","537454.897215704","강원특별자치도 고성군 죽왕면 225번지","정부지원시설","죽왕면 비상급수시설","",
"133","민방위급수시설","11_46_01_P","4341000","4341000-E201700001","2017-10-19","","01","영업/정상","18","사용중","","","","","","100","","강원특별자치도 고성군 토성면 306번지 5호","강원특별자치도 고성군 토성면 봉포4길 46 (경동대학교)","24764","경동대학교 비상급수시설","2025-07-23 13:28:06","U","2025-07-25 02:40:00","","336060.642934211","528551.962122763","강원특별자치도 고성군 토성면 306번지 5호","공공용시설","경동대학교 비상급수시설","",
"134","민방위급수시설","11_46_01_P","4341000","4341000-E201900001","2019-09-02","","01","영업/정상","18","사용중","","","","","","250","","강원특별자치도 고성군 죽왕면 988번지 1호","강원특별자치도 고성군 죽왕면 순포로 188 (설악썬밸리리조트)","24750","설악쎈밸리 리조트 비상급수시설","2025-07-23 13:20:57","U","2025-07-25 02:40:00","","331315.273822987","535546.542085115","강원특별자치도 고성군 죽왕면 988번지 1호","공공용시설","설악쎈밸리 리조트 비상급수시설","",
"135","민방위급수시설","11_46_01_P","4341000","4341000-E202100001","2021-02-24","","01","영업/정상","18","사용중","","","","","","280","","강원특별자치도 고성군 현내면 마차진리 239","강원특별자치도 고성군 현내면 금강산로 416","24702","금강산콘도 비상급수시설","2025-07-23 13:16:15","U","2025-07-25 02:40:00","","323827.622943202","557255.90227721","강원특별자치도 고성군 현내면 마차진리 239","공공용시설","금강산콘도 비상급수시설","",
"136","민방위급수시설","11_46_01_P","4341000","4341000-E199600002","1996-12-13","","01","영업/정상","18","사용중","","","","","","300","","강원특별자치도 고성군 거진읍 거진리 432 거진고등학교","강원특별자치도 고성군 거진읍 거탄진로 39-7, 거진고등학교","24720","거진읍 비상급수시설","2025-07-23 13:29:59","U","2025-07-25 02:40:00","","326556.930983189","549575.81246848","강원특별자치도 고성군 거진읍 거진리 432 거진고등학교","정부지원시설","거진읍 비상급수시설","",
"137","민방위급수시설","11_46_01_P","4341000","4341000-E199600001","1996-12-20","","01","영업/정상","18","사용중","","","","","","200","","강원특별자치도 고성군 간성읍 신안리 192 간성초등학교","강원특별자치도 고성군 간성읍 간성로39번길 20, 간성초등학교","24736","간성읍 비상급수시설","2025-07-23 13:29:16","U","2025-07-25 02:40:00","","328321.344035992","542614.763040098","강원특별자치도 고성군 간성읍 신안리 192 간성초등학교","정부지원시설","간성읍 비상급수시설","",
"138","민방위급수시설","11_46_01_P","4351000","4351000-E199600002","1996-12-01","","01","영업/정상","18","사용중","","","","","","150","","강원특별자치도 양양군 양양읍 261번지","강원특별자치도 양양군 양양읍 포월새말길 23-13 (농공단지관리사무소)","25013","포월리 민방위 비상급수시설(생활용수)","2025-08-06 15:10:41","U","2025-08-09 02:40:00","","342693.690809772","511736.269131642","강원특별자치도 양양군 양양읍 261번지","정부지원시설","포월리 민방위 비상급수시설(생활용수)","",
"139","민방위급수시설","11_46_01_P","4351000","4351000-E199600001","1996-11-18","","01","영업/정상","18","사용중","","","","","","106","","강원특별자치도 양양군 양양읍 거마리 280번지 4호 거마리민방위비상급수시설","강원특별자치도 양양군 양양읍 거마천로 297-4, 거마리마을회관","25011","거마리 민방위 비상급수시설(음용수)","2025-08-06 15:05:43","U","2025-08-09 02:40:00","","339400.457157981","510872.282271374","강원특별자치도 양양군 양양읍 거마리 280번지 4호 거마리민방위비상급수시설","정부지원시설","거마리 민방위 비상급수시설(음용수)","",
"140","민방위급수시설","11_46_01_P","4351000","4351000-E202100001","2021-09-08","","01","영업/정상","18","사용중","","","","","","90","","강원특별자치도 양양군 양양읍 내곡리 34-3","강원특별자치도 양양군 양양읍 설악로 2624, 성내리 66, 성내리 민방위비상급수시설","25024","성내리 민방위 비상급수시설(음용수)","2025-08-06 11:41:10","U","2025-08-09 02:40:00","","341616.158079982","509517.234686343","강원특별자치도 양양군 양양읍 내곡리 34-3","공공용시설","성내리 민방위 비상급수시설(음용수)","",
"141","민방위급수시설","11_46_01_P","4181000","4181000-E200200005","2002-07-18","2013-03-14","04","취소/말소/만료/정지/중지","19","사용중지","2013-03-14","","","","","500","","강원특별자치도 춘천시 온의동  20번지  4   호","","","강원체고","2023-06-10 15:52:13","I","2023-06-13 00:00:00","","","","강원특별자치도 춘천시 온의동  20번지  4   호","공공용시설","강원체고","20130314",
"142","민방위급수시설","11_46_01_P","4181000","4181000-E200200006","1996-03-04","2016-11-24","04","취소/말소/만료/정지/중지","19","사용중지","2016-11-24","","","","","500","","강원특별자치도 춘천시 삼천동 300번지 3호","강원특별자치도 춘천시 스포츠타운길 376 (삼천동)","","춘천베어스관광호텔","2023-06-10 15:52:13","I","2023-06-13 00:00:00","","","","강원특별자치도 춘천시 삼천동 300번지 3호","공공용시설","춘천베어스관광호텔","20161124",
"143","민방위급수시설","11_46_01_P","4181000","4181000-E200600002","2006-08-23","2013-04-13","04","취소/말소/만료/정지/중지","19","사용중지","2013-04-13","","","","","1600","","강원특별자치도 춘천시 신동면 정족리 1007번지  1호","","","라데나골프장","2023-06-10 15:52:13","I","2023-06-13 00:00:00","","","","강원특별자치도 춘천시 신동면 정족리 1007번지  1호","민간시설","라데나골프장","20130413",
"144","민방위급수시설","11_46_01_P","4181000","4181000-E200700001","2007-07-23","2008-06-09","04","취소/말소/만료/정지/중지","19","사용중지","2008-06-09","","","","","0","","강원특별자치도 춘천시 후평동  575번지","","","비상급수시설","2023-06-10 15:52:13","I","2023-06-13 00:00:00","","","","강원특별자치도 춘천시 후평동  575번지","공공용시설","비상급수시설","20080609",
"145","민방위급수시설","11_46_01_P","4181000","4181000-E200800004","2008-04-17","2013-04-16","04","취소/말소/만료/정지/중지","19","사용중지","2013-04-16","","","","","200","","강원특별자치도 춘천시 후평동 448번지","","","더샾 포스코아파트","2023-06-10 15:52:13","I","2023-06-13 00:00:00","","","","강원특별자치도 춘천시 후평동 448번지","민간시설","더샾 포스코아파트","20130416",
"146","민방위급수시설","11_46_01_P","4181000","4181000-E200800006","2008-04-17","2015-08-24","04","취소/말소/만료/정지/중지","19","사용중지","2015-08-24","","","","","200","","강원특별자치도 춘천시 남산면 창촌리 223번지","강원특별자치도 춘천시 남산면 보매기길 45","","신일물수건","2023-06-10 15:52:13","I","2023-06-13 00:00:00","","","","강원특별자치도 춘천시 남산면 창촌리 223번지","민간시설","신일물수건","20150824",
"147","민방위급수시설","11_46_01_P","4181000","4181000-E198500001","1985-07-05","2014-05-19","04","취소/말소/만료/정지/중지","19","사용중지","2014-05-19","","","","","200","","강원특별자치도 춘천시 근화동 727번지","강원특별자치도 춘천시 공지로 480 (근화동)","","소양강모텔","2023-06-10 15:52:13","I","2023-06-13 00:00:00","","","","강원특별자치도 춘천시 근화동 727번지","민간시설","소양강모텔","20140519",
"148","민방위급수시설","11_46_01_P","4181000","4181000-E200400002","2004-03-02","2022-12-23","04","취소/말소/만료/정지/중지","19","사용중지","2022-12-23","","","","","150","","강원특별자치도 춘천시 효자동 740번지 6호","강원특별자치도 춘천시 춘천로213번길 9 (효자동)","24261","바위목욕탕","2023-06-10 15:52:13","I","2023-06-13 00:00:00","","264777.033299891","486429.36443569","강원특별자치도 춘천시 효자동 740번지 6호","민간시설","바위목욕탕","20221223",
"149","민방위급수시설","11_46_01_P","4181000","4181000-E200000001","2000-01-01","2006-08-23","04","취소/말소/만료/정지/중지","19","사용중지","2006-08-23","","","","","250","","강원특별자치도 춘천시 소양로3가  67번지  2   호","","","덕수장 여관","2023-06-10 15:52:13","I","2023-06-13 00:00:00","","","","강원특별자치도 춘천시 소양로3가  67번지  2   호","민간시설","덕수장 여관","20060823",
"150","민방위급수시설","11_46_01_P","4181000","4181000-E200200002","2002-02-01","2006-08-23","04","취소/말소/만료/정지/중지","19","사용중지","2006-08-23","","","","","150","","강원특별자치도 춘천시 효자동  656번지","","","회정부페","2023-06-10 15:52:13","I","2023-06-13 00:00:00","","","","강원특별자치도 춘천시 효자동  656번지","민간시설","회정부페","20060823",
"151","민방위급수시설","11_46_01_P","4181000","4181000-E200200003","1996-01-01","2017-01-16","04","취소/말소/만료/정지/중지","19","사용중지","2017-01-16","","","","","100","","강원특별자치도 춘천시 효자동 652번지 5호","강원특별자치도 춘천시 춘천로 144-0 (효자동)","24336","삼성애니카랜드","2023-06-10 15:52:13","I","2023-06-13 00:00:00","","264635.080803852","486111.146883642","강원특별자치도 춘천시 효자동 652번지 5호","민간시설","삼성애니카랜드","20170116",
"152","민방위급수시설","11_46_01_P","4181000","4181000-E197000001","1970-08-15","2008-05-01","04","취소/말소/만료/정지/중지","19","사용중지","2008-05-01","","","","","200","","강원특별자치도 춘천시 근화동  730번지  15  호","","","위텍세차장","2023-06-10 15:52:13","I","2023-06-13 00:00:00","","","","강원특별자치도 춘천시 근화동  730번지  15  호","민간시설","위텍세차장","20080501",
"153","민방위급수시설","11_46_01_P","4181000","4181000-E199500001","1995-07-10","2006-08-23","04","취소/말소/만료/정지/중지","19","사용중지","2006-08-23","","","","","200","","강원특별자치도 춘천시 근화동  284번지  1   호","","","리츠여관","2023-06-10 15:52:13","I","2023-06-13 00:00:00","","","","강원특별자치도 춘천시 근화동  284번지  1   호","민간시설","리츠여관","20060823",
"154","민방위급수시설","11_46_01_P","4181000","4181000-E201200001","2020-10-30","2023-04-24","04","취소/말소/만료/정지/중지","19","사용중지","2023-04-24","","","","","244","","강원특별자치도 춘천시 신북읍 868번지","강원특별자치도 춘천시 신북읍 성문길 178-2","24202","팔각정","2023-06-10 15:52:13","I","2023-06-13 00:00:00","","263037.305093711","495750.187509966","강원특별자치도 춘천시 신북읍 868번지","공공용시설","팔각정","20230424",
"155","민방위급수시설","11_46_01_P","4181000","4181000-E200000002","2000-09-21","2010-12-01","04","취소/말소/만료/정지/중지","19","사용중지","2010-12-01","","","","","100","","강원특별자치도 춘천시 효자동 148번지 2호","","","호반목욕탕","2023-06-10 15:52:13","I","2023-06-13 00:00:00","","","","강원특별자치도 춘천시 효자동 148번지 2호","민간시설","호반목욕탕","20101201",
"156","민방위급수시설","11_46_01_P","4181000","4181000-E200300005","2003-07-11","2022-12-23","04","취소/말소/만료/정지/중지","19","사용중지","2022-12-23","","","","","600","","강원특별자치도 춘천시 약사동 150번지 10호","강원특별자치도 춘천시 춘천로81번길 10-3 (약사동)","24356","자수정 사우나","2023-06-10 15:52:13","I","2023-06-13 00:00:00","","263722.871319233","485783.524732697","강원특별자치도 춘천시 약사동 150번지 10호","민간시설","자수정 사우나","20221223",
"157","민방위급수시설","11_46_01_P","4181000","4181000-E200800008","2008-04-16","2017-04-03","04","취소/말소/만료/정지/중지","19","사용중지","2017-04-03","","","","","500","","","강원특별자치도 춘천시 삭주로 77 (교동, 춘천성심병원)","24253","한림성심대학병원","2023-06-10 15:52:13","I","2023-06-13 00:00:00","","264995.790705309","487048.050495199","","민간시설","한림성심대학병원","20170403",
"158","민방위급수시설","11_46_01_P","4181000","4181000-E201500001","2015-10-12","2016-04-26","04","취소/말소/만료/정지/중지","19","사용중지","2016-04-26","","","","","160","","강원특별자치도 춘천시 석사동 866번지 506동","강원특별자치도 춘천시 지석로 29 (석사동, 휴먼타운아파트)","24413","휴먼타운아파트(506동)","2023-06-10 15:52:13","I","2023-06-13 00:00:00","","265015.255730082","483684.782431286","강원특별자치도 춘천시 석사동 866번지 506동","민간시설","휴먼타운아파트(506동)","20160426",
"159","민방위급수시설","11_46_01_P","4181000","4181000-E201500002","2015-10-12","2016-04-26","04","취소/말소/만료/정지/중지","19","사용중지","2016-04-26","","","","","100","","강원특별자치도 춘천시 석사동 866번지 516동","강원특별자치도 춘천시 지석로 29 (석사동, 휴먼타운아파트)","24413","휴먼타운아파트(516동)","2023-06-10 15:52:13","I","2023-06-13 00:00:00","","265015.255730082","483684.782431286","강원특별자치도 춘천시 석사동 866번지 516동","민간시설","휴먼타운아파트(516동)","20160426",
"160","민방위급수시설","11_46_01_P","4181000","4181000-E198500005","1985-02-13","2006-08-23","04","취소/말소/만료/정지/중지","19","사용중지","2006-08-23","","","","","200","","강원특별자치도 춘천시 근화동  283번지  12  호","","","오미장여관","2023-06-10 15:52:13","I","2023-06-13 00:00:00","","","","강원특별자치도 춘천시 근화동  283번지  12  호","민간시설","오미장여관","20060823",
"161","민방위급수시설","11_46_01_P","4181000","4181000-E200400003","2004-05-01","2013-01-21","04","취소/말소/만료/정지/중지","19","사용중지","2013-01-21","","","","","200","","강원특별자치도 춘천시 효자동  681번지  20  호","","","행복예식장","2023-06-10 15:52:13","I","2023-06-13 00:00:00","","","","강원특별자치도 춘천시 효자동  681번지  20  호","민간시설","행복예식장","20130121",
"162","민방위급수시설","11_46_01_P","4181000","4181000-E200400005","2004-01-01","2015-10-15","04","취소/말소/만료/정지/중지","19","사용중지","2015-10-15","","","","","187","","강원특별자치도 춘천시 신북읍 천전리 171번지 상천초등학교","강원특별자치도 춘천시 신북읍 상천2길 19","","상천초등학교","2023-06-10 15:52:13","I","2023-06-13 00:00:00","","","","강원특별자치도 춘천시 신북읍 천전리 171번지 상천초등학교","공공용시설","상천초등학교","20151015",
"163","민방위급수시설","11_46_01_P","4181000","4181000-E199100004","1991-07-11","2016-04-26","04","취소/말소/만료/정지/중지","19","사용중지","2016-04-26","","","","","300","","강원특별자치도 춘천시 옥천동 111번지 1호","강원특별자치도 춘천시 시청길 11 (옥천동)","","춘천시청","2023-06-10 15:52:13","I","2023-06-13 00:00:00","","","","강원특별자치도 춘천시 옥천동 111번지 1호","정부지원시설","춘천시청","20160426",
"164","민방위급수시설","11_46_01_P","4181000","4181000-E200200004","2002-07-18","2013-04-05","04","취소/말소/만료/정지/중지","19","사용중지","2013-04-05","","","","","760","","강원특별자치도 춘천시 후평동  15번지   호","","","호반초등학교","2023-06-10 15:52:13","I","2023-06-13 00:00:00","","","","강원특별자치도 춘천시 후평동  15번지   호","공공용시설","호반초등학교","20130405",
"165","민방위급수시설","11_46_01_P","4181000","4181000-E199600003","1996-03-04","2015-02-27","04","취소/말소/만료/정지/중지","19","사용중지","2015-02-27","","","","","700","","강원특별자치도 춘천시 삼천동 792번지","강원특별자치도 춘천시 스포츠타운길 317 (삼천동)","","춘천라데나콘도미니엄","2023-06-10 15:52:13","I","2023-06-13 00:00:00","","","","강원특별자치도 춘천시 삼천동 792번지","공공용시설","춘천라데나콘도미니엄","20150227",
"166","민방위급수시설","11_46_01_P","4181000","4181000-E201300004","2013-04-05","2014-01-29","04","취소/말소/만료/정지/중지","19","사용중지","2014-01-29","","","","","100","","강원특별자치도 춘천시 온의동 513번지 1호","강원특별자치도 춘천시 경춘로 2370 (온의동)","","한국교직원공제회관","2023-06-10 15:52:13","I","2023-06-13 00:00:00","","","","강원특별자치도 춘천시 온의동 513번지 1호","공공용시설","한국교직원공제회관","20140129",
"167","민방위급수시설","11_46_01_P","4191000","4191000-E201500001","2015-10-23","2015-10-23","04","취소/말소/만료/정지/중지","19","사용중지","2015-10-23","","","","","2500","","강원특별자치도 원주시 명륜동 847번지 2호","강원특별자치도 원주시  남원로  443 (명륜동)","220-724","현진에버빌아파트 지하주차장","2023-06-10 16:14:36","I","2023-06-13 00:00:00","","283131.757263038","425310.858363076","강원특별자치도 원주시 명륜동 847번지 2호","민간시설","현진에버빌아파트 지하주차장","20151023",
"168","민방위급수시설","11_46_01_P","4191000","4191000-E200300019","2003-05-13","2019-11-13","04","취소/말소/만료/정지/중지","19","사용중지","2019-11-13","","","","","100","","강원특별자치도 원주시 문막읍 303번지 3호","강원특별자치도 원주시 문막읍 문막시장1길 26 (복지회관)","26373","문막복지회관","2023-06-10 16:14:36","I","2023-06-13 00:00:00","","272317.106361692","423150.681636425","강원특별자치도 원주시 문막읍 303번지 3호","정부지원시설","문막복지회관","20191113",
"169","민방위급수시설","11_46_01_P","4191000","4191000-E200300028","2003-05-27","2022-09-06","04","취소/말소/만료/정지/중지","19","사용중지","2022-09-06","","","","","250","","강원특별자치도 원주시 단계동 806번지 1호","강원특별자치도 원주시 봉화로 122 (단계동, 현진아파트)","26410","현진아파트","2023-06-10 16:14:36","I","2023-06-13 00:00:00","","282228.233866194","428547.503685081","강원특별자치도 원주시 단계동 806번지 1호","민간시설","현진아파트","20220906",
"170","민방위급수시설","11_46_01_P","4191000","4191000-E200300029","2003-05-27","2004-08-13","04","취소/말소/만료/정지/중지","19","사용중지","2004-08-13","","","","","500","","단계동808","","","삼익아파트","2023-06-10 16:14:36","I","2023-06-13 00:00:00","","","","단계동808","민간시설","삼익아파트","20040813",
"171","민방위급수시설","11_46_01_P","4191000","4191000-E200300030","2003-05-27","2015-07-06","04","취소/말소/만료/정지/중지","19","사용중지","2015-07-06","","","","","250","","강원특별자치도 원주시 단구동 1517번지 4호","강원특별자치도 원주시 남원로 492 (단구동)","","구곡현대1차아파트","2023-06-10 16:14:36","I","2023-06-13 00:00:00","","","","강원특별자치도 원주시 단구동 1517번지 4호","민간시설","구곡현대1차아파트","20150706",
"172","민방위급수시설","11_46_01_P","4191000","4191000-E200400003","2004-03-29","2013-06-19","04","취소/말소/만료/정지/중지","19","사용중지","2013-06-19","","","","","30","","강원특별자치도 원주시 명륜동 342번지","강원특별자치도 원주시 서원대로 311 (명륜동)","","종합운동장","2023-06-10 16:14:36","I","2023-06-13 00:00:00","","","","강원특별자치도 원주시 명륜동 342번지","공공용시설","종합운동장","20130619",
"173","민방위급수시설","11_46_01_P","4191000","4191000-E200500001","2005-05-30","2019-11-13","04","취소/말소/만료/정지/중지","19","사용중지","2019-11-13","","","","","100","","강원특별자치도 원주시 원동 295번지","강원특별자치도 원주시 무실로 121 (원동, 원동주공아파트)","26438","원동아파트","2023-06-10 16:14:36","I","2023-06-13 00:00:00","","283565.220405635","427117.631606004","강원특별자치도 원주시 원동 295번지","민간시설","원동아파트","20191113",
"174","민방위급수시설","11_46_01_P","4191000","4191000-E200500002","2005-09-01","2011-04-14","04","취소/말소/만료/정지/중지","19","사용중지","2011-04-14","","","","","250","","강원특별자치도 원주시 단계동  880번지","","","코오롱아파트","2023-06-10 16:14:36","I","2023-06-13 00:00:00","","","","강원특별자치도 원주시 단계동  880번지","민간시설","코오롱아파트","20110414",
"175","민방위급수시설","11_46_01_P","4191000","4191000-E200300026","2003-05-27","2021-09-01","04","취소/말소/만료/정지/중지","19","사용중지","2021-09-01","","","","","627","","강원특별자치도 원주시 명륜동 710번지","강원특별자치도 원주시 예술관길 32 (명륜동, 행운아파트)","26479","명륜3차아파트","2023-06-10 16:14:36","I","2023-06-13 00:00:00","","283271.712433622","426063.40324001","강원특별자치도 원주시 명륜동 710번지","민간시설","명륜3차아파트","20210901",
"176","민방위급수시설","11_46_01_P","4201000","4201000-E201600001","2016-05-13","2025-01-09","04","취소/말소/만료/정지/중지","19","사용중지","2025-01-09","","","","","618","","강원특별자치도 강릉시 주문진읍 1207번지 8호","강원특별자치도 강릉시 주문진읍 농공단지길 28-29","25422","비상급수시설(주)정필강릉지점","2025-07-17 16:47:54","U","2025-07-19 02:40:00","","360636.434140534","486866.872080174","강원특별자치도 강릉시 주문진읍 1207번지 8호","공공용시설","비상급수시설(주)정필강릉지점","20250109",
"177","민방위급수시설","11_46_01_P","4201000","4201000-E198800001","1988-10-31","2005-12-13","04","취소/말소/만료/정지/중지","19","사용중지","2005-12-13","","","","","2680","","강원특별자치도 강릉시 회산동  81","","","주식회사 두산경원 비상급수시설","2023-06-10 16:22:00","I","2023-06-13 00:00:00","","","","강원특별자치도 강릉시 회산동  81","민간시설","주식회사 두산경원 비상급수시설","20051213",
"178","민방위급수시설","11_46_01_P","4201000","4201000-E199700001","1997-04-02","2005-12-13","04","취소/말소/만료/정지/중지","19","사용중지","2005-12-13","","","","","120","","강원특별자치도 강릉시 내곡동  620","","","내곡주공아파트 입구 비상급수시설","2023-06-10 16:22:00","I","2023-06-13 00:00:00","","","","강원특별자치도 강릉시 내곡동  620","공공용시설","내곡주공아파트 입구 비상급수시설","20051213",
"179","민방위급수시설","11_46_01_P","4201000","4201000-E199600001","1996-12-08","2005-12-13","04","취소/말소/만료/정지/중지","19","사용중지","2005-12-13","","","","","141","","강원특별자치도 강릉시 내곡동  75","","","강릉시청 비상급수시설-3","2023-06-10 16:22:00","I","2023-06-13 00:00:00","","","","강원특별자치도 강릉시 내곡동  75","정부지원시설","강릉시청 비상급수시설-3","20051213",
"180","민방위급수시설","11_46_01_P","4201000","4201000-E199800001","1998-03-15","2005-12-13","04","취소/말소/만료/정지/중지","19","사용중지","2005-12-13","","","","","106","","강원특별자치도 강릉시 교동  408","","","강릉시 비상급수시설-5","2023-06-10 16:22:00","I","2023-06-13 00:00:00","","","","강원특별자치도 강릉시 교동  408","정부지원시설","강릉시 비상급수시설-5","20051213",
"181","민방위급수시설","11_46_01_P","4201000","4201000-E199700003","1997-04-02","2011-12-26","04","취소/말소/만료/정지/중지","19","사용중지","2011-12-26","","","","","120","","강원특별자치도 강릉시 내곡동 620번지","","","비상급수시설 (내곡 주공아파트 옆공원)","2023-06-10 16:22:00","I","2023-06-13 00:00:00","","","","강원특별자치도 강릉시 내곡동 620번지","정부지원시설","비상급수시설 (내곡 주공아파트 옆공원)","20111226",
"182","민방위급수시설","11_46_01_P","4221000","4221000-E200900002","2009-04-09","2021-05-24","04","취소/말소/만료/정지/중지","19","사용중지","2021-05-24","","","","","150","","강원특별자치도 태백시 장성동 58번지 18호","강원특별자치도 태백시 하장성2길 7 (장성동)","26047","태양사우나","2023-06-10 16:34:21","I","2023-06-13 00:00:00","","379745.269840471","402014.189642801","강원특별자치도 태백시 장성동 58번지 18호","민간시설","태양사우나","20210524",
"183","민방위급수시설","11_46_01_P","4221000","4221000-E200900003","2009-03-25","2020-01-15","04","취소/말소/만료/정지/중지","19","사용중지","2020-01-15","","","","","100","","강원특별자치도 태백시 철암동 96번지 1호","강원특별자치도 태백시 머리골길 108-38 (철암동, 고원농업시험장)","26046","강원도농업기술원 산채연구소 고원분소","2023-06-10 16:34:21","I","2023-06-13 00:00:00","","382896.323239787","404076.161104371","강원특별자치도 태백시 철암동 96번지 1호","지자체시설","강원도농업기술원 산채연구소 고원분소","20200115",
"184","민방위급수시설","11_46_01_P","4221000","4221000-E198800001","1988-01-01","2025-06-05","04","취소/말소/만료/정지/중지","19","사용중지","2025-06-05","","","","","144","","강원특별자치도 태백시 황지동 13번지 7호","강원특별자치도 태백시 황지북2길 30 (황지동)","","하정사우나","2025-08-11 17:39:46","U","2025-08-13 02:40:00","","376731.534262113","409963.260457425","강원특별자치도 태백시 황지동 13번지 7호","공공용시설","하정사우나","20250605",
"185","민방위급수시설","11_46_01_P","4231000","4231000-E200200001","2002-07-04","2019-11-12","04","취소/말소/만료/정지/중지","19","사용중지","2019-11-12","","","","","100","","강원특별자치도 속초시 조양동 420번지","강원특별자치도 속초시 청대마을2길 10 (조양동)","24869","산수빌아파트 인근 비상급수시설","2023-06-10 16:00:15","I","2023-06-13 00:00:00","","","","강원특별자치도 속초시 조양동 420번지","정부지원시설","산수빌아파트 인근 비상급수시설","20191112",
"186","민방위급수시설","11_46_01_P","4231000","4231000-E199100001","1991-05-13","2006-09-19","04","취소/말소/만료/정지/중지","19","사용중지","2006-09-19","","","","","110","","조양동 1401","","","웰컴콘도 민방위비상급수시설","2023-06-10 16:00:15","I","2023-06-13 00:00:00","","","","조양동 1401","민간시설","웰컴콘도 민방위비상급수시설","20060919",
"187","민방위급수시설","11_46_01_P","4231000","4231000-E199100002","1991-07-09","2006-09-19","04","취소/말소/만료/정지/중지","19","사용중지","2006-09-19","","","","","300","","강원특별자치도 속초시 노학동 746번지 96호","강원특별자치도 속초시  관광로408번길  14 (노학동)","","설악파인리조트 민방위비상급수시설","2023-06-10 16:00:15","I","2023-06-13 00:00:00","","","","강원특별자치도 속초시 노학동 746번지 96호","민간시설","설악파인리조트 민방위비상급수시설","20060919",
"188","민방위급수시설","11_46_01_P","4231000","4231000-E199300001","1993-11-23","2003-03-25","04","취소/말소/만료/정지/중지","19","사용중지","2003-03-25","","","","","300","","중앙동 473-31","","","동화장 민방위비상급수시설","2023-06-10 16:00:15","I","2023-06-13 00:00:00","","","","중앙동 473-31","민간시설","동화장 민방위비상급수시설","20030325",
"189","민방위급수시설","11_46_01_P","4231000","4231000-E198500001","1985-04-09","2006-09-19","04","취소/말소/만료/정지/중지","19","사용중지","2006-09-19","","","","","100","","노학동 972-1","","","척산온천휴양촌 민방위비상급수시설","2023-06-10 16:00:15","I","2023-06-13 00:00:00","","","","노학동 972-1","민간시설","척산온천휴양촌 민방위비상급수시설","20060919",
"190","민방위급수시설","11_46_01_P","4231000","4231000-E198100002","1981-12-26","2016-11-03","04","취소/말소/만료/정지/중지","19","사용중지","2016-11-03","","","","","250","","강원특별자치도 속초시 설악동 74번지 3호","강원특별자치도 속초시  설악산로  852-15 (설악동)","","설악파크호텔 민방위급수시설","2023-06-10 16:00:15","I","2023-06-13 00:00:00","","","","강원특별자치도 속초시 설악동 74번지 3호","민간시설","설악파크호텔 민방위급수시설","20161103",
"191","민방위급수시설","11_46_01_P","4241000","4241000-E199400001","1994-12-24","2015-12-28","04","취소/말소/만료/정지/중지","19","사용중지","2015-12-28","","","","","200","","강원특별자치도 삼척시 마달동 53번지 4호","강원특별자치도 삼척시  마달1길  75 (마달동)","245-120","비상급수시설(누가아파트)","2023-06-10 15:52:08","I","2023-06-13 00:00:00","","390836.003503049","441381.332215474","강원특별자치도 삼척시 마달동 53번지 4호","민간시설","비상급수시설(누가아파트)","20151228",
"192","민방위급수시설","11_46_01_P","4241000","4241000-E199500001","1995-02-01","2005-03-09","04","취소/말소/만료/정지/중지","19","사용중지","2005-03-09","","","","","200","","강원특별자치도 삼척시 마달동  산26번지  1 호 누가아파트","","","누가아파트비상급수시설","2023-06-10 15:52:08","I","2023-06-13 00:00:00","","","","강원특별자치도 삼척시 마달동  산26번지  1 호 누가아파트","민간시설","누가아파트비상급수시설","20050309",
"193","민방위급수시설","11_46_01_P","4241000","4241000-E200200004","2002-12-10","2005-03-09","04","취소/말소/만료/정지/중지","19","사용중지","2005-03-09","","","","","20","","노곡면 하월산리 169","","","노곡면비상급수","2023-06-10 15:52:08","I","2023-06-13 00:00:00","","","","노곡면 하월산리 169","민간시설","노곡면비상급수","20050309",
"194","민방위급수시설","11_46_01_P","4251000","4251000-E200100001","2001-12-31","2024-01-29","04","취소/말소/만료/정지/중지","19","사용중지","2024-01-29","","","","","81","","강원특별자치도 홍천군 홍천읍 468번지","강원특별자치도 홍천군 홍천읍 홍천로 677 (홍천군농업기술센터)","25126","홍천군농업기술센터","2024-01-30 17:34:27","U","2024-02-01 02:40:00","","280226.239486459","467800.939479263","강원특별자치도 홍천군 홍천읍 468번지","정부지원시설","홍천군농업기술센터","20240129",
"195","민방위급수시설","11_46_01_P","4271000","4271000-E201100003","2011-07-12","2023-06-14","04","취소/말소/만료/정지/중지","19","사용중지","2023-06-14","","","","","1800","","강원특별자치도 영월군 영월읍 108번지","강원특별자치도 영월군 영월읍 사지막길 160 (동강시스타)","26223","탑스텐동강리조트 1","2023-07-12 17:42:29","U","2023-07-14 02:40:00","","334737.971789668","413950.472458217","강원특별자치도 영월군 영월읍 108번지","민간시설","탑스텐동강리조트 1","20230614",
"196","민방위급수시설","11_46_01_P","4281000","4281000-E200800001","2008-01-02","2008-05-09","04","취소/말소/만료/정지/중지","19","사용중지","2008-05-09","","","","","7.5","","강원특별자치도 평창군 용평면 이목정리 135번지 6호 1통","","","민방위비상급수시설","2023-06-10 14:00:22","I","2023-06-13 00:00:00","","","","강원특별자치도 평창군 용평면 이목정리 135번지 6호 1통","공공용시설","민방위비상급수시설","20080509",
"197","민방위급수시설","11_46_01_P","4301000","4301000-E201100002","2011-01-13","2020-01-29","04","취소/말소/만료/정지/중지","19","사용중지","2020-01-29","","","","","100","","강원특별자치도 철원군 동송읍 20번지 20호","강원특별자치도 철원군 동송읍 태봉로 1799-22 (한탄리버 스파호텔)","24023","한탄리버스파호텔","2023-06-10 15:00:15","I","2023-06-13 00:00:00","","225376.4902074","520439.514215391","강원특별자치도 철원군 동송읍 20번지 20호","민간시설","한탄리버스파호텔","20200129",
"198","민방위급수시설","11_46_01_P","4301000","4301000-E201100003","2011-01-13","2014-10-27","04","취소/말소/만료/정지/중지","19","사용중지","2014-10-27","","","","","400","","강원특별자치도 철원군 서면 자등리 1748번지 5호","강원특별자치도 철원군 서면 자등로 134-74","","AN아카데미텔","2023-06-10 15:00:15","I","2023-06-13 00:00:00","","","","강원특별자치도 철원군 서면 자등리 1748번지 5호","민간시설","AN아카데미텔","20141027",
"199","민방위급수시설","11_46_01_P","4301000","4301000-E201100005","2011-01-13","2013-05-30","04","취소/말소/만료/정지/중지","19","사용중지","2013-05-30","","","","","350","","","강원특별자치도 철원군 서면 자등로 134-74","","AN아카데미텔","2023-06-10 15:00:15","I","2023-06-13 00:00:00","","","","","민간시설","AN아카데미텔","20130530",
"200","민방위급수시설","11_46_01_P","4301000","4301000-E199800003","1996-07-21","2020-11-11","04","취소/말소/만료/정지/중지","19","사용중지","2020-11-11","","","","","250","","강원특별자치도 철원군 동송읍 3284번지","강원특별자치도 철원군 동송읍 태봉로 2427 (이슬화후지)","24010","평화영농","2023-06-10 15:00:15","I","2023-06-13 00:00:00","","220636.125857689","523813.799602985","강원특별자치도 철원군 동송읍 3284번지","공공용시설","평화영농","20201111",
"201","민방위급수시설","11_46_01_P","4301000","4301000-E199700002","1997-07-01","2011-02-11","04","취소/말소/만료/정지/중지","19","사용중지","2011-02-11","","","","","187","","강원특별자치도 철원군 갈말읍 문혜리 1383번지 8호","","","한양영농조합-01","2023-06-10 15:00:15","I","2023-06-13 00:00:00","","","","강원특별자치도 철원군 갈말읍 문혜리 1383번지 8호","민간시설","한양영농조합-01","20110211",
"202","민방위급수시설","11_46_01_P","4301000","4301000-E199700003","1997-07-01","2011-02-11","04","취소/말소/만료/정지/중지","19","사용중지","2011-02-11","","","","","250","","강원특별자치도 철원군 갈말읍 문혜리 1383번지 8호","","","한양영농조합-02","2023-06-10 15:00:15","I","2023-06-13 00:00:00","","","","강원특별자치도 철원군 갈말읍 문혜리 1383번지 8호","민간시설","한양영농조합-02","20110211",
"203","민방위급수시설","11_46_01_P","4301000","4301000-E199700004","1997-10-28","2005-07-25","04","취소/말소/만료/정지/중지","19","사용중지","2005-07-25","","","","","120","","강원특별자치도 철원군 동송읍 이평리 860번지","","","동송읍사무소","2023-06-10 15:00:15","I","2023-06-13 00:00:00","","","","강원특별자치도 철원군 동송읍 이평리 860번지","정부지원시설","동송읍사무소","20050725",
"204","민방위급수시설","11_46_01_P","4311000","4311000-E201100001","2011-04-21","2011-06-22","04","취소/말소/만료/정지/중지","19","사용중지","2011-06-22","","","","","100","","강원특별자치도 화천군 간동면 유촌리 614번지","","","간동면사무소","2023-06-10 15:06:28","I","2023-06-13 00:00:00","","","","강원특별자치도 화천군 간동면 유촌리 614번지","지자체시설","간동면사무소","20110622",
"205","민방위급수시설","11_46_01_P","4311000","4311000-E201600004","2016-11-08","2019-02-20","04","취소/말소/만료/정지/중지","19","사용중지","2019-02-20","","","","","60","","강원특별자치도 화천군 사내면 용담리 275번지 4호","","","용담리상수도","2023-06-10 15:06:28","I","2023-06-13 00:00:00","","247943.646075928","505966.293288132","강원특별자치도 화천군 사내면 용담리 275번지 4호","지자체시설","용담리상수도","20190220",
"206","민방위급수시설","11_46_01_P","4321000","4321000-E201200004","2012-01-02","2021-06-23","04","취소/말소/만료/정지/중지","19","사용중지","2021-06-23","","","","","100","","강원특별자치도 양구군 양구읍 399번지","강원특별자치도 양구군 양구읍 박수근로 366-33 (국민체육센터)","24519","민방위비상급수시설","2023-06-10 14:56:57","I","2023-06-13 00:00:00","","286020.242681973","511951.091914673","강원특별자치도 양구군 양구읍 399번지","지자체시설","민방위비상급수시설","20210623",
"207","민방위급수시설","11_46_01_P","4321000","4321000-E201500001","2015-06-05","2021-06-23","04","취소/말소/만료/정지/중지","19","사용중지","2021-06-23","","","","","100","","강원특별자치도 양구군 동면 872번지 3호","강원특별자치도 양구군 동면 금강산로1831번길 55","24507","비상급수시설","2023-06-10 14:56:57","I","2023-06-13 00:00:00","","290815.473414326","524187.163828918","강원특별자치도 양구군 동면 872번지 3호","민간시설","비상급수시설","20210623",
"208","민방위급수시설","11_46_01_P","4331000","4331000-E199400002","1994-11-30","2007-12-12","04","취소/말소/만료/정지/중지","19","사용중지","2007-12-12","","","","","0","","강원특별자치도 인제군 인제읍 남북리  2 6","","","봉산식품","2023-06-10 13:27:11","I","2023-06-13 00:00:00","","","","강원특별자치도 인제군 인제읍 남북리  2 6","민간시설","봉산식품","20071212",
"209","민방위급수시설","11_46_01_P","4331000","4331000-E199400003","1994-11-01","2008-01-29","04","취소/말소/만료/정지/중지","19","사용중지","2008-01-29","","","","","0","","강원특별자치도 인제군 서화면 천도리 2통 1  반","","","천도2리 대성지하수","2023-06-10 13:27:11","I","2023-06-13 00:00:00","","","","강원특별자치도 인제군 서화면 천도리 2통 1  반","민간시설","천도2리 대성지하수","20080129",
"210","민방위급수시설","11_46_01_P","4331000","4331000-E199700001","1997-12-01","2008-01-29","04","취소/말소/만료/정지/중지","19","사용중지","2008-01-29","","","","","200","","강원특별자치도 인제군 서화면 천도리 853번지  2   호 1  통   반","","","서화면 천도리 양지말지하수","2023-06-10 13:27:11","I","2023-06-13 00:00:00","","","","강원특별자치도 인제군 서화면 천도리 853번지  2   호 1  통   반","민간시설","서화면 천도리 양지말지하수","20080129",
"211","민방위급수시설","11_46_01_P","4331000","4331000-E199900001","1999-06-19","2007-12-21","04","취소/말소/만료/정지/중지","19","사용중지","2007-12-21","","","","","30","","강원특별자치도 인제군 기린면 현리 1226 6   4","","","용포리조타운","2023-06-10 13:27:11","I","2023-06-13 00:00:00","","","","강원특별자치도 인제군 기린면 현리 1226 6   4","민간시설","용포리조타운","20071221",
"212","민방위급수시설","11_46_01_P","4331000","4331000-E199900002","1999-06-29","2007-12-21","04","취소/말소/만료/정지/중지","19","사용중지","2007-12-21","","","","","30","","강원특별자치도 인제군 기린면 북리 1359 3   3","","","명진농장","2023-06-10 13:27:11","I","2023-06-13 00:00:00","","","","강원특별자치도 인제군 기린면 북리 1359 3   3","민간시설","명진농장","20071221",
"213","민방위급수시설","11_46_01_P","4331000","4331000-E199900003","1999-06-29","2007-12-21","04","취소/말소/만료/정지/중지","19","사용중지","2007-12-21","","","","","0","","강원특별자치도 인제군 기린면 방동리 792 1   3","","","기린농협 제2가공공장","2023-06-10 13:27:11","I","2023-06-13 00:00:00","","","","강원특별자치도 인제군 기린면 방동리 792 1   3","민간시설","기린농협 제2가공공장","20071221",
"214","민방위급수시설","11_46_01_P","4331000","4331000-E200700006","2008-06-02","2009-06-10","04","취소/말소/만료/정지/중지","19","사용중지","2009-06-10","","","","","30","","강원특별자치도 인제군 기린면 방동리 둔덕동","","","둔덕동","2023-06-10 13:27:11","I","2023-06-13 00:00:00","","","","강원특별자치도 인제군 기린면 방동리 둔덕동","지자체시설","둔덕동","20090610",
"215","민방위급수시설","11_46_01_P","4331000","4331000-E200700007","2007-12-24","2009-06-10","04","취소/말소/만료/정지/중지","19","사용중지","2009-06-10","","","","","200","","강원특별자치도 인제군 남면 남전리 1리","","","남전","2023-06-10 13:27:11","I","2023-06-13 00:00:00","","","","강원특별자치도 인제군 남면 남전리 1리","지자체시설","남전","20090610",
"216","민방위급수시설","11_46_01_P","4331000","4331000-E200700008","2008-01-02","2009-06-10","04","취소/말소/만료/정지/중지","19","사용중지","2009-06-10","","","","","30","","강원특별자치도 인제군 남면 남전리 2리","","","소류정","2023-06-10 13:27:11","I","2023-06-13 00:00:00","","","","강원특별자치도 인제군 남면 남전리 2리","지자체시설","소류정","20090610",
"217","민방위급수시설","11_46_01_P","4331000","4331000-E200700009","2008-06-02","2009-06-10","04","취소/말소/만료/정지/중지","19","사용중지","2009-06-10","","","","","54","","강원특별자치도 인제군 남면 부평리 5반","","","멧고개","2023-06-10 13:27:11","I","2023-06-13 00:00:00","","","","강원특별자치도 인제군 남면 부평리 5반","지자체시설","멧고개","20090610",
"218","민방위급수시설","11_46_01_P","4331000","4331000-E200700010","2008-06-02","2009-06-10","04","취소/말소/만료/정지/중지","19","사용중지","2009-06-10","","","","","200","","강원특별자치도 인제군 인제읍 349번지 6호","","","귀둔리","2023-06-10 13:27:11","I","2023-06-13 00:00:00","","","","강원특별자치도 인제군 인제읍 349번지 6호","지자체시설","귀둔리","20090610",
"219","민방위급수시설","11_46_01_P","4331000","4331000-E200700011","2008-06-02","2009-06-10","04","취소/말소/만료/정지/중지","19","사용중지","2009-06-10","","","","","150","","강원특별자치도 인제군 인제읍 고사리","","","텃말","2023-06-10 13:27:11","I","2023-06-13 00:00:00","","","","강원특별자치도 인제군 인제읍 고사리","지자체시설","텃말","20090610",
"220","민방위급수시설","11_46_01_P","4331000","4331000-E200800001","2008-06-02","2009-06-10","04","취소/말소/만료/정지/중지","19","사용중지","2009-06-10","","","","","50","","강원특별자치도 인제군 북면 월학리 3리","","","풍전동","2023-06-10 13:27:11","I","2023-06-13 00:00:00","","","","강원특별자치도 인제군 북면 월학리 3리","지자체시설","풍전동","20090610",
"221","민방위급수시설","11_46_01_P","4331000","4331000-E200800002","2008-06-02","2009-06-10","04","취소/말소/만료/정지/중지","19","사용중지","2009-06-10","","","","","50","","강원특별자치도 인제군 북면 월학리 2리","","","사현동","2023-06-10 13:27:11","I","2023-06-13 00:00:00","","","","강원특별자치도 인제군 북면 월학리 2리","지자체시설","사현동","20090610",
"222","민방위급수시설","11_46_01_P","4331000","4331000-E200800003","2008-06-02","2009-06-10","04","취소/말소/만료/정지/중지","19","사용중지","2009-06-10","","","","","40","","강원특별자치도 인제군 북면 월학리 대터","","","대터","2023-06-10 13:27:11","I","2023-06-13 00:00:00","","","","강원특별자치도 인제군 북면 월학리 대터","지자체시설","대터","20090610",
"223","민방위급수시설","11_46_01_P","4331000","4331000-E200800004","2008-06-02","2009-06-10","04","취소/말소/만료/정지/중지","19","사용중지","2009-06-10","","","","","50","","강원특별자치도 인제군 북면 한계리 3리","","","갈직촌","2023-06-10 13:27:11","I","2023-06-13 00:00:00","","","","강원특별자치도 인제군 북면 한계리 3리","지자체시설","갈직촌","20090610",
"224","민방위급수시설","11_46_01_P","4331000","4331000-E200800006","2008-06-02","2009-06-10","04","취소/말소/만료/정지/중지","19","사용중지","2009-06-10","","","","","40","","강원특별자치도 인제군 서화면 서흥리 2리","","","앞골","2023-06-10 13:27:11","I","2023-06-13 00:00:00","","","","강원특별자치도 인제군 서화면 서흥리 2리","지자체시설","앞골","20090610",
"225","민방위급수시설","11_46_01_P","4331000","4331000-E200800007","2008-06-02","2009-06-10","04","취소/말소/만료/정지/중지","19","사용중지","2009-06-10","","","","","30","","강원특별자치도 인제군 서화면 천도리 양지말","","","양지말","2023-06-10 13:27:11","I","2023-06-13 00:00:00","","","","강원특별자치도 인제군 서화면 천도리 양지말","지자체시설","양지말","20090610",
"226","민방위급수시설","11_46_01_P","4331000","4331000-E200800008","2008-06-02","2009-06-10","04","취소/말소/만료/정지/중지","19","사용중지","2009-06-10","","","","","20","","강원특별자치도 인제군 서화면 서흥리 2리","","","무쇠점","2023-06-10 13:27:11","I","2023-06-13 00:00:00","","","","강원특별자치도 인제군 서화면 서흥리 2리","지자체시설","무쇠점","20090610",
"227","민방위급수시설","11_46_01_P","4331000","4331000-E200900002","2009-06-10","2015-06-15","04","취소/말소/만료/정지/중지","19","사용중지","2015-06-15","","","","","80","","강원특별자치도 인제군 인제읍 263번지","강원특별자치도 인제군 인제읍 비봉로22번길  12","","부용당","2023-06-10 13:27:11","I","2023-06-13 00:00:00","","","","강원특별자치도 인제군 인제읍 263번지","민간시설","부용당","20150615",
"228","민방위급수시설","11_46_01_P","4331000","4331000-E200900004","2009-06-10","2015-06-15","04","취소/말소/만료/정지/중지","19","사용중지","2015-06-15","","","","","50","","강원특별자치도 인제군 인제읍 남북리 112번지 5호 1통 1반","강원특별자치도 인제군 인제읍 인제로 146","","산성장","2023-06-10 13:27:11","I","2023-06-13 00:00:00","","","","강원특별자치도 인제군 인제읍 남북리 112번지 5호 1통 1반","민간시설","산성장","20150615",
"229","민방위급수시설","11_46_01_P","4331000","4331000-E197900001","1979-12-20","2007-12-24","04","취소/말소/만료/정지/중지","19","사용중지","2007-12-24","","","","","100","","강원특별자치도 인제군 남면 어론리 514번지","","","남면 어론리(이상천)","2023-06-10 13:27:11","I","2023-06-13 00:00:00","","","","강원특별자치도 인제군 남면 어론리 514번지","민간시설","남면 어론리(이상천)","20071224",
"230","민방위급수시설","11_46_01_P","4331000","4331000-E197900002","1979-12-20","2007-12-24","04","취소/말소/만료/정지/중지","19","사용중지","2007-12-24","","","","","200","","강원특별자치도 인제군 남면 신남리 1  통","","","민간시설(자연유하식)","2023-06-10 13:27:11","I","2023-06-13 00:00:00","","","","강원특별자치도 인제군 남면 신남리 1  통","민간시설","민간시설(자연유하식)","20071224",
"231","민방위급수시설","11_46_01_P","4331000","4331000-E199200001","1992-11-23","2007-12-24","04","취소/말소/만료/정지/중지","19","사용중지","2007-12-24","","","","","200","","강원특별자치도 인제군 남면 남전리 12번지 1 호","","","민간시설(자연유하식)남전리12-1","2023-06-10 13:27:11","I","2023-06-13 00:00:00","","","","강원특별자치도 인제군 남면 남전리 12번지 1 호","민간시설","민간시설(자연유하식)남전리12-1","20071224",
"232","민방위급수시설","11_46_01_P","4331000","4331000-E200000001","2000-10-31","2008-01-29","04","취소/말소/만료/정지/중지","19","사용중지","2008-01-29","","","","","100","","강원특별자치도 인제군 북면 용대리 531번지","","","민간시설(지하수)한계리 531 내설악음료","2023-06-10 13:27:11","I","2023-06-13 00:00:00","","","","강원특별자치도 인제군 북면 용대리 531번지","민간시설","민간시설(지하수)한계리 531 내설악음료","20080129",
"233","민방위급수시설","11_46_01_P","4331000","4331000-E199800002","2008-06-02","2011-12-05","04","취소/말소/만료/정지/중지","19","사용중지","2011-12-05","","","","","54","","강원특별자치도 인제군 상남면 하남리 327번지","","","후평동","2023-06-10 13:27:11","I","2023-06-13 00:00:00","","","","강원특별자치도 인제군 상남면 하남리 327번지","지자체시설","후평동","20111205",
"234","민방위급수시설","11_46_01_P","4331000","4331000-E200700001","2008-06-02","2009-06-10","04","취소/말소/만료/정지/중지","19","사용중지","2009-06-10","","","","","50","","강원특별자치도 인제군 기린면 방동리 1리 도채동","","","도채동","2023-06-10 13:27:11","I","2023-06-13 00:00:00","","","","강원특별자치도 인제군 기린면 방동리 1리 도채동","지자체시설","도채동","20090610",
"235","민방위급수시설","11_46_01_P","4331000","4331000-E200700002","2008-06-02","2009-06-10","04","취소/말소/만료/정지/중지","19","사용중지","2009-06-10","","","","","46","","강원특별자치도 인제군 기린면 북리 북2리","","","상답","2023-06-10 13:27:11","I","2023-06-13 00:00:00","","","","강원특별자치도 인제군 기린면 북리 북2리","지자체시설","상답","20090610",
"236","민방위급수시설","11_46_01_P","4331000","4331000-E200700003","2007-12-21","2008-05-28","04","취소/말소/만료/정지/중지","19","사용중지","2008-05-28","","","","","30","","강원특별자치도 인제군 기린면 서리 죽천","","","비상급수시설(죽천)","2023-06-10 13:27:11","I","2023-06-13 00:00:00","","","","강원특별자치도 인제군 기린면 서리 죽천","지자체시설","비상급수시설(죽천)","20080528",
"237","민방위급수시설","11_46_01_P","4341000","4341000-E202300001","2023-06-09","2025-05-19","04","취소/말소/만료/정지/중지","19","사용중지","2025-05-19","","","","","250","","강원특별자치도 고성군 간성읍 신안리 155","강원특별자치도 고성군 간성읍 간성로30번길 6-1, 어울림복지관","24734","간성읍 비상급수시설(달홀목욕탕)","2025-05-22 16:51:01","U","2025-05-24 02:40:00","","328642.813306171","542839.400329658","강원특별자치도 고성군 간성읍 신안리 155","공공용시설","간성읍 비상급수시설(달홀목욕탕)","20250519",
"238","민방위급수시설","11_46_01_P","4341000","4341000-E200100001","2001-12-14","2016-12-31","04","취소/말소/만료/정지/중지","19","사용중지","2016-12-31","","","","","150","","강원특별자치도 고성군 토성면 181번지","강원특별자치도 고성군 토성면 천진1길 14 (천진초등학교)","24764","토성면 비상급수","2023-06-10 12:36:39","I","2023-06-13 00:00:00","","336252.903747018","529384.039960228","강원특별자치도 고성군 토성면 181번지","정부지원시설","토성면 비상급수","20161231",
"239","민방위급수시설","11_46_01_P","4341000","4341000-E199700001","1997-03-04","2010-06-08","04","취소/말소/만료/정지/중지","19","사용중지","2010-06-08","","","","","102","","간성읍 상리391(고성중고교)","","","고성중고 비상급수(생활용수)","2023-06-10 12:36:39","I","2023-06-13 00:00:00","","","","간성읍 상리391(고성중고교)","공공용시설","고성중고 비상급수(생활용수)","20100608",
"240","민방위급수시설","11_46_01_P","4341000","4341000-E199700002","1997-03-04","2010-06-08","04","취소/말소/만료/정지/중지","19","사용중지","2010-06-08","","","","","67","","거진읍 자산리 74(거진초교)","","","거진초교 급수시설(생활용수)","2023-06-10 12:36:39","I","2023-06-13 00:00:00","","","","거진읍 자산리 74(거진초교)","공공용시설","거진초교 급수시설(생활용수)","20100608",
