"번호","개방서비스명","개방서비스아이디","개방자치단체코드","관리번호","인허가일자","인허가취소일자","영업상태구분코드","영업상태명","상세영업상태코드","상세영업상태명","폐업일자","휴업시작일자","휴업종료일자","재개업일자","소재지전화","소재지면적","소재지우편번호","소재지전체주소","도로명전체주소","도로명우편번호","사업장명","최종수정시점","데이터갱신구분","데이터갱신일자","업태구분명","좌표정보x(epsg5174)","좌표정보y(epsg5174)","사용목적","사용방법","월사용량","수용정원수","시설사용여부",
"1","특정고압가스업","09_28_14_P","4181000","2023418109312200001","2023-07-26","","01","영업/정상","BBBB","","","","","","","","","강원특별자치도 춘천시 효자동 192-1","강원특별자치도 춘천시 강원대학길 1, 자연과학대학1호관 117호 (효자동)","24341","강원대학교","2023-07-26 14:05:01","I","2023-07-28 00:18:47","","265481.557982219","485420.871953344","연구실 실험용","(금속산화물 반도체를 금속질화물로 합성)","4","0","",
"2","특정고압가스업","09_28_14_P","4181000","2018418028612200002","2018-07-18","","01","영업/정상","BBBB","","","","","","","","","강원특별자치도 춘천시 동면 만천리 811-5","강원특별자치도 춘천시 동면 세실로 252","24216","춘천시노인전문병원","2018-07-18 13:02:59","I","2023-06-13 00:00:00","","266472.713057028","486655.634360717","의료용","의료용산소 중앙공급","2500","166","",
"3","특정고압가스업","09_28_14_P","4181000","2018418028612200003","2018-10-01","","01","영업/정상","BBBB","","","","","","","","","강원특별자치도 춘천시 온의동 513-3 강남병원","강원특별자치도 춘천시 경춘로 2364, 강남병원 (온의동)","24436","의료법인 강남의료재단 강남병원","2018-10-01 15:28:39","I","2023-06-13 00:00:00","","263363.74960516","484877.145433762","병원 내 의료용","배관","3000","187","",
"4","특정고압가스업","09_28_14_P","4181000","2018418032312200001","2018-10-23","","01","영업/정상","BBBB","","","","","","","","","강원특별자치도 춘천시 석사동 166","강원특별자치도 춘천시 영서로 1925-9 (석사동)","24416","토마스요양병원","2018-10-23 17:54:43","I","2023-06-13 00:00:00","","266376.227610157","482956.40574868","병원 내 의료용","배관을 통한 산소 공급","115","144","",
"5","특정고압가스업","09_28_14_P","4181000","2023418040412200001","2023-03-03","","01","영업/정상","BBBB","","","","","","","","","강원특별자치도 춘천시 신동면 증리 산 85-4","강원특별자치도 춘천시 신동면 경춘로 1960-61","24412","제1137부대","2023-03-03 16:09:19","I","2023-06-13 00:00:00","","","","예하부대보급용(용접절단용)","용기","0","0","",
"6","특정고압가스업","09_28_14_P","4181000","2003418001602700001","2003-09-22","","01","영업/정상","BBBB","","","","","","000000000000","","","강원특별자치도 춘천시 신동 산 10-1","","","국군 춘천병원","2016-02-18 09:04:06","I","2023-06-13 00:00:00","","","","의료용","기체산소 사용","0","0","",
"7","특정고압가스업","09_28_14_P","4181000","2006418015502700001","2006-11-01","","01","영업/정상","BBBB","","","","","","033 2622558","","","강원특별자치도 춘천시 신동면 증리 114-15","","","육군 제 1137부대","2006-11-01 00:00:00","I","2023-06-13 00:00:00","","","","부대관리 및 정비용가스","","300","3","",
"8","특정고압가스업","09_28_14_P","4181000","2006418015502700002","2006-12-19","","01","영업/정상","BBBB","","","","","","033 2440130","","","강원특별자치도 춘천시 신동 산 10-1","","","182의무 보급정비대","2006-12-19 00:00:00","I","2023-06-13 00:00:00","","","","의료용","용기사용","10","2","",
"9","특정고압가스업","09_28_14_P","4181000","2008418016612200001","2008-09-18","","01","영업/정상","BBBB","","","","","","","","","강원특별자치도 춘천시 신동면 증리 114-25","","","제1137부대","2008-09-18 11:33:57","I","2023-06-13 00:00:00","","","","예하부대보급용","용기에 의한 공급","300","100","",
"10","특정고압가스업","09_28_14_P","4181000","2012418023112200001","2012-03-07","","01","영업/정상","BBBB","","","","","","","","","","강원특별자치도 춘천시 우두중리길34번길 15 (우두동)","","강원도 재활병원","2012-05-08 08:58:37","I","2023-06-13 00:00:00","","265127.403373382","489410.028344165","환자 치료용","액체산소를 기화시켜 배관이송 및 환자호흡에 사용","28","60","",
"11","특정고압가스업","09_28_14_P","4181000","2012418023112200002","2012-09-13","","01","영업/정상","BBBB","","","","","","","","","강원특별자치도 춘천시 효자동 17-1","강원특별자치도 춘천시 백령로 156 (효자동)","","강원대학병원","2012-09-13 10:09:23","I","2023-06-13 00:00:00","","265438.256393839","486072.554860519","의료용산소","배관으로 병동에 산소공급","20","400","",
"12","특정고압가스업","09_28_14_P","4181000","2016418027912200001","2016-05-04","","01","영업/정상","BBBB","","","","","","","","","강원특별자치도 춘천시 동면 장학리 748-2","","","장학수산","2016-05-09 15:28:51","I","2023-06-13 00:00:00","","266064.599330358","489253.383703174","양식용","장어 양식용","4000","1","",
"13","특정고압가스업","09_28_14_P","4181000","2024418109312200001","2024-10-17","","01","영업/정상","BBBB","","","","","","","","","강원특별자치도 춘천시 효자동 192-1 강원대학교","강원특별자치도 춘천시 강원대학길 1, 강원대학교 (효자동)","24341","강원대학교","2024-10-17 16:44:10","I","2024-10-19 00:12:30","","265481.557982219","485420.871953344","분석 실험용","용기","41.8","0","",
"14","특정고압가스업","09_28_14_P","4191000","1996419007902700001","2004-12-01","","01","영업/정상","BBBB","","","","","","033 7412537","","","강원특별자치도 원주시 문막읍 동화리 1443-1","강원특별자치도 원주시 문막읍 동화공단로 236","","원주시수도사업소남부지소","2004-12-01 00:00:00","I","2023-06-13 00:00:00","","273206.496029052","426480.902397865","상수도정수용","","0","0","",
"15","특정고압가스업","09_28_14_P","4191000","1996419007902700002","1996-05-22","","01","영업/정상","BBBB","","","","","","033 7425947","","","강원특별자치도 원주시 문막읍 건등리 303-2","","","(주)도루코","2016-04-29 10:30:17","I","2023-06-13 00:00:00","","","","공업용","","0","0","",
"16","특정고압가스업","09_28_14_P","4191000","1998419007902700001","1998-11-20","","01","영업/정상","BBBB","","","","","","033 7474900","","","강원특별자치도 원주시 소초면 의관리 56-2","강원특별자치도 원주시 소초면 북원로 3356","","대우자동차(주)원주정비사업소","2007-12-10 16:44:31","I","2023-06-13 00:00:00","","286558.175334463","437538.167689142","차량수리","2007.11.28. 저장소 폐지
2007.12.03.폐지신고 수리","100","100","",
"17","특정고압가스업","09_28_14_P","4191000","2001419007902700001","2001-09-14","","01","영업/정상","BBBB","","","","","","033 7324090","","","강원특별자치도 원주시 부론면 노림리 924-1","","","(주)유진건철","2001-09-14 00:00:00","I","2023-06-13 00:00:00","","","","용접","","1500","50","",
"18","특정고압가스업","09_28_14_P","4191000","2002419007902700001","2002-11-01","","01","영업/정상","BBBB","","","","","","033 7474900","","","강원특별자치도 원주시 소초면 의관리 56-2","강원특별자치도 원주시 소초면 북원로 3356","","지엠대우자동차기술(주)원주정비사업소","2007-12-10 16:59:22","I","2023-06-13 00:00:00","","286558.175334463","437538.167689142","차량수리","2007.11.28. 저장소 폐지
2007.12.03. 폐지신고 수리","100","100","",
"19","특정고압가스업","09_28_14_P","4191000","2010419019812200001","2010-01-07","","01","영업/정상","BBBB","","","","","","","","","강원특별자치도 원주시 소초면 수암리 797-5 조양병원","강원특별자치도 원주시 소초면 치악로 2473  (조양병원)","","의료법인 조양의료재단","2010-03-16 15:28:32","I","2023-06-13 00:00:00","","287120.448723312","432848.690174154","입원 환자의 산소호흡기용","산소탱크에 저장된 산소가스를 배관을 통하여 호흡기용으로 사용","2000","300","",
"20","특정고압가스업","09_28_14_P","4191000","2013419019812200001","2013-12-12","","01","영업/정상","BBBB","","","","","","","","","","강원특별자치도 원주시 고문골길 54 (행구동)","","원주공업고등학교","2013-12-12 14:33:45","I","2023-06-13 00:00:00","","289154.571040325","426840.290329633","용접교육","용접","48","10","",
"21","특정고압가스업","09_28_14_P","4191000","2013419019812200002","2013-12-12","","01","영업/정상","BBBB","","","","","","","","","","강원특별자치도 원주시 고문골길 54 (행구동)","","원주공업고등학교","2013-12-12 14:50:32","I","2023-06-13 00:00:00","","289154.571040325","426840.290329633","용접","산소와 병행 사용(용접)","12.6","10","",
"22","특정고압가스업","09_28_14_P","4191000","2014419024512200001","2014-09-03","","01","영업/정상","BBBB","","","","","","","","","","강원특별자치도 원주시 흥업면 연세대길 1","","연세대학교  원주캠퍼스","2014-09-03 16:18:32","I","2023-06-13 00:00:00","","279802.842138498","420075.310262165","연구실험용","연구실험용","20","1000","",
"23","특정고압가스업","09_28_14_P","4191000","2017419024512200001","2017-10-25","","01","영업/정상","BBBB","","","","","","","","","","강원특별자치도 원주시 원일로 22 (인동)","","성지의료재단 성지병원","2017-10-25 11:20:02","I","2023-06-13 00:00:00","","284484.959261583","427479.800413061","수술후 회복 보조용","수술후 회복 보조용","0","0","",
"24","특정고압가스업","09_28_14_P","4191000","2017419024512200002","2017-12-21","","01","영업/정상","BBBB","","","","","","","","","강원특별자치도 원주시 지정면 가곡리 1302","강원특별자치도 원주시 지정면 기업도시로 227-51","26355","(주)씨앤디","2017-12-21 14:32:00","I","2023-06-13 00:00:00","","276786.035924823","429803.181936055","열처리용","열처리용","150","20","",
"25","특정고압가스업","09_28_14_P","4191000","2018419024512200004","2018-10-24","","01","영업/정상","BBBB","","","","","","","","","강원특별자치도 원주시 판부면 금대리 1130 바른요양병원","강원특별자치도 원주시 판부면 치악로 1139, 바른요양병원","26504","의료법인서현재단 바른요양병원","2018-10-24 15:46:26","I","2023-06-13 00:00:00","","287769.044644282","421689.925766276","환자 및 수술후 회복 보조용","용기 및 배관","1.5","200","",
"26","특정고압가스업","09_28_14_P","4191000","2019419024512200001","2019-02-21","","01","영업/정상","BBBB","","","","","","","","","강원특별자치도 원주시 흥업면 사제리 산 171-1","","","원주추모공원","2019-02-21 09:07:41","I","2023-06-13 00:00:00","","277177.031700536","426139.094779534","화장로 질소산화물(NOX) 제거","화장로 안으로 분사","200","200","",
"27","특정고압가스업","09_28_14_P","4191000","2020419024512200003","2020-10-13","","01","영업/정상","BBBB","","","","","","","","","강원특별자치도 원주시 문막읍 반계리 5-12 토다이수주식회사","강원특별자치도 원주시 문막읍 문막공단길 236, 토다이수주식회사","26362","토다이수(주)","2023-03-09 11:31:19","I","2023-06-13 00:00:00","","271582.284846753","422083.178386107","Metal Powder 환원용(연소방식)","Metal Powder 환원용(연소방식)","600","0","",
"28","특정고압가스업","09_28_14_P","4191000","2020419024512200004","2020-10-13","","01","영업/정상","BBBB","","","","","","","","","강원특별자치도 원주시 태장동 2417","강원특별자치도 원주시 태장공단길 32 (태장동)","26311","원레이저","2020-10-13 16:26:08","I","2023-06-13 00:00:00","","283969.711492491","433870.461633227","금속가공","금속가공","200","3","",
"29","특정고압가스업","09_28_14_P","4191000","2020419024512200005","2020-11-23","","01","영업/정상","BBBB","","","","","","","","","강원특별자치도 원주시 문막읍 반계리 2239 ㈜ KCC문막공장","강원특별자치도 원주시 문막읍 문막공단길 106, ㈜ KCC문막공장","26362","(주)케이씨씨 문막공장","2020-11-23 17:16:33","I","2023-06-13 00:00:00","","271042.401673491","421276.614809788","공정 유지/보수용","이동용","400","65","",
"30","특정고압가스업","09_28_14_P","4191000","2021419024512200003","2021-10-27","","01","영업/정상","BBBB","","","","","","","","","강원특별자치도 원주시 부론면 법천리 1473-6","강원특별자치도 원주시 부론면 법후로 52","26498","(주)디에스테크노","2021-10-27 14:40:52","I","2023-06-13 00:00:00","","267013.622454513","412530.083139377","제품생산에 사용","집합대 저장","1000","10","",
"31","특정고압가스업","09_28_14_P","4191000","2022419024512200001","2022-02-28","","01","영업/정상","BBBB","","","","","","","","","강원특별자치도 원주시 소초면 의관리 474","강원특별자치도 원주시 소초면 북원로 3190","26304","삼영ENG","2022-02-28 16:34:46","I","2023-06-13 00:00:00","","285806.161213552","436446.911950855","철근가스압접공사","철근가스압접공사","200","20","",
"32","특정고압가스업","09_28_14_P","4191000","1994419007902700001","1994-12-26","","01","영업/정상","BBBB","","","","","","033 7625062","","","강원특별자치도 원주시 흥업면 매지리 514","강원특별자치도 원주시 흥업면 세동길 71-20","","흥업매지상수도","1994-12-26 00:00:00","I","2023-06-13 00:00:00","","280742.758953663","419770.801737026","상수도정수용","","0","0","",
"33","특정고압가스업","09_28_14_P","4191000","1994419007902700003","1994-06-09","","01","영업/정상","BBBB","","","","","","033 7469311","","","강원특별자치도 원주시 우산동 390","강원특별자치도 원주시 우산로 177  (우산동)","","(주)삼양식품","1994-06-09 00:00:00","I","2023-06-13 00:00:00","","282952.964980929","431133.811000084","공업용","","0","0","",
"34","특정고압가스업","09_28_14_P","4191000","1994419007902700004","1994-10-11","","01","영업/정상","BBBB","","","","","","033 7414613","","","강원특별자치도 원주시 소초면 장양리 1310","강원특별자치도 원주시 소초면 북원로 2955","","한국담배인삼공사원주제조창","1994-10-11 00:00:00","I","2023-06-13 00:00:00","","284192.855174726","434485.025068688","","","0","0","",
"35","특정고압가스업","09_28_14_P","4191000","2024419101212200001","2024-01-25","","01","영업/정상","BBBB","","","","","","","","","강원특별자치도 원주시 문막읍 반계리 2255-7","강원특별자치도 원주시 문막읍 반산2로 98","26362","(주)에프엠","2024-01-25 16:28:29","I","2024-01-27 00:16:14","","270570.798884651","422009.494847697","분말합성","분말합성","1561","27","",
"36","특정고압가스업","09_28_14_P","4191000","2025419112212200005","2025-04-24","","01","영업/정상","BBBB","","","","","","","","","강원특별자치도 원주시 호저면 만종리 57","","","육군제7639부대","2025-04-24 13:37:50","I","2025-04-26 00:10:03","","281061.144932841","430003.656060017","저장","저장","0","0","",
"37","특정고압가스업","09_28_14_P","4191000","2025419112212200004","2025-04-10","","01","영업/정상","BBBB","","","","","","","","","강원특별자치도 원주시 무실동 2023","","","진올건설(주)","2025-04-10 13:57:59","I","2025-04-12 00:10:01","","","","공사","공사","72","0","",
"38","특정고압가스업","09_28_14_P","4191000","2025419112212200002","2025-03-05","","01","영업/정상","BBBB","","","","","","","","","강원특별자치도 원주시 무실동 2023","","","진올건설(주)","2025-03-05 14:54:40","I","2025-03-07 00:10:36","","","","공사","공사","280","0","",
"39","특정고압가스업","09_28_14_P","4191000","2025419112212200001","2025-02-25","","01","영업/정상","BBBB","","","","","","","","","강원특별자치도 원주시 일산동 162-33 원주세브란스기독병원","강원특별자치도 원주시 일산로 20, 원주세브란스기독병원 (일산동)","26426","연세대학교원주세브란스기독병원","2025-02-25 15:06:20","I","2025-02-27 00:10:36","","283684.602363569","427758.377832632","의료용","의료용","0","1000","",
"40","특정고압가스업","09_28_14_P","4191000","2023419101212200001","2023-09-15","","01","영업/정상","BBBB","","","","","","","","","강원특별자치도 원주시 명륜동 120-1","강원특별자치도 원주시 남원로 631 (명륜동)","26441","연세요양병원","2023-09-15 14:06:48","I","2023-09-17 00:18:04","","284281.344123131","426855.575022067","의료용","의료용","200","500","",
"41","특정고압가스업","09_28_14_P","4201000","2019420032612200002","2019-11-08","","01","영업/정상","BBBB","","","","","","","","","강원특별자치도 강릉시 연곡면 영진리 146","","","아쿠아씨드텍","2019-11-08 17:02:56","I","2023-06-13 00:00:00","","362340.091074923","486238.406552811","어류양식 공정에 사용","어류양식 공정에 액화산소를 기화기를 통과해 기화된 가스를 조정기를 거쳐 사용하고자 함","1000","3","",
"42","특정고압가스업","09_28_14_P","4201000","2020420032612200001","2020-11-10","","01","영업/정상","BBBB","","","","","","","","","강원특별자치도 강릉시 주문진읍 교항리 1251-2","강원특별자치도 강릉시 주문진읍 동해대로 4371-34","25422","국군강릉병원","2020-11-10 17:59:58","I","2023-06-13 00:00:00","","361039.91656288","486701.720836213","의료용산소","의료용산소","700","350","",
"43","특정고압가스업","09_28_14_P","4201000","2021420032612200001","2021-03-26","","01","영업/정상","BBBB","","","","","","","","","강원특별자치도 강릉시 지변동 123 강릉원주대학교","강원특별자치도 강릉시 죽헌길 7, 강릉원주대학교 (지변동)","25457","강릉원주대학교치과병원","2021-03-26 13:53:45","I","2023-06-13 00:00:00","","364627.278082023","475810.449226925","환자 흡입용","의료용 산소","1000","150","",
"44","특정고압가스업","09_28_14_P","4201000","2021420032612200002","2021-03-26","","01","영업/정상","BBBB","","","","","","","","","강원특별자치도 강릉시 입암동 21-43","강원특별자치도 강릉시 강변로534번길 11 (입암동)","25573","강원대우자동차(주)","2021-03-26 15:53:01","I","2023-06-13 00:00:00","","369098.610367606","475309.764618102","산소용접기 사용 절단","산소용접기 사용 절단","200","10","",
"45","특정고압가스업","09_28_14_P","4201000","2021420032612200003","2021-09-24","","01","영업/정상","BBBB","","","","","","","","","강원특별자치도 강릉시 사천면 방동리 807-1 강원지방기상청","강원특별자치도 강릉시 사천면 과학단지로 130, 강원지방기상청","25440","기상청","2021-09-24 15:21:55","I","2023-06-13 00:00:00","","363276.721764949","479643.392722081","기상관측","기상관측 풍선 주입","253.8","14","",
"46","특정고압가스업","09_28_14_P","4201000","2021420032612200006","2021-11-24","","01","영업/정상","BBBB","","","","","","","","","강원특별자치도 강릉시 강동면 안인리 200","강원특별자치도 강릉시 강동면 염전길 99","25620","한국남동발전(주) 영동에코발전본부","2021-11-24 17:35:07","I","2023-06-13 00:00:00","","374465.213559881","472563.120995745","용접","용접","30","5","",
"47","특정고압가스업","09_28_14_P","4201000","2022420032612200001","2022-01-13","","01","영업/정상","BBBB","","","","","","","","","강원특별자치도 강릉시 강동면 안인리 134-10","강원특별자치도 강릉시 강동면 대동길 123","25620","강릉에코파워(주)","2022-01-13 10:15:52","I","2023-06-13 00:00:00","","374165.518850006","472473.336250173","1호기 발전기 회전자의 냉각","1호기 발전기 회전자의 냉각","940","2","",
"48","특정고압가스업","09_28_14_P","4201000","2022420032612200003","2022-05-02","","01","영업/정상","BBBB","","","","","","","","","강원특별자치도 강릉시 대전동 899-1","강원특별자치도 강릉시 과학단지로 106-14 (대전동)","25440","(주)보부하이테크","2022-05-02 14:08:54","I","2023-06-13 00:00:00","","363438.234939537","479452.202673487","반도체 제품생산","반도체 제품생산","140","30","",
"49","특정고압가스업","09_28_14_P","4201000","2022420032612200004","2022-05-02","","01","영업/정상","BBBB","","","","","","","","","강원특별자치도 강릉시 대전동 899-1","강원특별자치도 강릉시 과학단지로 106-14 (대전동)","25440","(주)보부하이테크","2022-05-02 14:09:03","I","2023-06-13 00:00:00","","363438.234939537","479452.202673487","반도체 제품생산","반도체 제품생산","280","30","",
"50","특정고압가스업","09_28_14_P","4201000","2022420032612200005","2022-08-29","","01","영업/정상","BBBB","","","","","","","","","강원특별자치도 강릉시 강동면 안인리 134-10","강원특별자치도 강릉시 강동면 대동길 123","25620","강릉에코파워(주)","2022-08-29 16:58:45","I","2023-06-13 00:00:00","","374165.518850006","472473.336250173","2호기 발전기 회전자의 냉각","수소가스 저장 및 사용","472","2","",
"51","특정고압가스업","09_28_14_P","4201000","1998420001902700005","1998-06-12","","01","영업/정상","BBBB","","","","","","033 6611650","","","강원특별자치도 강릉시 연곡면 송림리 177-52","","","주문진정수장","1998-06-12 00:00:00","I","2023-06-13 00:00:00","","","","","","0","0","",
"52","특정고압가스업","09_28_14_P","4201000","1998420001902700006","1998-06-12","","01","영업/정상","BBBB","","","","","","033 6106152","","","강원특별자치도 강릉시 노암동 779","강원특별자치도 강릉시 남산초교길 121  (노암동)","","강릉직업전문학교","1998-06-12 00:00:00","I","2023-06-13 00:00:00","","366541.855123208","472210.503754541","","","0","0","",
"53","특정고압가스업","09_28_14_P","4201000","1998420001902700007","1998-06-12","","01","영업/정상","BBBB","","","","","","033 6403206","","","강원특별자치도 강릉시 강동면 안인리 200","강원특별자치도 강릉시 강동면 염전길 99","","한전영동화력발전소","2011-10-30 13:46:47","I","2023-06-13 00:00:00","","374465.213559881","472563.120995745","-","-","0","0","",
"54","특정고압가스업","09_28_14_P","4201000","1998420001902700008","1998-06-12","","01","영업/정상","BBBB","","","","","","033 6627802","","","강원특별자치도 강릉시 주문진읍 교항리 산 36","","","국군강릉병원","1998-06-12 00:00:00","I","2023-06-13 00:00:00","","","","","","0","0","",
"55","특정고압가스업","09_28_14_P","4201000","2006420008502700001","2006-10-17","","01","영업/정상","BBBB","","","","","","033 6496204","","","강원특별자치도 강릉시 담산동 사서함83-2호","","","제7185부대","2006-10-17 00:00:00","I","2023-06-13 00:00:00","","","","용접용","용접","0","0","",
"56","특정고압가스업","09_28_14_P","4201000","2008420011512200001","2008-06-24","","01","영업/정상","BBBB","","","","","","","","","강원특별자치도 강릉시 강동면 안인진리 53","강원특별자치도 강릉시 강동면 갯목길 69","","해림원","2009-03-13 15:48:40","I","2023-06-13 00:00:00","","374906.927158081","472406.18453179","어류 산소공급","액화산소를 기화하여 공급","3000","2","",
"57","특정고압가스업","09_28_14_P","4201000","2013420020712200001","2013-12-19","","01","영업/정상","BBBB","","","","","","","","","","강원특별자치도 강릉시 남산초교길 121 (노암동)","","한국폴리텍대학 강릉캠퍼스","2013-12-19 17:46:53","I","2023-06-13 00:00:00","","366541.855123208","472210.503754541","교육훈련용","용접실습","300","30","",
"58","특정고압가스업","09_28_14_P","4201000","2015420020712200001","2015-03-24","","01","영업/정상","BBBB","","","","","","","","","강원특별자치도 강릉시 사천면 석교리 774-1","","","청솔공원 강릉화장시설","2015-03-24 18:39:49","I","2023-06-13 00:00:00","","359813.825018239","482269.402586702","화장로 NOx(녹스)제거","화장로 내에서 분사","250","200","",
"59","특정고압가스업","09_28_14_P","4201000","2016420027012200001","2016-01-25","","01","영업/정상","BBBB","","","","","","","","","강원특별자치도 강릉시 옥천동 284-5","강원특별자치도 강릉시 옥가로 30 (옥천동)","","(의)의산의료재단(강릉고려병원)","2016-01-25 14:55:16","I","2023-06-13 00:00:00","","367368.56277504","474639.570237022","의료용","의료용","3000","50","",
"60","특정고압가스업","09_28_14_P","4201000","2017420027012200001","2017-08-14","","01","영업/정상","BBBB","","","","","","","","","","강원특별자치도 강릉시 옥계면 북동용소길 389-7","","보성수산","2017-08-14 10:37:43","I","2023-06-13 00:00:00","","372438.865914185","458527.202092668","어류산소공급","산소를 초저온 탱크에 저장하여 기화기를 통해 산소 공급","10000","0","",
"61","특정고압가스업","09_28_14_P","4201000","2018420030112200001","2018-10-22","","01","영업/정상","BBBB","","","","","","","","","강원특별자치도 강릉시 옥계면 현내리 311-2","강원특별자치도 강릉시 옥계면 현내시장길 34","25634","의료법인 라파의료재단 예수요양병원","2018-10-22 09:02:17","I","2023-06-13 00:00:00","","379855.07783425","458585.750044979","의료용","용기","500","97","",
"62","특정고압가스업","09_28_14_P","4201000","2018420030112200002","2018-10-22","","01","영업/정상","BBBB","","","","","","","","","강원특별자치도 강릉시 지변동 123 강릉원주대학교","강원특별자치도 강릉시 죽헌길 7, 강릉원주대학교 (지변동)","25457","강릉원주대학교치과병원","2018-10-22 09:05:06","I","2023-06-13 00:00:00","","364627.278082023","475810.449226925","의료용","용기","245","10","",
"63","특정고압가스업","09_28_14_P","4201000","2019420032612200001","2019-09-09","","01","영업/정상","BBBB","","","","","","","","","강원특별자치도 강릉시 대전동 899-1","강원특별자치도 강릉시 과학단지로 106-14 (대전동)","25440","(주)보부하이테크(지점)","2019-09-09 17:58:45","I","2023-06-13 00:00:00","","363438.234939537","479452.202673487","분위기가스로 수소 사용","기체가스를 공급받아 가스배관을 통해 사용","500","5","",
"64","특정고압가스업","09_28_14_P","4201000","2024420101612200002","2024-09-06","","01","영업/정상","BBBB","","","","","","","","","강원특별자치도 강릉시 안현동 275","강원특별자치도 강릉시 해안로 689-21 (안현동)","25459","금산","2024-09-07 15:21:23","I","2024-09-09 00:13:52","","366493.352814435","480896.022642671","양식장 해수 고수온 대비","기화기로 연결 사용","240","3","",
"65","특정고압가스업","09_28_14_P","4201000","2024420101612200001","2024-08-14","","01","영업/정상","BBBB","","","","","","","","","강원특별자치도 강릉시 포남동 1153-2","강원특별자치도 강릉시 남구길10번길 5 (포남동)","25546","(주)유탑건설","2024-08-14 16:18:16","I","2024-08-17 00:13:21","","367944.516748595","475295.878486117","용접용","용접용","278.24","25","",
"66","특정고압가스업","09_28_14_P","4211000","2004421009302700002","2004-07-23","","01","영업/정상","BBBB","","","","","","5303223","","","강원특별자치도 동해시 평릉동 190 산재의료관리원동해병원","강원특별자치도 동해시 하평로 11  (평릉동,산재의료관리원동해병원)","","산재의료관리원 동해병원","2007-07-31 14:36:39","I","2023-06-13 00:00:00","","386254.528257327","449765.816314041","의료용","해당없음","4686","0","",
"67","특정고압가스업","09_28_14_P","4211000","2016421018112200002","2016-06-27","","01","영업/정상","BBBB","","","","","","","","","강원특별자치도 동해시 구호동 246","강원특별자치도 동해시 공단4로 36 (구호동)","","(주)지에스동해전력","2016-06-27 11:12:44","I","2023-06-13 00:00:00","","389879.389447498","443866.815521936","발전기 냉각용","발전기 냉각용","570","0","",
"68","특정고압가스업","09_28_14_P","4211000","2022421021512200002","2022-02-10","","01","영업/정상","BBBB","","","","","","","","","강원특별자치도 동해시 단봉동 453-12 동해시 하늘정원","강원특별자치도 동해시 강원남부로 4589, 동해시 하늘정원 (단봉동)","25820","동해삼척 공동화장시설","2022-02-10 11:00:27","I","2023-06-13 00:00:00","","387015.273539118","441840.876564522","승화원용","분사","100","100","",
"69","특정고압가스업","09_28_14_P","4241000","1995424001002700003","1995-01-01","","01","영업/정상","BBBB","","","","","","5726016","","","강원특별자치도 삼척시 원덕읍 산양리 1통","","","옥원정수장","1995-01-01 00:00:00","I","2023-06-13 00:00:00","","","","","","0","0","",
"70","특정고압가스업","09_28_14_P","4241000","1995424001002700004","1995-01-01","","01","영업/정상","BBBB","","","","","","5723738","","","강원특별자치도 삼척시 근덕면 교가리 308 1통2반","","","오리상수도","1995-01-01 00:00:00","I","2023-06-13 00:00:00","","","","","","0","0","",
"71","특정고압가스업","09_28_14_P","4241000","1995424001002700006","1995-01-01","","01","영업/정상","BBBB","","","","","","5730932","","","강원특별자치도 삼척시 원덕읍 임원리 913","강원특별자치도 삼척시 원덕읍 임원안1길 112-38","","임원정수장","1995-01-01 00:00:00","I","2023-06-13 00:00:00","","407099.284776587","417797.747950861","","","0","0","",
"72","특정고압가스업","09_28_14_P","4241000","2002424001002700001","2002-03-18","","01","영업/정상","BBBB","","","","","","033 5717246","","","강원특별자치도 삼척시 사직동 114","강원특별자치도 삼척시 동양길 20  (사직동)","","동양시멘트(주)","2002-03-18 00:00:00","I","2023-06-13 00:00:00","","392606.428518564","438473.157192767","기계 보수용","","1000","1","",
"73","특정고압가스업","09_28_14_P","4241000","2009424011312207060","2009-07-06","","01","영업/정상","BBBB","","","","","","","","","강원특별자치도 삼척시 도계읍 전두리 60","강원특별자치도 삼척시 도계읍 도계로 225","","대한석탄공사 도계광업소","2012-05-08 15:24:14","I","2023-06-13 00:00:00","","381287.32931714","416232.324368595","용접","용접","1","10","",
"74","특정고압가스업","09_28_14_P","4241000","2015424016512200001","2015-11-12","","01","영업/정상","BBBB","","","","","","","","","강원특별자치도 삼척시 원덕읍 호산리","강원특별자치도 삼척시 원덕읍 삼척로 734","","한국남부발전(주)삼척그린파워건설본부","2015-11-12 16:09:20","I","2023-06-13 00:00:00","","407602.129757552","412379.695341186","발전기 회전자 냉각용","회전자 냉각시 수소가스 사용","1200","0","",
"75","특정고압가스업","09_28_14_P","4241000","2015424016512200002","2015-11-12","","01","영업/정상","BBBB","","","","","","","","","","강원특별자치도 삼척시 원덕읍 삼척로 734","","한국남부발전(주)삼척그린파워건설본부","2015-11-12 16:14:59","I","2023-06-13 00:00:00","","407602.129757552","412379.695341186","발전기 회전자 냉각용","회전자 냉각시 수소가스 사용","1200","0","",
"76","특정고압가스업","09_28_14_P","4241000","2023424022712200001","2023-06-01","","01","영업/정상","BBBB","","","","","","","","","강원특별자치도 삼척시 적노동 산 29-3","강원특별자치도 삼척시 박걸남로 906 (적노동)","25931","삼척블루파워(주)","2024-04-29 16:28:25","U","2024-05-01 02:40:00","","392694.02063207","436344.38889505","발전기 냉각용","발전기 냉각용","726","1","",
"77","특정고압가스업","09_28_14_P","4241000","2024424100712200002","2024-05-03","","01","영업/정상","BBBB","","","","","","","","","강원특별자치도 삼척시 적노동 산 29-3","강원특별자치도 삼척시 박걸남로 906 (적노동)","25931","삼척블루파워(주)","2024-05-03 18:05:17","I","2024-05-05 00:14:47","","392694.02063207","436344.38889505","보일러 수질관리용","보일러 수질관리용","448.32","0","",
"78","특정고압가스업","09_28_14_P","4251000","2006425004202700001","2006-10-25","","01","영업/정상","BBBB","","","","","","033 4329113","","","강원특별자치도 홍천군 남면 양덕원리 101-17","","","제6513부대","2006-10-25 00:00:00","I","2023-06-13 00:00:00","","","","풍선비양 탄도제원 산출","풍선이용 가스주입 풍선비양","150","0","",
"79","특정고압가스업","09_28_14_P","4251000","2006425004202700002","2006-11-20","","01","영업/정상","BBBB","","","","","","033 4350473","","","강원특별자치도 홍천군 두촌면 철정리 산 90","강원특별자치도 홍천군 두촌면 아홉사리로 53","","육군 5337부대 183보정대","2006-11-20 00:00:00","I","2023-06-13 00:00:00","","287751.305025245","478542.141517348","의료용","중앙공급식","0","150","",
"80","특정고압가스업","09_28_14_P","4251000","2006425004202700003","2007-03-12","","01","영업/정상","BBBB","","","","","","033 4306446","","","강원특별자치도 홍천군 북방면 하화계리","","","육군 제5397부대 301대대","2009-04-02 11:27:22","I","2023-06-13 00:00:00","","","","부대내 고압가스 저장 및 보급","용접, 차량정비","6","300","",
"81","특정고압가스업","09_28_14_P","4251000","2007425007712200001","2007-12-21","","01","영업/정상","BBBB","","","","","","","","","강원특별자치도 홍천군 남면 양덕원리 101-17","","","육군 제6513부대","2007-12-21 13:32:26","I","2023-06-13 00:00:00","","","","풍선비양 탄도제원 산출","풍선이용 가스주입","50","80","",
"82","특정고압가스업","09_28_14_P","4251000","2009425007712200001","2009-04-02","","01","영업/정상","BBBB","","","","","","","","","강원특별자치도 홍천군 북방면 하화계리 사서함 101-6호","","","육군제5397부대 301대대","2009-04-02 11:33:06","I","2023-06-13 00:00:00","","","","부대내 고압가스 저장, 보급","보급","6","300","",
"83","특정고압가스업","09_28_14_P","4251000","2016425012112200001","2016-05-09","","01","영업/정상","BBBB","","","","","","","","","강원특별자치도 홍천군 두촌면 철정리 산 90","강원특별자치도 홍천군 두촌면 아홉사리로 53","","국군홍천병원","2016-05-09 17:29:05","I","2023-06-13 00:00:00","","287751.305025245","478542.141517348","의료용","의료용","800.64","250","",
"84","특정고압가스업","09_28_14_P","4251000","2018425014312200001","2018-11-15","","01","영업/정상","BBBB","","","","","","","","","강원특별자치도 홍천군 홍천읍 와동리 893","강원특별자치도 홍천군 홍천읍 와동로 157-76","25127","홍천양어장","2018-11-15 22:59:50","I","2023-06-13 00:00:00","","282223.601731709","469623.617020204","물고기 양식","액체산소를 저장탱크에 저장하여 대기식 기화기를 통해 기화시킨후 감압하여 배관과 호스를 통해 사용처에 공급.","5000","0","",
"85","특정고압가스업","09_28_14_P","4251000","2021425017212200002","2021-09-30","","01","영업/정상","BBBB","","","","","","","","","강원특별자치도 홍천군 두촌면 철정리 806-1 국군홍천병원","강원특별자치도 홍천군 두촌면 아홉사리로 53, 국군홍천병원","25164","국군홍천병원","2021-09-30 17:44:34","I","2023-06-13 00:00:00","","287765.119715851","478468.569046208","응급환자 및 수술회복용","응급환자 및 수술회복용","1500","100","",
"86","특정고압가스업","09_28_14_P","4251000","2023425102212200001","2023-11-10","","01","영업/정상","BBBB","","","","","","","","","강원특별자치도 홍천군 홍천읍 희망리 396-9","","","제이랜드건설(주)","2023-11-10 10:33:43","I","2023-11-12 00:17:15","","277294.059480439","465548.217135533","H-BEAM 절단","H-BEAM 절단","50","4","",
"87","특정고압가스업","09_28_14_P","4261000","2006426000902700001","2006-03-28","","01","영업/정상","BBBB","","","","","","033 3444810","","","강원특별자치도 횡성군 둔내면 둔방내리 229-34","","","성우가스","2006-03-28 00:00:00","I","2023-06-13 00:00:00","","","","","","0","0","",
"88","특정고압가스업","09_28_14_P","4271000","2000427000902700016","1995-12-02","","01","영업/정상","BBBB","","","","","","033 3724001","","","강원특별자치도 영월군 남면 연당리","","","남면상수도","1995-12-02 00:00:00","I","2023-06-13 00:00:00","","","","","","20","0","",
"89","특정고압가스업","09_28_14_P","4271000","2000427000902700018","1999-04-27","","01","영업/정상","BBBB","","","","","","033 3723013","","","강원특별자치도 영월군 북면 마차리","","","북면상수도","1999-04-27 00:00:00","I","2023-06-13 00:00:00","","","","","","8","0","",
"90","특정고압가스업","09_28_14_P","4271000","2000427000902700019","1977-02-15","","01","영업/정상","BBBB","","","","","","033 3708114","","","강원특별자치도 영월군 한반도면 쌍용리","","","쌍용양회영월공장","1977-02-15 00:00:00","I","2023-06-13 00:00:00","","","","","","0","0","",
"91","특정고압가스업","09_28_14_P","4271000","2000427000902700020","1977-02-15","","01","영업/정상","BBBB","","","","","","033 3708114","","","강원특별자치도 영월군 한반도면 쌍용리","","","쌍용양회영월공장","1977-02-15 00:00:00","I","2023-06-13 00:00:00","","","","","","0","0","",
"92","특정고압가스업","09_28_14_P","4271000","2000427000902700021","1977-03-21","","01","영업/정상","BBBB","","","","","","033 3703225","","","강원특별자치도 영월군 영월읍 정양리","","","영월화력발천처","1977-03-21 00:00:00","I","2023-06-13 00:00:00","","","","","","0","0","",
"93","특정고압가스업","09_28_14_P","4271000","2000427000902700022","1977-03-21","","01","영업/정상","BBBB","","","","","","033 3703225","","","강원특별자치도 영월군 영월읍 정양리","","","영월화력발천처","1977-03-21 00:00:00","I","2023-06-13 00:00:00","","","","","","0","0","",
"94","특정고압가스업","09_28_14_P","4271000","2006427004202700001","2008-05-16","","01","영업/정상","BBBB","","","","","","033 3709188","","","강원특별자치도 영월군 영월읍 영흥리 1072","","","영월의료원","2008-05-20 16:01:58","I","2023-06-13 00:00:00","","330027.341653817","410409.983715698","의료용","액화산소를 저장탱크에 저장후 사용","5000","0","",
"95","특정고압가스업","09_28_14_P","4271000","2019427007712200001","2019-05-07","","01","영업/정상","BBBB","","","","","","","","","강원특별자치도 영월군 영월읍 거운리 608-1","강원특별자치도 영월군 영월읍 동강로 955","26222","어라연 송어장","2019-05-08 09:03:31","I","2023-06-13 00:00:00","","334189.346436159","416645.677862074","내수면 양어장에 산소 공급","액체 산소를 저장탱크에 저장하여 대기식 기화기를 통해서 기화시킨후 감압하여 배관과 호스를 이용하여 사용처에 공급","5000","0","",
"96","특정고압가스업","09_28_14_P","4271000","2000427000902700002","1977-02-15","","01","영업/정상","BBBB","","","","","","033 3708114","","","강원특별자치도 영월군 한반도면 쌍용리","","","쌍용양회영월공장","1977-02-15 00:00:00","I","2023-06-13 00:00:00","","","","","","125","0","",
"97","특정고압가스업","09_28_14_P","4271000","2000427000902700003","1977-03-21","","01","영업/정상","BBBB","","","","","","033 3703225","","","강원특별자치도 영월군 영월읍 정양리","","","영월화력발천처","1977-03-21 00:00:00","I","2023-06-13 00:00:00","","","","","","0","0","",
"98","특정고압가스업","09_28_14_P","4271000","2000427000902700004","1978-03-07","","01","영업/정상","BBBB","","","","","","033 3743308","","","강원특별자치도 영월군 영월읍 영흥리","","","영월읍상수도","1978-03-07 00:00:00","I","2023-06-13 00:00:00","","","","","","500","0","",
"99","특정고압가스업","09_28_14_P","4271000","2000427000902700005","1983-02-28","","01","영업/정상","BBBB","","","","","","033 3725349","","","강원특별자치도 영월군 한반도면 쌍용리","","","모범기계공업","1983-02-28 00:00:00","I","2023-06-13 00:00:00","","","","","","1200","0","",
"100","특정고압가스업","09_28_14_P","4271000","2000427000902700009","1985-07-01","","01","영업/정상","BBBB","","","","","","033 3783000","","","강원특별자치도 영월군 상동읍 내덕리","","","상동읍상수도","1985-07-01 00:00:00","I","2023-06-13 00:00:00","","","","","","100","0","",
"101","특정고압가스업","09_28_14_P","4271000","2000427000902700010","1985-11-15","","01","영업/정상","BBBB","","","","","","033 3727210","","","강원특별자치도 영월군 주천면 주천리","","","주천면상수도","1985-11-15 00:00:00","I","2023-06-13 00:00:00","","","","","","0","0","",
"102","특정고압가스업","09_28_14_P","4271000","2000427000902700011","1985-11-15","","01","영업/정상","BBBB","","","","","","033 3726001","","","강원특별자치도 영월군 한반도면 쌍용리","","","서면상수도","1985-11-15 00:00:00","I","2023-06-13 00:00:00","","","","","","100","0","",
"103","특정고압가스업","09_28_14_P","4271000","2025427104612200001","2025-04-23","","01","영업/정상","BBBB","","","","","","","","","강원특별자치도 영월군 주천면 주천리 1424-1","강원특별자치도 영월군 주천면 송학주천로 1467-51","26203","한구가스안전공사 에너지안전실증연구센터","2025-04-23 13:59:53","I","2025-04-25 00:10:02","","312371.720546162","420352.828544643","액화수소저장의 수소저장탱크","저장능력 3.823톤 액상의 H2을 대기식 기화기를 통해 기체로 만들어 밴트, 저장탱크의 진공성능을 인증함.","3823","45","",
"104","특정고압가스업","09_28_14_P","4281000","2017428009412200001","2017-08-14","","01","영업/정상","BBBB","","","","","","","","","강원특별자치도 평창군 미탄면 기화리 346","강원특별자치도 평창군 미탄면 평창동강로 495-6","","기화양어장","2017-08-14 16:04:47","I","2023-06-13 00:00:00","","336548.80577967","423534.383324283","내수면 양식용","내수면 양식용","10000","0","",
"105","특정고압가스업","09_28_14_P","4281000","2019428010912200001","2019-02-08","","01","영업/정상","BBBB","","","","","","","","","강원특별자치도 평창군 평창읍 종부리 508-36","강원특별자치도 평창군 평창읍 제방길 33-14","25377","강원영어조합법인","2019-02-08 13:27:18","I","2023-06-13 00:00:00","","322701.216303791","429802.459998188","내수면 양어장에 산소공급","배관과 호스사용(기화기)","5000","1","",
"106","특정고압가스업","09_28_14_P","4281000","2021428012312200001","2021-10-29","","01","영업/정상","BBBB","","","","","","","","","강원특별자치도 평창군 봉평면 유포리 258-1","강원특별자치도 평창군 봉평면 버들개길 81-36","25311","평창에어(주)","2021-10-29 15:56:50","I","2023-06-13 00:00:00","","322337.319320044","449070.437750038","산소캔 제조","캔에 산소 주입","330","5","",
"107","특정고압가스업","09_28_14_P","4281000","2024428102412200001","2024-04-24","","01","영업/정상","BBBB","","","","","","","","","강원특별자치도 평창군 미탄면 기화리 399","강원특별자치도 평창군 미탄면 평창동강로 512","25384","오주수산","2024-04-24 16:55:16","I","2024-04-26 00:14:55","","336641.461415863","423392.160143006","양식생물피해예방용","산소가스압력조정하여사용","10000","5","",
"108","특정고압가스업","09_28_14_P","4291000","2022429011012200001","2022-07-27","","01","영업/정상","BBBB","","","","","","","","","강원특별자치도 정선군 사북읍 사북리 305-16 정선군립병원","강원특별자치도 정선군 사북읍 지장천로 727, 정선군립병원","26150","재단법인정선의료재단","2022-07-27 16:31:16","I","2023-06-13 00:00:00","","362023.877879962","415331.483541067","의료용","배관을 통한 병실공급","1000","200","",
"109","특정고압가스업","09_28_14_P","4291000","2024429102012200001","2024-12-02","","01","영업/정상","BBBB","","","","","","","","","강원특별자치도 정선군 사북읍 사북리 305-16 정선군립병원","강원특별자치도 정선군 사북읍 지장천로 727, 정선군립병원","26150","재단법인정선의료재단","2024-12-02 17:32:44","I","2024-12-04 00:11:57","","362023.877879962","415331.483541067","환자치료용(흡입제)","환자치료용(흡입제)","4000","300","",
"110","특정고압가스업","09_28_14_P","4301000","2006430005502700003","2006-07-19","","01","영업/정상","BBBB","","","","","","033 4552745","","","강원특별자치도 철원군 동송읍 상노리 사서함19호","","","육군제2113부대","2006-07-19 00:00:00","I","2023-06-13 00:00:00","","","","공공용","","0","2","",
"111","특정고압가스업","09_28_14_P","4301000","2006430005502700004","2006-11-30","","01","영업/정상","BBBB","","","","","","033 4506442","","","강원특별자치도 철원군 서면 자등리 사서함107-6호","","","육군제1968부대장","2006-11-30 00:00:00","I","2023-06-13 00:00:00","","","","군기상제원","","0","0","",
"112","특정고압가스업","09_28_14_P","4301000","2008430006912200001","2008-11-13","","01","영업/정상","BBBB","","","","","","","","","강원특별자치도 철원군 근남면 사곡리 131-5 김화정수장","강원특별자치도 철원군 근남면 약수터길 185  (김화정수장)","","철원군청","2009-08-06 19:28:22","I","2023-06-13 00:00:00","","241799.61424251","527706.269992709","정수처리 공정중 전.후 소독","염소투입 소독","180","2","",
"113","특정고압가스업","09_28_14_P","4301000","2008430006912200002","2008-11-18","","01","영업/정상","BBBB","","","","","","","","","강원특별자치도 철원군 동송읍 상노리 사서함 105-6","","","제6보병사단 보급수송대대","2008-11-18 15:47:48","I","2023-06-13 00:00:00","","","","공공용","용접","2000","60","",
"114","특정고압가스업","09_28_14_P","4301000","2008430006912200003","2008-12-08","","01","영업/정상","BBBB","","","","","","","","","강원특별자치도 철원군 서면 자등리 사서함 107-6호","","","제3보병사단 1968-301대대","2008-12-08 13:36:36","I","2023-06-13 00:00:00","","","","공공용","보급지원","1000","120","",
"115","특정고압가스업","09_28_14_P","4301000","2014430008012200001","2014-12-05","","01","영업/정상","BBBB","","","","","","","","","","강원특별자치도 철원군 갈말읍 갈말로 234","","육군제2181부대","2014-12-05 09:22:38","I","2023-06-13 00:00:00","","226959.178241483","518849.229400448","군사작전용","군 기상 제원산출","200","0","",
"116","특정고압가스업","09_28_14_P","4311000","2006431000702700007","2006-12-11","","01","영업/정상","BBBB","","","","","","033 4410155","","","강원특별자치도 화천군 상서면 노동리 사서함 104동 18호","","","7사단 포병연대","2007-12-12 09:44:04","I","2023-06-13 00:00:00","","","","기상측정용 기구운용","기상측정용 기구주입","192","3","",
"117","특정고압가스업","09_28_14_P","4311000","2006431000702700008","2006-12-06","","01","영업/정상","BBBB","","","","","","033 4415445","","","강원특별자치도 화천군 화천읍 상리 사서함 104-6","","","제7보병사단 보급수송대","2006-12-06 00:00:00","I","2023-06-13 00:00:00","","","","예하부대","예하부대 보급저장용","120","0","",
"118","특정고압가스업","09_28_14_P","4311000","2006431000702700009","2006-12-06","","01","영업/정상","BBBB","","","","","","033 4410667","","","강원특별자치도 화천군 상서면 봉오리 사서함 104-28","","","ㅈ7보병사단 99포병대대","2006-12-06 00:00:00","I","2023-06-13 00:00:00","","","","기상관측장비운용","기상관측장비주입","0","3","",
"119","특정고압가스업","09_28_14_P","4311000","2006431000702700010","2006-12-06","","01","영업/정상","BBBB","","","","","","033 4408444","","","강원특별자치도 화천군 사내면 광덕리 93-6","","","27보병사단 보급수송대","2006-12-06 00:00:00","I","2023-06-13 00:00:00","","","","예하부대보급용 저장","예하부대보급","30","0","",
"120","특정고압가스업","09_28_14_P","4311000","2006431000702700011","2006-12-06","","01","영업/정상","BBBB","","","","","","033 4411155","","","강원특별자치도 화천군 상서면 다목리 사서함 99-17","","","15보병사단 포병연대","2006-12-06 00:00:00","I","2023-06-13 00:00:00","","","","기상관측장비운용","기상관측장비주입용","300","3","",
"121","특정고압가스업","09_28_14_P","4311000","2006431000702700012","2006-12-06","","01","영업/정상","BBBB","","","","","","033 4406444","","","강원특별자치도 화천군 사내면 명월리 사서함 99-6","","","15보병사단보급수송대","2006-12-06 00:00:00","I","2023-06-13 00:00:00","","","","예하부대 보급용","예하부대 보급","25","0","",
"122","특정고압가스업","09_28_14_P","4311000","2007431005212200002","2007-12-12","","01","영업/정상","BBBB","","","","","","","","","강원특별자치도 화천군 상서면 봉오리 사서함 104동 28호","","","제27보병사단 99포병대대","2007-12-14 09:39:05","I","2023-06-13 00:00:00","","","","기상관측 장비 운용","기상관측","120","5","",
"123","특정고압가스업","09_28_14_P","4311000","2008431005212200002","2008-07-16","","01","영업/정상","BBBB","","","","","","","","","강원특별자치도 화천군 상서면 산양리 789","","","육군 제 1757부대","2008-07-18 09:32:35","I","2023-06-13 00:00:00","","","","수소 가스 저장","수소 가스 저장","600","20","",
"124","특정고압가스업","09_28_14_P","4311000","2008431005212200003","2008-08-20","","01","영업/정상","BBBB","","","","","","","","","강원특별자치도 화천군 사내면 명월리 사서함 99-6호","","","제15사단 보급수송대대","2008-08-20 16:57:56","I","2023-06-13 00:00:00","","","","시설부대 저장/ 불출용","시설부대 저장/ 불출용","0","0","",
"125","특정고압가스업","09_28_14_P","4311000","2008431005212200004","2008-09-30","","01","영업/정상","BBBB","","","","","","","","","강원특별자치도 화천군 사내면 광덕리 사서함 93-6호","","","제1288부대 보급수송대대","2008-09-30 18:07:14","I","2023-06-13 00:00:00","","","","보급지원 소요","수령/ 저장/ 불출","30","4","",
"126","특정고압가스업","09_28_14_P","4311000","2019431005212200001","2019-10-25","","01","영업/정상","BBBB","","","","","","","","","강원특별자치도 화천군 하남면 원천리 705-2","강원특별자치도 화천군 하남면 공단길 24-5","24145","화천수산","2019-10-25 11:15:43","I","2023-06-13 00:00:00","","258409.007186743","505931.861553971","양어장","대기식 기화기로 기화 후 감압하여 공급","5000","0","",
"127","특정고압가스업","09_28_14_P","4311000","2013431005212200001","2013-09-04","","01","영업/정상","BBBB","","","","","","","","","","강원특별자치도 화천군 하남면 논미로 406-11","","화천군 산천어양식장","2013-09-04 17:14:08","I","2023-06-13 00:00:00","","259899.107355447","509983.919254458","산천어 축양","양식","300","10","",
"128","특정고압가스업","09_28_14_P","4311000","2024431101112200001","2024-02-01","","01","영업/정상","BBBB","","","","","","","","","강원특별자치도 화천군 사내면 삼일리 811-10","","","15사단 50여단 1대대","2024-02-01 16:46:09","I","2024-02-03 00:16:05","","243625.376547834","504715.841182491","부대식당 급식운영 및 조리","부대운영","1600","600","",
"129","특정고압가스업","09_28_14_P","4321000","2010432004712200002","2010-02-04","","01","영업/정상","BBBB","","","","","","","","","강원특별자치도 양구군 국토정중앙면 창리 264 독수리아파트","","","주식회사 중앙에너지산업","2010-02-04 19:32:57","I","2023-06-13 00:00:00","","","","액화석유가스 공급","액화석유가스 공급","1000","10","",
"130","특정고압가스업","09_28_14_P","4321000","2010432004712200004","2010-02-04","","01","영업/정상","BBBB","","","","","","","","","강원특별자치도 양구군 양구읍 상리 382-2 신태양빌라","강원특별자치도 양구군 양구읍 비봉로 23  (신태양빌라)","","주식회사 중앙에너지산업","2010-02-04 19:35:08","I","2023-06-13 00:00:00","","286464.165929933","511721.531374372","액화석유가스 공급","액화석유가스 공급","1000","10","",
"131","특정고압가스업","09_28_14_P","4321000","2010432004712200005","2010-02-04","","01","영업/정상","BBBB","","","","","","","","","강원특별자치도 양구군 양구읍 중리 1-1 우신아파트","강원특별자치도 양구군 양구읍 관공서로16번길 5-12  (우신아파트)","","주식회사 중앙에너지산업","2010-02-04 19:37:19","I","2023-06-13 00:00:00","","286898.085543052","512207.936653584","액화석유가스 공급","액화석유가스 공급","1000","10","",
"132","특정고압가스업","09_28_14_P","4321000","2006432002902700003","2006-11-07","","01","영업/정상","BBBB","","","","","","033 4805444","","","강원특별자치도 양구군 양구읍 죽곡리 사서함97-6","","","제7162부대","2006-11-07 00:00:00","I","2023-06-13 00:00:00","","","","부대보급용저장","부대보급용저장","240","0","",
"133","특정고압가스업","09_28_14_P","4321000","2008432003912200001","2008-02-20","","01","영업/정상","BBBB","","","","","","","","","강원특별자치도 양구군 동면 덕곡리 1-1","","","제7289부대","2008-03-25 10:28:51","I","2023-06-13 00:00:00","","290523.566956735","522103.169581897","기상제원측정","기상제원측정","490","100","",
"134","특정고압가스업","09_28_14_P","4321000","2009432004712200001","2009-04-09","","01","영업/정상","BBBB","","","","","","","","","강원특별자치도 양구군 양구읍 죽곡리 사서함","","","제7162부대보급수송대대","2009-04-09 14:37:15","I","2023-06-13 00:00:00","","","","고압가스 보관 및 수불","고압가스 보관 및 수불","300","5","",
"135","특정고압가스업","09_28_14_P","4321000","2009432004712200002","2009-06-26","","01","영업/정상","BBBB","","","","","","","","","강원특별자치도 양구군 국토정중앙면 송우리 52-1","","","메자닌푸드텍","2009-06-26 13:54:19","I","2023-06-13 00:00:00","","","","가스보일러, 온수","가스보일러, 온수","50","100","",
"136","특정고압가스업","09_28_14_P","4321000","2009432004712210000","2009-11-16","","01","영업/정상","BBBB","","","","","","","","","강원특별자치도 춘천시 동내면 학곡리 422","강원특별자치도 춘천시 동내면 영서로 1864","","홍천가스상사","2009-11-16 15:47:58","I","2023-06-13 00:00:00","","266761.010817242","482533.364018578","고압가스특정사용시설","난방,온수","1000","300","",
"137","특정고압가스업","09_28_14_P","4321000","2009432004712211111","2009-11-17","","01","영업/정상","BBBB","","","","","","","","","강원특별자치도 속초시 교동 795-3","강원특별자치도 속초시 미시령로 3239  (교동)","","영동가스충전소","2009-11-17 10:32:00","I","2023-06-13 00:00:00","","336730.155304576","523578.938429911","영동가스","영동가스","1000","200","",
"138","특정고압가스업","09_28_14_P","4321000","2009432004712212222","2009-11-17","","01","영업/정상","BBBB","","","","","","","","","강원특별자치도 속초시 교동 795-3","강원특별자치도 속초시 미시령로 3239  (교동)","","영동가스충전소","2009-11-17 10:50:22","I","2023-06-13 00:00:00","","336730.155304576","523578.938429911","영동가스","영동가스","1000","200","",
"139","특정고압가스업","09_28_14_P","4321000","2010432004712200001","2010-02-04","","01","영업/정상","BBBB","","","","","","","","","강원특별자치도 양구군 국토정중앙면 용하리 125 백호아파트","","","주식회사 중앙에너지산업","2011-10-31 14:50:02","I","2023-06-13 00:00:00","","291192.436490343","513089.396903727","액화석유가스 공급","액화석유가스 공급","1000","10","",
"140","특정고압가스업","09_28_14_P","4321000","2025432101212200001","2025-08-26","","01","영업/정상","BBBB","","","","","","","","","강원특별자치도 양구군 양구읍 월명리 133-12","","","삼호개발(주)","2025-08-26 13:37:03","I","2025-08-28 00:20:02","","","","용접 및 용단","용접 및 용단","54","30","",
"141","특정고압가스업","09_28_14_P","4331000","2009433004112200001","2009-01-02","","01","영업/정상","BBBB","","","","","","","","","강원특별자치도 인제군 남면 신풍리 사서함 81-23호","","","육군제2063부대","2012-03-09 14:28:01","I","2023-06-13 00:00:00","","","","편성부대 보급","용접","36","3","",
"142","특정고압가스업","09_28_14_P","4331000","2009433004112200002","2009-03-30","","01","영업/정상","BBBB","","","","","","","","","강원특별자치도 인제군 남면 신풍리 사서함","","","육군 제2063부대","2012-03-09 14:27:23","I","2023-06-13 00:00:00","","","","군사시설","군사용","180","3","",
"143","특정고압가스업","09_28_14_P","4331000","2009433004112200003","2009-04-06","","01","영업/정상","BBBB","","","","","","","","","강원특별자치도 인제군 남면 신풍리 81-23 사서함","","","육군 제2063부대","2012-03-09 14:28:20","I","2023-06-13 00:00:00","","","","군부대","군부대","180","3","",
"144","특정고압가스업","09_28_14_P","4331000","2012433005412200001","2012-03-09","","01","영업/정상","BBBB","","","","","","","","","강원특별자치도 인제군 남면 신풍리 사서함 81-23","강원특별자치도 인제군 남면 신풍길 16","","육군 제2063부대","2012-03-09 14:26:33","I","2023-06-13 00:00:00","","294412.584099097","495154.344879259","저장/불출","불출","63","3","",
"145","특정고압가스업","09_28_14_P","4331000","2019433008112200001","2019-08-12","","01","영업/정상","BBBB","","","","","","","","","강원특별자치도 인제군 남면 신풍리 692","강원특별자치도 인제군 남면 신풍길 16","24651","육군제2063부대","2019-08-12 11:40:04","I","2023-06-13 00:00:00","","294412.584099097","495154.344879259","저장/불출","저장/불출","100","3","",
"146","특정고압가스업","09_28_14_P","4331000","2019433008112200002","2019-08-12","","01","영업/정상","BBBB","","","","","","","","","강원특별자치도 인제군 남면 신풍리 692","강원특별자치도 인제군 남면 신풍길 16","24651","육군 제2063부대","2019-08-12 11:46:17","I","2023-06-13 00:00:00","","294412.584099097","495154.344879259","저장/불출","저장/불출","150","3","",
"147","특정고압가스업","09_28_14_P","4331000","2000433003002700000","1998-02-03","","01","영업/정상","BBBB","","","","","","033 4619149","","","강원특별자치도 인제군 상남면 상남리 산 140-1","","","상남정수장","1998-02-03 00:00:00","I","2023-06-13 00:00:00","","","","상수도수질관리","액화염소 투입","30","1","",
"148","특정고압가스업","09_28_14_P","4331000","2000433003002700001","1983-01-27","","01","영업/정상","BBBB","","","","","","033 4612902","","","강원특별자치도 인제군 인제읍 덕산리 799-3","","","덕산산업","1983-01-27 00:00:00","I","2023-06-13 00:00:00","","","","냉동","","0","1","",
"149","특정고압가스업","09_28_14_P","4331000","2000433003002700002","1998-01-16","","01","영업/정상","BBBB","","","","","","033 4602571","","","강원특별자치도 인제군 인제읍 덕산리 666-1","","","덕산정수장","1998-01-16 00:00:00","I","2023-06-13 00:00:00","","","","상수도수질관리","","470","1","",
"150","특정고압가스업","09_28_14_P","4331000","2000433003002700003","1998-02-03","","01","영업/정상","BBBB","","","","","","033 4614931","","","강원특별자치도 인제군 남면 부평리 산 85-62","","","부평정수장","1998-02-03 00:00:00","I","2023-06-13 00:00:00","","","","상수도수질관리","액화염소 투입","60","1","",
"151","특정고압가스업","09_28_14_P","4331000","2000433003002700004","1981-07-06","","01","영업/정상","BBBB","","","","","","033 4615257","","","강원특별자치도 인제군 기린면 현리 695","","","현리정수장","1981-07-06 00:00:00","I","2023-06-13 00:00:00","","","","상수도수질관리","액화염소 투입","80","1","",
"152","특정고압가스업","09_28_14_P","4331000","2000433003002700005","1998-01-03","","01","영업/정상","BBBB","","","","","","033 4624940","","","강원특별자치도 인제군 서화면 천도리 205-1","","","천도정수장","1998-01-03 00:00:00","I","2023-06-13 00:00:00","","","","상수도수질관리","액화염소 투입","60","1","",
"153","특정고압가스업","09_28_14_P","4331000","2006433004102700001","2006-07-14","","01","영업/정상","BBBB","","","","","","03304627314","","","강원특별자치도 인제군 서화면 천도리 사서함100-16 기상반","","","육군 제7289부대","2006-07-14 00:00:00","I","2023-06-13 00:00:00","","","","기상측정, 지구관측","풍선에 가스주입","180","2","",
"154","특정고압가스업","09_28_14_P","4331000","2006433004102700002","2006-10-31","","01","영업/정상","BBBB","","","","","","003304606447","","","강원특별자치도 인제군 인제읍 합강리 사서함 100-6","","","육군 제1862부대 보급수송대대","2008-12-09 14:00:49","I","2023-06-13 00:00:00","","","","용접","","0","1","",
"155","특정고압가스업","09_28_14_P","4331000","2006433004102700003","2006-10-31","","01","영업/정상","BBBB","","","","","","003304616740","","","강원특별자치도 인제군 남면 신풍리 사서함 81-23","","","육군 제2063부대 13보급대대","2006-10-31 00:00:00","I","2023-06-13 00:00:00","","","","용접","","0","1","",
"156","특정고압가스업","09_28_14_P","4341000","2006434003302700001","2006-10-31","","01","영업/정상","BBBB","","","","","","033 6320163","","","강원특별자치도 고성군 거진읍 송강리 421","","","육군제6575부대(송강리)","2012-07-02 11:42:49","I","2023-06-13 00:00:00","","321424.823363688","548876.373697594","기구부양, 기상관측용","기상관측용","40","3","",
"157","특정고압가스업","09_28_14_P","4341000","2006434003302700002","2006-10-31","","01","영업/정상","BBBB","","","","","","033 6320163","","","강원특별자치도 고성군 죽왕면 인정리 63-3","","","육군제6575부대(인정리)","2011-12-27 16:53:19","I","2023-06-13 00:00:00","","","","가구부양, 기상관측용","기상관측용","40","3","",
"158","특정고압가스업","09_28_14_P","4341000","2006434003302700003","2006-10-31","","01","영업/정상","BBBB","","","","","","033 6396448","","","강원특별자치도 고성군 토성면 봉포리 사서함 71-6호","","","육군제5861부대보급수송대대","2006-10-31 00:00:00","I","2023-06-13 00:00:00","","","","편성부대 보급","","0","0","",
"159","특정고압가스업","09_28_14_P","4341000","2007434003312200001","2007-12-03","","01","영업/정상","BBBB","","","","","","","","","강원특별자치도 고성군 간성읍 해상리 사서함 71-21","","","육군 제3150부대","2012-03-14 09:34:32","I","2023-06-13 00:00:00","","","","훈련및작전, 기상관측","훈련및작전, 기상관측
담당자 박희원상사()","30","5","",
"160","특정고압가스업","09_28_14_P","4341000","2008434004312200001","2008-09-30","","01","영업/정상","BBBB","","","","","","","","","강원특별자치도 고성군 토성면 봉포리 사서함71-6호","","","22사단보수대대","2012-03-13 11:34:31","I","2023-06-13 00:00:00","","","","저장 및 불출","용접,절단","400","200","",
"161","특정고압가스업","09_28_14_P","4341000","2011434004312200001","2011-04-01","","01","영업/정상","BBBB","","","","","","","","","강원특별자치도 고성군 간성읍 해상리 사서함 71-21","","","육군 제3150부대(중복입력됨)","2012-03-13 15:14:27","I","2023-06-13 00:00:00","","","","훈련 및 작전, 기상 관측","중복입력 삭제 요망","30","5","",
"162","특정고압가스업","09_28_14_P","4341000","2012434004312200001","2012-08-03","","01","영업/정상","BBBB","","","","","","","","","강원특별자치도 고성군 죽왕면 오봉리 9-19","강원특별자치도 고성군 죽왕면 동해대로 6064","","강원도해양심층수 수산자원센타","2012-08-03 17:30:16","I","2023-06-13 00:00:00","","332385.817523991","538662.887832879","한해성 치어종묘 생산용","한해성 치어종묘 생산","3000","25","",
"163","특정고압가스업","09_28_14_P","4341000","2015434004312200001","2015-05-21","","01","영업/정상","BBBB","","","","","","","","","강원특별자치도 고성군 죽왕면 오호리 245-7","강원특별자치도 고성군 죽왕면 심층수길 124-32","","한국해양과학기술원 부설 선박해양연구소해수플랜트연구센터","2015-05-21 11:36:06","I","2023-06-13 00:00:00","","333035.404738973","537945.58613179","실험실(시험용)","수질검사 및 검사 또는 측정시 시약
1일 9㎖×30일=0.27㎖",".27","12","",
"164","특정고압가스업","09_28_14_P","4341000","2021434007312200001","2021-11-03","","01","영업/정상","BBBB","","","","","","","","","강원특별자치도 고성군 간성읍 동호리 355","강원특별자치도 고성군 간성읍 동호1길 36","24731","오션테크 영어조합법인","2021-11-04 16:30:33","I","2023-06-13 00:00:00","","329585.941626508","544683.642098121","양식용","산소 부족시","10000","5","",
"165","특정고압가스업","09_28_14_P","4341000","2023434103012200001","2023-11-20","","01","영업/정상","BBBB","","","","","","","","","강원특별자치도 고성군 죽왕면 오봉리 9-19 강원도해양심층수수산자원센터","강원특별자치도 고성군 죽왕면 동해대로 6064, 강원도해양심층수수산자원센터","24747","한해성수산자원센터","2023-11-20 14:34:55","I","2023-11-22 00:17:07","","332385.817523991","538662.887832879","양식생물 피해예방 목적","액화산소(LO2)","10","10","",
"166","특정고압가스업","09_28_14_P","4351000","2016435005012200001","2016-08-24","","01","영업/정상","BBBB","","","","","","","","","강원특별자치도 양양군 현북면 하광정리 593","","","미화산업(주)","2016-08-24 17:40:23","I","2023-06-13 00:00:00","","350868.768953481","503958.631706499","강재절단용","가스용접기에 산소가스공급","3286.7","3","",
"167","특정고압가스업","09_28_14_P","4181000","2018418028612200001","2018-05-03","","01","영업/정상","1","사용중","","","","","","","","강원특별자치도 춘천시 온의동 513-3 강남병원","강원특별자치도 춘천시 경춘로 2364, 강남병원 (온의동)","24436","(폐지)","2018-10-01 15:30:27","I","2023-06-13 00:00:00","","263363.74960516","484877.145433762","중환자실 및 병동내 산소 공급","175kg * 2기 현대에너지","2000","187","",
"168","특정고압가스업","09_28_14_P","4181000","2018418032312200002","2018-10-25","","01","영업/정상","1","사용중","","","","","","","","강원특별자치도 춘천시 낙원동 27-1 인성병원","강원특별자치도 춘천시 금강로 39, 인성병원 (낙원동)","24272","폐지","2019-02-21 18:23:24","I","2023-06-13 00:00:00","","263883.466910628","486768.318767618","의료용","배관을 통한 산소 공급","285.6","74","",
"169","특정고압가스업","09_28_14_P","4181000","2019418032312200001","2019-02-21","","01","영업/정상","1","사용중","","","","","","","","강원특별자치도 춘천시 낙원동 27-1 인성병원","강원특별자치도 춘천시 금강로 39, 인성병원 (낙원동)","24272","인성병원","2019-11-28 15:32:14","I","2023-06-13 00:00:00","","263883.466910628","486768.318767618","의료용(병원내환자산소공급)","배관을 통한 산소공급","335.9","156","",
"170","특정고압가스업","09_28_14_P","4181000","2023418040412200002","2012-03-07","","01","영업/정상","1","사용중","","","","","","","","강원특별자치도 춘천시 우두동 291-2 강원도재활병원","강원특별자치도 춘천시 충열로142번길 24-16, 강원도재활병원 (우두동)","24227","강원도재활병원","2023-04-18 10:04:35","I","2023-06-13 00:00:00","","265108.905671972","489243.60633558","환자치료용 산소","액체산소를 기화시켜 배관이송 및 환자호흡에 사용환자호흡용

기존 액체산소 4.06톤과 함께 있었으나
액체산소 폐지(2022.9.1.)하면서 기체산소만 남음.

2023.4.18.
 기체산소 저장능력 추가(73m3->81m3)","28","60","",
"171","특정고압가스업","09_28_14_P","4181000","2007418016602700001","2007-03-14","","01","영업/정상","1","사용중","","","","","033 2603400","","","강원특별자치도 춘천시 남산면 창촌리 300-14","강원특별자치도 춘천시 남산면 보매기길 56","","(주)엔지브이아이","2013-12-27 16:13:08","I","2023-06-13 00:00:00","","256436.249761154","475963.010547701","엔진동력계 시험용","엔진동력계 시험용","1800","10","",
"172","특정고압가스업","09_28_14_P","4181000","2007418016602700002","2007-04-04","","01","영업/정상","1","사용중","","","","","033 2603400","","","강원특별자치도 춘천시 남산면 창촌리 300-14","강원특별자치도 춘천시 남산면 보매기길 56","","(주)엔지브이아이","2013-12-27 16:11:01","I","2023-06-13 00:00:00","","256436.249761154","475963.010547701","엔진동력계 시험연료용","엔진동력계 시험연료용","1800","10","",
"173","특정고압가스업","09_28_14_P","4181000","2007418016602700003","2007-04-04","","01","영업/정상","1","사용중","","","","","033 2649885","","","강원특별자치도 춘천시 서면 당림리 167-1","강원특별자치도 춘천시 서면 샛말길 122-11","","윤영의료재단","2013-12-27 16:05:25","I","2023-06-13 00:00:00","","254245.483818577","483370.766177782","의료용","의료용","1600","16","",
"174","특정고압가스업","09_28_14_P","4181000","2007418016612200001","2007-12-07","","01","영업/정상","1","사용중","","","","","","","","강원특별자치도 춘천시 효자동 17-2","강원특별자치도 춘천시 백령로 156 (효자동)","","강원대학교병원","2013-12-27 16:03:19","I","2023-06-13 00:00:00","","265500.731735027","486038.868111548","의료용","기체산소","12","1000","",
"175","특정고압가스업","09_28_14_P","4181000","2012418035812200001","2012-03-07","","01","영업/정상","1","사용중","","","","","","","","강원특별자치도 춘천시 우두동 291-2 강원도재활병원","강원특별자치도 춘천시 충열로142번길 24-16, 강원도재활병원 (우두동)","24227","강원도재활병원","2022-09-01 17:28:21","I","2023-06-13 00:00:00","","265108.905671972","489243.60633558","환자치료용 산소","액체산소를 기화시켜 배관이송 및 환자호흡에 사용환자호흡용

기존 액체산소 4.06톤과 함께 있었으나
액체산소 폐지(2022.9.1.)하면서 기체산소만 남음.","28","60","",
"176","특정고압가스업","09_28_14_P","4181000","2015418027912200001","2015-11-18","","01","영업/정상","1","사용중","","","","","","","","강원특별자치도 춘천시 동면 장학리 749-3","강원특별자치도 춘천시 동면 공단로70번길 137","","영어조합법인 춘천수산","2016-06-14 16:33:50","I","2023-06-13 00:00:00","","266049.037596996","489213.947044468","산업용가스","산업용가스","10000","5","",
"177","특정고압가스업","09_28_14_P","4181000","2007418109312200001","2007-03-27","","01","영업/정상","1","사용중","","","","","","","","강원특별자치도 춘천시 서면 당림리 167-1","강원특별자치도 춘천시 서면 샛말길 122-11","24463","춘천예현병원","2024-12-11 13:50:53","U","2024-12-13 02:40:00","","254245.483818577","483370.766177782","환자치료용(흡입제)","환자치료용(흡입제)","2000","150","",
"178","특정고압가스업","09_28_14_P","4191000","1995419007902700003","1995-05-10","","01","영업/정상","1","사용중","","","","","033 7428691","","","강원특별자치도 원주시 우산동 161","강원특별자치도 원주시 북원로2425번길 73 (우산동)","","한국폴리텍3대학원주캠퍼스","2016-04-29 09:55:20","I","2023-06-13 00:00:00","","282710.819607302","429392.039911748","실습용","실습용","3000","0","",
"179","특정고압가스업","09_28_14_P","4191000","2006419013302700002","2006-10-27","","01","영업/정상","1","사용중","","","","","","","","강원특별자치도 원주시 학성동 사서함 133-2호 7639부대 3중대","","","육군7639부대","2019-06-05 10:50:51","I","2023-06-13 00:00:00","","","","용접","1군지사 고압가스창고","100","1000","",
"180","특정고압가스업","09_28_14_P","4191000","2016419024512200001","2016-02-01","","01","영업/정상","1","사용중","","","","","","","","","강원특별자치도 원주시 일산로 20 (일산동)","","연세대학교원주세브란스기독병원","2019-03-26 13:55:15","I","2023-06-13 00:00:00","","283684.602363569","427758.377832632","의료용","가스저장실에서 중앙공급용 메니풀드로 공급","165","1500","",
"181","특정고압가스업","09_28_14_P","4191000","2018419024512200001","2018-09-12","","01","영업/정상","1","사용중","","","","","","","","강원특별자치도 원주시 문막읍 동화리 514-7 연세메디하임병원","강원특별자치도 원주시 문막읍 원문로 1419, 연세메디하임병원","26372","연세메디하임병원","2019-01-31 16:32:48","I","2023-06-13 00:00:00","","274834.971445725","425233.724856602","의료용 산소","배관, 용기
액화산소(배관) 165L * 2병
압축산고(용기) 6m3 * 20병
완성검사 완료 : 2018.12.28.","462","285","",
"182","특정고압가스업","09_28_14_P","4191000","2018419024512200006","2018-12-13","","01","영업/정상","1","사용중","","","","","","","","강원특별자치도 원주시 문막읍 건등리 583-2 원주의료고등학교","강원특별자치도 원주시 문막읍 원문로 1756, 원주의료고등학교","26370","원주의료고등학교","2018-12-27 16:14:37","I","2023-06-13 00:00:00","","272839.993436659","423848.923048767","교육용","배관
완성검사 : 2018.12.19.","10","350","",
"183","특정고압가스업","09_28_14_P","4191000","2020419024512200002","2020-05-26","","01","영업/정상","1","사용중","","","","","","","","강원특별자치도 원주시 문막읍 반계리 5-22 ㈜만도원주제1공장","강원특별자치도 원주시 문막읍 문막공단길 80, ㈜만도원주제1공장","26362","에이치엘만도 원주공장","2022-09-26 13:14:53","I","2023-06-13 00:00:00","","270976.604617115","421599.311278033","철구조물 절단","이동식, 용기저장식","140","0","",
"184","특정고압가스업","09_28_14_P","4191000","2021419024512200001","2021-06-10","","01","영업/정상","1","사용중","","","","","","","","강원특별자치도 원주시 개운동 452-5","강원특별자치도 원주시 남원로 556 (개운동)","26448","원주프라임병원","2021-06-10 09:52:09","I","2023-06-13 00:00:00","","283939.806056716","426141.791401754","환자 치료용","의료용산소","1000","150","",
"185","특정고압가스업","09_28_14_P","4191000","1994419007902700002","1994-06-27","","01","영업/정상","1","사용중","","","","","033 7425181","","","강원특별자치도 원주시 우산동 411-6","강원특별자치도 원주시 우산공단길 10 (우산동)","","한일전기(주)","2016-04-29 09:45:21","I","2023-06-13 00:00:00","","283375.420192584","430796.986639075","공업용","공업용","141","100","",
"186","특정고압가스업","09_28_14_P","4191000","1995419007902700001","1995-07-03","","01","영업/정상","1","사용중","","","","","033 7603300","","","강원특별자치도 원주시 인동 264-21","강원특별자치도 원주시 원일로 22 (인동)","","성지병원","2017-04-04 10:46:38","I","2023-06-13 00:00:00","","284484.959261583","427479.800413061","의료용","의료용","0","0","",
"187","특정고압가스업","09_28_14_P","4191000","1995419007902700002","1995-04-11","","01","영업/정상","1","사용중","","","","","033 7306123","","","강원특별자치도 원주시 문막읍 반계리 5-22 주식회사 일신캐스팅","강원특별자치도 원주시 문막읍 문막공단길 80, 주식회사 일신캐스팅","26362","주식회사 일신캐스팅","2020-05-17 15:23:41","I","2023-06-13 00:00:00","","270976.604617115","421599.311278033","실험용","주물실험실 : 고순도산소-시료가스용","0","0","",
"188","특정고압가스업","09_28_14_P","4191000","2025419112212200003","2025-04-10","","01","영업/정상","1","사용중","","","","","","","","강원특별자치도 원주시 우산동 170 한국폴리텍대학 원주캠퍼스","강원특별자치도 원주시 북원로2425번길 73, 한국폴리텍대학 원주캠퍼스 (우산동)","26406","한국폴리텍Ⅲ대학 원주캠퍼스","2025-04-10 09:54:43","I","2025-04-12 00:10:01","","282710.819607302","429392.039911748","교육 실습용","교육 실습용","31.5","0","",
"189","특정고압가스업","09_28_14_P","4191000","2020419112212200001","2020-10-13","","01","영업/정상","1","사용중","","","","","","","","강원특별자치도 원주시 문막읍 반계리 5-12 토다이수주식회사","강원특별자치도 원주시 문막읍 문막공단길 236, 토다이수주식회사","26362","토다머티리얼즈(주)","2025-05-29 15:58:47","U","2025-05-31 02:40:00","","271582.284846753","422083.178386107","Metal Powder 환원용(연소방식)","Metal Powder 환원용(연소방식)","600","0","",
"190","특정고압가스업","09_28_14_P","4201000","2022420032612200002","2022-02-17","","01","영업/정상","1","사용중","","","","","","","","강원특별자치도 강릉시 대전동 902-5","강원특별자치도 강릉시 과학단지로 106-71 (대전동)","25451","(주)코본","2024-05-16 14:06:13","U","2024-05-18 02:40:00","","363615.542533891","479363.807605907","제품생산","탄소나노큐브제조용","50","20","",
"191","특정고압가스업","09_28_14_P","4201000","2006420008502700002","2006-11-20","","01","영업/정상","1","사용중","","","","","033 6627802","","","강원특별자치도 강릉시 주문진읍 교항리 산 320 국군강릉병원내 188보정대","","","제1군수지원사령부 제5337부대","2016-01-28 11:42:35","I","2023-06-13 00:00:00","","","","여하부대 불출용","여하부대 불출용","200","1","",
"192","특정고압가스업","09_28_14_P","4201000","2016420027012200002","2016-05-27","","01","영업/정상","1","사용중","","","","","","","","","강원특별자치도 강릉시 강동면 갯목길 60","","고래바다","2016-05-27 15:03:05","I","2023-06-13 00:00:00","","","","양식장","양식장","15000","0","",
"193","특정고압가스업","09_28_14_P","4211000","1994421009302700030","1994-04-18","","01","영업/정상","1","사용중","","","","","5205040","","","강원특별자치도 동해시 송정동 60","강원특별자치도 동해시 대동로 210 (송정동)","","쌍용양회공업(주)북평공장","2016-01-20 16:23:30","I","2023-06-13 00:00:00","","388872.150122467","445348.387176442","산업용","해당없음","600","0","",
"194","특정고압가스업","09_28_14_P","4211000","1999421009302700001","1999-09-14","","01","영업/정상","1","사용중","","","","","5205206","","","강원특별자치도 동해시 구호동 231","강원특별자치도 동해시 공단9로 145 (구호동)","","한국동서발전(주)동해화력발전처","2023-12-07 13:41:48","U","2023-12-09 02:40:00","","389713.263176334","444719.463998415","발전기냉각","해당없음","112","0","",
"195","특정고압가스업","09_28_14_P","4211000","2003421009302700001","2003-01-29","","01","영업/정상","1","사용중","","","","","5303300","","","강원특별자치도 동해시 천곡동 884","강원특별자치도 동해시 중앙로 218 (천곡동)","","의료법인 해람의료재단 해람병원","2013-12-23 11:54:31","I","2023-06-13 00:00:00","","386974.192783286","448557.45116627","의료용","해당없음","376","0","",
"196","특정고압가스업","09_28_14_P","4211000","2006421009302700001","2006-11-06","","01","영업/정상","1","사용중","","","","","033 5716443","","","강원특별자치도 동해시 단봉동 453-1","","","제23보병사단 보급수송대대","2014-05-19 15:10:37","I","2023-06-13 00:00:00","","387042.827340887","441927.148452717","산업(용접)","해당없음","300","0","",
"197","특정고압가스업","09_28_14_P","4211000","2016421018112200001","2016-03-02","","01","영업/정상","1","사용중","","","","","","","","강원특별자치도 동해시 구호동 246","강원특별자치도 동해시 공단4로 36 (구호동)","","(주)지에스동해전력","2016-03-02 16:16:47","I","2023-06-13 00:00:00","","389879.389447498","443866.815521936","발전기 냉각용","발전기 냉각용","570","0","",
"198","특정고압가스업","09_28_14_P","4211000","2020421021512200001","2020-11-10","","01","영업/정상","1","사용중","","","","","","","","강원특별자치도 동해시 삼화동 200 쌍용양회동해공장","강원특별자치도 동해시 효자로 246, 쌍용양회동해공장 (삼화동)","25744","쌍용양회공업(주) 동해공장","2023-11-08 11:11:32","U","2023-11-10 02:40:00","","381789.813670765","444419.292367977","산업용","용기","200","20","",
"199","특정고압가스업","09_28_14_P","4221000","1985422007212220001","1985-08-31","","01","영업/정상","1","사용중","","","","","","","","강원특별자치도 태백시 장성동 200-1","강원특별자치도 태백시 태백로 1889 (장성동)","","장성광업소","2013-08-20 11:55:06","I","2023-06-13 00:00:00","","378234.288354841","402309.661708615","공작물제작","업무용","180","1110","",
"200","특정고압가스업","09_28_14_P","4231000","2010423005112200001","2010-03-31","","01","영업/정상","1","사용중","","","","","","","","강원특별자치도 속초시 교동 669-1","강원특별자치도 속초시 중앙로 11 (교동)","","속초보광병원","2021-05-18 14:46:12","I","2023-06-13 00:00:00","","338197.766804118","522865.442373193","의료용","의료용 산소공급","320","200","",
"201","특정고압가스업","09_28_14_P","4231000","2012423006412200001","2012-03-14","","01","영업/정상","1","사용중","","","","","","","","강원특별자치도 속초시 영랑동 591-10","강원특별자치도 속초시 영랑호반길 3 (영랑동)","","강원도속초의료원","2013-12-18 17:20:16","I","2023-06-13 00:00:00","","339079.48882574","524917.714740154","병원 의료원","환자건강회복 증진 목적 
고압산소 사용시설","7500","120","",
"202","특정고압가스업","09_28_14_P","4241000","1995424001002700001","1995-01-01","","01","영업/정상","1","사용중","","","","","5721141","","","강원특별자치도 삼척시 남양동 55-9","강원특별자치도 삼척시 오십천로 418 (남양동)","","지방공사강원특별자치도삼척의료원","2023-07-17 13:58:56","U","2023-07-19 02:40:00","","391434.820290382","439773.856200338","의료용","용기","0","0","",
"203","특정고압가스업","09_28_14_P","4241000","1997424001002700008","1997-03-18","","01","영업/정상","1","사용중","","","","","5749114","","","강원특별자치도 삼척시 정상동 385","강원특별자치도 삼척시 오십천로 506 (정상동)","","의료법인 삼척의료재단","2013-12-31 13:21:43","I","2023-06-13 00:00:00","","392228.467832434","439395.210180362","의료용","-","57","0","",
"204","특정고압가스업","09_28_14_P","4241000","2020424020212200001","2020-06-03","","01","영업/정상","1","사용중","","","","","","","","강원특별자치도 삼척시 사직동 114 삼표시멘트","강원특별자치도 삼척시 동양길 20, 삼표시멘트 (사직동)","25930","(주)삼표시멘트 삼척공장","2022-07-22 17:38:27","I","2023-06-13 00:00:00","","392606.428518564","438473.157192767","산소용접","산소용접","490","1","",
"205","특정고압가스업","09_28_14_P","4241000","2024424100712200001","2024-05-03","","01","영업/정상","1","사용중","","","","","","","","강원특별자치도 삼척시 적노동 산 29-3","강원특별자치도 삼척시 박걸남로 906 (적노동)","25931","삼척블루파워(주)","2024-05-03 18:06:19","I","2024-05-05 00:14:47","","392694.02063207","436344.38889505","발전기 냉각용(2호기)","발전기 냉각용(2호기)","726","1","",
"206","특정고압가스업","09_28_14_P","4251000","2000425004202700971","1997-10-28","","01","영업/정상","1","사용중","","","","","033 4308536","","","강원특별자치도 홍천군 북방면 하화계리 740","강원특별자치도 홍천군 북방면 도둔길 49","","하이트맥주(주)","2013-12-30 10:14:44","I","2023-06-13 00:00:00","","274091.131503479","465814.991902042","용접용","....","0","0","",
"207","특정고압가스업","09_28_14_P","4251000","2000425004202700972","1997-10-28","","01","영업/정상","1","사용중","","","","","033 4308536","","","강원특별자치도 홍천군 북방면 하화계리 740","강원특별자치도 홍천군 북방면 도둔길 49","","하이트맥주(주)","2013-12-30 10:12:27","I","2023-06-13 00:00:00","","274091.131503479","465814.991902042","용접용","--","10","2","",
"208","특정고압가스업","09_28_14_P","4251000","2018425012112200001","2018-02-13","","01","영업/정상","1","사용중","","","","","","","","강원특별자치도 홍천군 홍천읍 갈마곡리 466-1","강원특별자치도 홍천군 홍천읍 산림공원1길 17","25131","홍천아산병원","2018-02-13 14:55:06","I","2023-06-13 00:00:00","","278852.231568625","465755.841290153","의료용","감압하여 공급","2023.74","150","",
"209","특정고압가스업","09_28_14_P","4251000","2021425017212200001","2021-08-26","","01","영업/정상","1","사용중","","","","","","","","강원특별자치도 홍천군 북방면 하화계리 827-63","강원특별자치도 홍천군 북방면 송학정로 23-36","25115","(주)아이노스","2021-08-26 11:15:46","I","2023-06-13 00:00:00","","275293.845531558","464799.226020491","(주)아이노스","(주)아이노스","100","1","",
"210","특정고압가스업","09_28_14_P","4261000","2019426008812200001","2019-02-27","","01","영업/정상","1","사용중","","","","","","","","강원특별자치도 횡성군 횡성읍 입석리 155-4 대성병원","강원특별자치도 횡성군 횡성읍 횡성로 275, 대성병원","25240","횡성대성병원","2019-02-27 10:49:04","I","2023-06-13 00:00:00","","286612.789231186","442256.80743604","환자 호흡용(액화산소)","초저온탱크(4,976톤*1기)에 액화산소 환자 호흡용","3000","4","",
"211","특정고압가스업","09_28_14_P","4271000","2017427007712200001","2017-04-13","","01","영업/정상","1","사용중","","","","","","","","강원특별자치도 영월군 영월읍 하송리 242","강원특별자치도 영월군 영월읍 하송로 64","","ddd","2017-07-10 14:54:03","I","2023-06-13 00:00:00","","329744.826174915","410074.431361514","ㅁㄴㅇ","ㄴㅇㄹ","1111","1","",
"212","특정고압가스업","09_28_14_P","4271000","2018427007712200001","2018-12-24","","01","영업/정상","1","사용중","","","","","","","","강원특별자치도 영월군 주천면 주천리 1376-20 영월소방서주천119안전센터","강원특별자치도 영월군 주천면 송학주천로 1467-15, 영월소방서주천119안전센터","26203","영월소방서 주천119안전센터","2018-12-26 08:56:20","I","2023-06-13 00:00:00","","312551.175954097","419954.497859783","산소마스크","-","0","0","",
"213","특정고압가스업","09_28_14_P","4271000","2021427007712200001","2021-06-30","","01","영업/정상","1","사용중","","","","","","","","강원특별자치도 영월군 주천면 주천리 1424-1","강원특별자치도 영월군 주천면 송학주천로 1467-51","26203","한국가스안전공사 에너지안전실증연구센터","2021-09-16 13:18:06","I","2023-06-13 00:00:00","","312371.720546162","420352.828544643","실험용","실험용","300","30","",
"214","특정고압가스업","09_28_14_P","4281000","2016428009412200001","2016-11-09","","01","영업/정상","1","사용중","","","","","","","","강원특별자치도 평창군 대화면 상안미리 68","강원특별자치도 평창군 대화면 미날1길 53","","안미송어장","2016-11-09 22:36:44","I","2023-06-13 00:00:00","","325876.295304495","440368.625094013","내수면 양식용","산소통으로부터 배관으로 수족관에 산소공급","10000","0","",
"215","특정고압가스업","09_28_14_P","4291000","2023429102012200001","2023-08-24","","01","영업/정상","1","사용중","","","","","","","","강원특별자치도 정선군 사북읍 사북리 305-16 정선군립병원","강원특별자치도 정선군 사북읍 지장천로 727, 정선군립병원","26150","재단법인 정선의료재단","2024-09-06 14:08:35","U","2024-09-08 02:40:00","","362023.877879962","415331.483541067","의료용","의료용","4800","0","",
"216","특정고압가스업","09_28_14_P","4291000","2016429007212200001","2016-11-15","","01","영업/정상","1","사용중","","","","","","","","","강원특별자치도 정선군 남면 광락로 659","","광덕수산","2016-11-15 13:39:35","I","2023-06-13 00:00:00","","347935.137501514","425470.458231947","내수면 양식용","송어양식장 산소공급(기화기사용)","10000","0","",
"217","특정고압가스업","09_28_14_P","4291000","2016429007212200002","2016-11-15","","01","영업/정상","1","사용중","","","","","","","","","강원특별자치도 정선군 남면 광락로 89-12","","선명양어장","2016-11-15 13:40:34","I","2023-06-13 00:00:00","","351469.61635914","425814.440653987","내수면 양식용","송어양식장 산소공급(기화기사용)","4976","0","",
"218","특정고압가스업","09_28_14_P","4291000","2016429007212200003","2016-11-15","","01","영업/정상","1","사용중","","","","","","","","","강원특별자치도 정선군 정선읍 군언길 190-27","","군언양어장","2016-11-15 13:41:23","I","2023-06-13 00:00:00","","342171.129785876","431688.803049927","내수면 양식용","송어양식장 산소공급(기화기사용)","4976","0","",
"219","특정고압가스업","09_28_14_P","4291000","2018429007212200001","2018-04-03","","01","영업/정상","1","사용중","","","","","","","","강원특별자치도 정선군 사북읍 사북리 305-16 재단법인 정선의료재단","강원특별자치도 정선군 사북읍 지장천로 727, 재단법인 정선의료재단","26150","재단법인정선의료재단","2022-07-27 15:50:58","I","2023-06-13 00:00:00","","362023.877879962","415331.483541067","의료용","배관을 통한 병실공급","1000","200","",
"220","특정고압가스업","09_28_14_P","4301000","2006430005502700001","2006-03-17","","01","영업/정상","1","사용중","","","","","031 5325650","","","강원특별자치도 철원군 갈말읍 군탄리 사서함269-800","강원특별자치도 철원군 갈말읍 갈말로 234","","육군제2181부대","2014-12-04 18:01:54","I","2023-06-13 00:00:00","","226959.178241483","518849.229400448","공공용","군 기상 제원산출","200","2","",
"221","특정고압가스업","09_28_14_P","4301000","2016430008512200002","2016-07-04","","01","영업/정상","1","사용중","","","","","","","","강원특별자치도 철원군 갈말읍 군탄리 339 철원병원","강원특별자치도 철원군 갈말읍 명성로 208, 철원병원","24034","철원병원","2020-03-18 10:07:55","I","2023-06-13 00:00:00","","226929.100240543","516412.772602971","의료용","의료용","3360","100","",
"222","특정고압가스업","09_28_14_P","4321000","2020432006212200001","2020-03-12","","01","영업/정상","1","사용중","","","","","","","","강원특별자치도 양구군 국토정중앙면 가오작리 376-2","","24552","양구청정양어장","2020-03-12 16:02:53","I","2023-06-13 00:00:00","","291317.561452864","516934.499652456","산소공급","액체 산소를 기화시켜 사용","15000","5","",
"223","특정고압가스업","09_28_14_P","4321000","2006432002902700001","2006-10-30","","01","영업/정상","1","사용중","","","","","033 4807446","","","강원특별자치도 양구군 양구읍 죽곡리 1리 사서함108-6호","","","제1729-03부대","2019-11-20 15:02:18","I","2023-06-13 00:00:00","","","","저장및불출","저장 및 불출","240","200","",
"224","특정고압가스업","09_28_14_P","4331000","2007433004112200001","2007-12-21","","01","영업/정상","1","사용중","","","","","","","","강원특별자치도 인제군 서화면 천도리 사서함 100-21","","","육군 제8512부대","2017-06-20 11:40:04","I","2023-06-13 00:00:00","","","","고층기상재원산출용","고층기상재원산출용","480","3","",
"225","특정고압가스업","09_28_14_P","4331000","2022433008112200001","2022-05-18","","01","영업/정상","1","사용중","","","","","","","","강원특별자치도 인제군 남면 신풍리 692","강원특별자치도 인제군 남면 신풍길 16, 육군 제2063부대","24651","육군 제2063부대","2022-05-18 18:58:10","I","2023-06-13 00:00:00","","294412.584099097","495154.344879259","인체호흡용(의료용)","각 군 의료처에 공급","200","30","",
"226","특정고압가스업","09_28_14_P","4341000","2019434006712200001","2019-08-02","","01","영업/정상","1","사용중","","","","","","","","강원특별자치도 고성군 토성면 성대리 27-1","강원특별자치도 고성군 토성면 신성길 139","24763","오션팜","2023-11-15 11:23:23","U","2023-11-17 02:40:00","","333235.801258739","529348.746451495","새우양식장 산소공급용","액화산소 공급","5000","1","",
"227","특정고압가스업","09_28_14_P","4341000","2020434006712200001","2020-05-08","","01","영업/정상","1","사용중","","","","","","","","강원특별자치도 고성군 간성읍 동호리 355","강원특별자치도 고성군 간성읍 동호1길 36","24731","아쿠아시스","2023-11-15 11:22:50","U","2023-11-17 02:40:00","","329585.941626508","544683.642098121","양식장 산소공급용","액화산소 공급","5000","3","",
"228","특정고압가스업","09_28_14_P","4341000","2020434006712200002","2020-09-25","","01","영업/정상","1","사용중","","","","","","","","강원특별자치도 고성군 토성면 봉포리 40-25","강원특별자치도 고성군 토성면 봉포해변길 19","24765","거진수산 영어 조합법인","2023-11-15 11:23:33","U","2023-11-17 02:40:00","","337471.490788928","527957.356572008","양식활어용 액체산소공급","액체산소 기화시켜 산소공급","10000","10","",
"229","특정고압가스업","09_28_14_P","4351000","2007435005012200007","2007-01-29","","01","영업/정상","1","사용중","","","","","","","","강원특별자치도 양양군 양양읍 임천리 387-1","강원특별자치도 양양군 양양읍 임천길 55-37","","남애정수장","2016-11-21 12:27:08","I","2023-06-13 00:00:00","","340259.178446941","509226.667291659","소독","상수도",".3","2","",
"230","특정고압가스업","09_28_14_P","4351000","2020435006912200001","2020-01-09","","01","영업/정상","1","사용중","","","","","","","","강원특별자치도 양양군 서면 북평리 230","강원특별자치도 양양군 서면 북평1길 23","25036","동방송어 양식장","2021-03-25 09:33:59","I","2023-06-13 00:00:00","","340630.313263516","508437.389243297","양식장 활어 산소공급용","고수온 대응 활어양식용 산소공급을 위해 액화산소(저장탱크)을 저장하여 대기식 기화기를 통해 기화시킨 후, 감압공정을 거쳐 배관을 통해 사용처에 보다 원활하고 안전하게 가스를 공급","6.9","5","",
"231","특정고압가스업","09_28_14_P","4181000","2019418032312200002","2019-04-24","","03","폐업","2","폐지","2020-12-11","","","","","","","강원특별자치도 춘천시 동내면 고은리 330-4","강원특별자치도 춘천시 동내면 고은길 71","24399","(주)창성철강","2021-12-23 16:19:26","I","2023-06-13 00:00:00","","268271.389201394","482455.629876944","용접 절단용","용기","150","0","",
"232","특정고압가스업","09_28_14_P","4181000","2019418032312200003","2019-04-24","","03","폐업","2","폐지","2022-05-17","","","","","","","강원특별자치도 춘천시 후평동 198-53","강원특별자치도 춘천시 소양강로 32 (후평동)","24232","대운하우징","2022-05-17 17:58:27","I","2025-04-02 13:21:48","","265331.3469315","487999.802568208","용접 절단용","용기

-> 사용량 감소(12m3)로 사용신고 폐지","150","0","",
"233","특정고압가스업","09_28_14_P","4181000","2007418035812200002","2007-03-27","","03","폐업","2","폐지","2024-10-14","","","","","","","강원특별자치도 춘천시 서면 당림리 167-1","강원특별자치도 춘천시 서면 샛말길 122-11","24463","춘천예현병원","2024-12-11 13:51:35","U","2024-12-13 02:40:00","","254245.483818577","483370.766177782","의료용 산소","의료용 산소 320kg","320","0","",
"234","특정고압가스업","09_28_14_P","4191000","2006419013302700001","2006-02-21","","03","폐업","2","폐지","2012-07-13","","","","033 7347700","","","강원특별자치도 원주시 태장동 1720-24","강원특별자치도 원주시 태장공단길 42-4  (태장동)","","(주)루보 원주공장(대표자:양창규)","2012-07-19 10:49:22","I","2023-06-13 00:00:00","","283943.692067417","434068.603079777","암모니아분해열처리","폐지","700","7","",
"235","특정고압가스업","09_28_14_P","4191000","2008419015312200001","2008-09-16","","03","폐업","2","폐지","2020-10-13","","","","","","","강원특별자치도 원주시 문막읍 반계리 5-12","강원특별자치도 원주시 문막읍 문막공단길 236","","토다이수(주)","2020-10-13 16:22:57","I","2023-06-13 00:00:00","","271582.284846753","422083.178386107","Metal Powder 공정","Metal Powder 공정","3000","4","",
"236","특정고압가스업","09_28_14_P","4191000","2016419024512200002","2016-03-29","","03","폐업","2","폐지","2018-12-14","","","","","","","","강원특별자치도 원주시 서원대로 387 (개운동)","","강원도 원주의료원","2018-12-14 17:02:05","I","2025-04-02 13:21:48","","284004.892022232","426080.573873519","의료용","액화산소 저장탱크를 설치하여 기화기를 통해 기화시켜 사용
저장탱크 4.9톤
기화기 100n㎥/hr 25A감압사용","5000","300","",
"237","특정고압가스업","09_28_14_P","4191000","2018419024512200002","2018-09-20","","03","폐업","2","폐지","2018-10-15","","","","","","","강원특별자치도 원주시 학성동 1023-68 원주카톨릭병원","강원특별자치도 원주시 남산로 199, 원주카톨릭병원 (학성동)","26412","원주카톨릭병원","2018-10-15 15:50:46","I","2023-06-13 00:00:00","","283316.518675463","428391.532010113","의료용","배관 및 용기","111.93","65","",
"238","특정고압가스업","09_28_14_P","4191000","2018419024512200003","2018-10-15","","03","폐업","2","폐지","2020-05-31","","","","","","","강원특별자치도 원주시 학성동 1023-68 원주카톨릭병원","강원특별자치도 원주시 남산로 199, 원주카톨릭병원 (학성동)","26412","원주가톨릭병원","2020-06-22 09:06:34","I","2023-06-13 00:00:00","","283316.518675463","428391.532010113","응급환자 및 수술후 회복 보조용","배관 및 용기","673.2","65","",
"239","특정고압가스업","09_28_14_P","4191000","2018419024512200005","2018-11-06","","03","폐업","2","폐지","2025-08-11","","","","","","","강원특별자치도 원주시 태장동 1403-5 민중병원","강원특별자치도 원주시 북원로 2636, 민중병원 (태장동)","26320","고색의료재단 원주민중요양병원","2025-08-11 16:43:23","U","2025-08-13 02:40:00","","283738.821268361","431142.506440562","입원환자 치료 및 회복 보조용","배관, 용기","1000","130","",
"240","특정고압가스업","09_28_14_P","4191000","2020419024512200001","2020-02-21","","03","폐업","2","폐지","2023-01-27","","","","","","","강원특별자치도 원주시 문막읍 반계리 5-42","강원특별자치도 원주시 문막읍 문막공단길 247, 한국유니온제약(주)","26362","한국유니온제약(주)","2023-07-17 10:49:14","U","2023-07-19 02:40:00","","271354.201219299","422209.413832417","제품생산","제품생산","700","20","",
"241","특정고압가스업","09_28_14_P","4191000","2021419024512200002","2021-07-30","","03","폐업","2","폐지","2024-01-25","","","","","","","강원특별자치도 원주시 문막읍 반계리 2255-7","강원특별자치도 원주시 문막읍 반산2로 98","26362","(주)가온기술","2024-01-25 16:08:11","U","2024-01-27 02:40:00","","270570.798884651","422009.494847697","분말 합성","분말 합성","1561","17","",
"242","특정고압가스업","09_28_14_P","4191000","1988419007902700001","1988-11-25","","03","폐업","2","폐지","","","","","033 7616911","","","강원특별자치도 원주시 개운동 437","강원특별자치도 원주시 서원대로 387 (개운동)","","원주의료원","2016-03-29 11:38:15","I","2023-06-13 00:00:00","","284004.892022232","426080.573873519","의료용","의료용","1000","1000","",
"243","특정고압가스업","09_28_14_P","4201000","2021420032612200004","2021-09-29","","03","폐업","2","폐지","2022-05-02","","","","","","","강원특별자치도 강릉시 대전동 899-1","강원특별자치도 강릉시 과학단지로 106-14 (대전동)","25440","(주)보부하이테크","2022-05-02 13:21:06","I","2023-06-13 00:00:00","","363438.234939537","479452.202673487","제품생산","제품생산","14","30","",
"244","특정고압가스업","09_28_14_P","4201000","2021420032612200005","2021-09-29","","03","폐업","2","폐지","2022-05-02","","","","","","","강원특별자치도 강릉시 대전동 899-1","강원특별자치도 강릉시 과학단지로 106-14 (대전동)","25440","(주)보부하이테크","2022-05-02 13:21:19","I","2023-06-13 00:00:00","","363438.234939537","479452.202673487","제품생산","제품생산","70","30","",
"245","특정고압가스업","09_28_14_P","4201000","2021420032612200007","2021-12-27","","03","폐업","2","폐지","2022-02-17","","","","","","","강원특별자치도 강릉시 대전동 902-5","강원특별자치도 강릉시 과학단지로 106-71 (대전동)","25451","(주)코본","2022-02-17 13:11:06","I","2023-06-13 00:00:00","","363615.542533891","479363.807605907","탄소나노튜브제조용","액화염소 용기","50","20","",
"246","특정고압가스업","09_28_14_P","4201000","1998420001902700002","1998-06-12","","03","폐업","2","폐지","2021-03-16","","","","033 6539120","","","강원특별자치도 강릉시 입암동 21-12","","","현대자동차(주)강릉영업소","2021-05-18 14:58:41","I","2023-06-13 00:00:00","","","","자동차 용접 및 절단","자동차 용접 및 절단","100","10","",
"247","특정고압가스업","09_28_14_P","4201000","1998420001902700004","1998-06-12","","03","폐업","2","폐지","2019-01-04","","","","033 5341588","","","강원특별자치도 강릉시 옥계면 낙풍리 495-2","","","옥계정수장","2022-02-17 16:06:11","I","2023-06-13 00:00:00","","","","소독","소독","100","4","",
"248","특정고압가스업","09_28_14_P","4201000","2011420011512200001","2011-12-21","","03","폐업","2","폐지","2019-09-16","","","","","","","강원특별자치도 강릉시 대전동 898-1","강원특별자치도 강릉시 과학단지로 160-40 (대전동)","","(재)강원테크노파크","2022-02-17 16:06:53","I","2023-06-13 00:00:00","","363511.356361271","479542.686610108","실험설비 열처리로 분위기가스","수소용기를 집합대로하여 사용","900","4","",
"249","특정고압가스업","09_28_14_P","4201000","2014420020712200001","2014-10-29","","03","폐업","2","폐지","2021-12-22","","","","","","","","강원특별자치도 강릉시 강변로604번길 2 (입암동)","","21세기기업(주)","2022-02-17 16:00:52","I","2023-06-13 00:00:00","","369580.620563712","475703.953283557","열처리 제품의 침탄질화용","열처리 제품의 침탄질화용","20","84","",
"250","특정고압가스업","09_28_14_P","4201000","2018420027012200001","2018-03-12","","03","폐업","2","폐지","2020-11-11","","","","","","","강원특별자치도 강릉시 주문진읍 교항리 산 326","","","국군강릉병원","2022-02-17 10:36:45","I","2023-06-13 00:00:00","","","","의료용산소",".","500","350","",
"251","특정고압가스업","09_28_14_P","4211000","2004421009302700001","2004-06-16","","03","폐업","2","폐지","2013-10-07","","","","033 5207200","","","강원특별자치도 동해시 효가동 363-8","강원특별자치도 동해시 동해대로 5143 (효가동)","","동해금강병원","2013-10-07 14:28:44","I","2023-06-13 00:00:00","","386195.709266966","446636.179304561","의료용","해당없음","1344","0","",
"252","특정고압가스업","09_28_14_P","4211000","2019421021512200001","2019-12-23","","03","폐업","2","폐지","2020-11-10","","","","","","","강원특별자치도 동해시 삼화동 200 쌍용양회동해공장","강원특별자치도 동해시 효자로 246, 쌍용양회동해공장 (삼화동)","25744","쌍용양회공업(주) 동해공장","2020-11-10 10:48:20","I","2023-06-13 00:00:00","","381789.813670765","444419.292367977","음용수소독및 산업용","용기형태","500","20","",
"253","특정고압가스업","09_28_14_P","4211000","2022421021512200001","2022-01-11","","03","폐업","2","폐지","2022-01-11","","","","","","","강원특별자치도 동해시 단봉동 450-1","강원특별자치도 동해시 강원남부로 4652-7 (단봉동)","25821","제23사단 보급수송대대","2022-02-09 15:14:24","I","2023-06-13 00:00:00","","387191.919782122","442385.540909647","용접","용접","500","20","",
"254","특정고압가스업","09_28_14_P","4211000","1981421009302700062","1981-09-11","","03","폐업","2","폐지","2019-12-23","","","","5201442","","","강원특별자치도 동해시 삼화동 200 쌍용양회동해공장","강원특별자치도 동해시 효자로 246 (삼화동,쌍용양회동해공장)","","쌍용양회공업(주)동해공장","2020-11-10 10:01:00","I","2023-06-13 00:00:00","","381789.813670765","444419.292367977","산업용","해당없음","500","0","",
"255","특정고압가스업","09_28_14_P","4211000","1987421009302700008","1987-12-24","","03","폐업","2","폐지","2025-07-30","","","","5302647","","","강원특별자치도 동해시 발한동 산 28","강원특별자치도 동해시 발한로 376 (발한동)","","사문정수장","2025-08-05 15:58:15","U","2025-08-07 02:40:00","","385738.931135325","453075.426611044","소독용","해당없음","200","0","",
"256","특정고압가스업","09_28_14_P","4211000","1987421009302700024","1987-09-02","","03","폐업","2","폐지","2025-07-30","","","","5302647","","","강원특별자치도 동해시 이도동 660-1","강원특별자치도 동해시 이원길 83-5 (이도동)","","이원정수장","2025-08-05 15:57:25","U","2025-08-07 02:40:00","","385829.169944574","444161.840950425","소독용","해당없음","200","0","",
"257","특정고압가스업","09_28_14_P","4221000","1994422007212200001","1994-01-26","","03","폐업","2","폐지","2016-01-11","","","","","","","강원특별자치도 태백시 소도동 240","강원특별자치도 태백시 태백산로 4642 (소도동)","","혈리정수장","2016-01-11 12:58:46","I","2023-06-13 00:00:00","","373130.615620993","404804.095712336","소독용","업무용","80","3","",
"258","특정고압가스업","09_28_14_P","4221000","1994422007212200002","1994-01-26","","03","폐업","2","폐지","2015-07-25","","","","","","","강원특별자치도 태백시 화전동 117-2","강원특별자치도 태백시 굴거랑길 12 (화전동)","","화전정수장","2015-07-26 10:12:36","I","2023-06-13 00:00:00","","374074.92397125","412846.308470165","소독용","업무용","80","3","",
"259","특정고압가스업","09_28_14_P","4221000","1994422007212200003","1994-01-26","","03","폐업","2","폐지","2015-07-25","","","","","","","강원특별자치도 태백시 원동 1-1","강원특별자치도 태백시 역둔원동로 1407-10 (원동)","","원동정수장","2015-07-26 10:13:06","I","2023-06-13 00:00:00","","375934.880256367","419102.558763437","소독용","업무용","80","3","",
"260","특정고압가스업","09_28_14_P","4221000","1994422007212200004","1994-01-26","","03","폐업","2","폐지","2016-01-11","","","","","","","강원특별자치도 태백시 백산동 174-1","강원특별자치도 태백시 동태백로 961-33 (백산동)","","백산정수장","2016-01-11 13:00:14","I","2023-06-13 00:00:00","","380566.850348571","406925.095612858","소독용","업무용","80","3","",
"261","특정고압가스업","09_28_14_P","4221000","1994422007212200005","1994-01-26","","03","폐업","2","폐지","2016-01-11","","","","","","","강원특별자치도 태백시 소도동 산 72-8","강원특별자치도 태백시 천제단길 203-18 (소도동)","","당골정수장","2016-01-11 12:59:52","I","2023-06-13 00:00:00","","373277.572783431","403404.866991871","소독용","업무용","80","3","",
"262","특정고압가스업","09_28_14_P","4231000","2002423001002700001","2002-04-26","","03","폐업","2","폐지","2016-04-26","","","","033 6392559","","","강원특별자치도 속초시 노학동 365-3","","","속초시상수도사업소노학암반관정","2016-06-21 17:14:02","I","2023-06-13 00:00:00","","","","정수소독용","기계적 투입","80","0","",
"263","특정고압가스업","09_28_14_P","4231000","2015423007812200001","2015-09-07","","03","폐업","2","폐지","","","","","","","","","강원특별자치도 속초시 울산바위길 66-43 (노학동)","","학사평정수장","2017-02-28 16:30:31","I","2023-06-13 00:00:00","","331795.145019502","523245.519649329","먹는물 소독","기계적 투입","250","4","",
"264","특정고압가스업","09_28_14_P","4231000","2015423007812200002","2015-09-07","","03","폐업","2","폐지","2016-01-22","","","","","","","","강원특별자치도 속초시 설악산로 836-57 (설악동)","","설악정수장","2016-01-26 08:43:04","I","2023-06-13 00:00:00","","","","먹는물 소독","기계적 투입","50","3","",
"265","특정고압가스업","09_28_14_P","4241000","1995424001002700002","1995-01-01","","03","폐업","2","폐지","2019-07-17","","","","5413469","","","강원특별자치도 삼척시 도계읍 마교리","","","마교정수장","2019-07-17 10:48:34","I","2023-06-13 00:00:00","","","","살균소독","-","100","3","",
"266","특정고압가스업","09_28_14_P","4241000","1995424001002700007","1995-01-01","","03","폐업","2","폐지","","","","","5730922","","","강원특별자치도 삼척시 근덕면 장호리 360","","","장호정수장","2013-12-31 16:15:00","I","2023-06-13 00:00:00","","404747.04540415","422206.87989877","2003. 2. 28 시설폐쇄","-","100","0","",
"267","특정고압가스업","09_28_14_P","4241000","2009424011312200007","2001-07-11","","03","폐업","2","폐지","2020-06-30","","","","","","","강원특별자치도 삼척시 근덕면 동막리 963 1","강원특별자치도 삼척시 근덕면 문의재로 3582","","동막정수장","2020-06-30 17:10:47","I","2023-06-13 00:00:00","","397266.391854447","427554.493362798","살균소독용","-","100","3","",
"268","특정고압가스업","09_28_14_P","4241000","2018424019212200001","2018-03-15","","03","폐업","2","폐지","2019-12-26","","","","","","","강원특별자치도 삼척시 원덕읍 임원리 산 202-1","강원특별자치도 삼척시 원덕읍 임원안1길 76-35","25956","임원정수장","2019-12-26 10:37:56","I","2023-06-13 00:00:00","","407344.325956794","417755.692937032","2019.12.26 시설폐쇄","-","60","0","",
"269","특정고압가스업","09_28_14_P","4241000","2018424019212200002","2018-03-15","","03","폐업","2","폐지","2020-06-30","","","","","","","강원특별자치도 삼척시 원덕읍 옥원리 286","강원특별자치도 삼척시 원덕읍 옥원길 12-30","25957","옥원정수장","2020-06-30 17:03:12","I","2023-06-13 00:00:00","","406334.700249376","411829.152194267","살균 및 소독","정수장 소족","60","3","",
"270","특정고압가스업","09_28_14_P","4251000","1987425004202787110","1987-01-17","","03","폐업","2","폐지","2011-08-19","","","","033 4322804","","","강원특별자치도 홍천군 화촌면 성산리 856-1","강원특별자치도 홍천군 화촌면 산초울로 164-37","","화촌면상수도","2016-05-02 13:30:23","I","2023-06-13 00:00:00","","285589.17671994","474605.233145961","--","---","0","1","",
"271","특정고압가스업","09_28_14_P","4251000","2001425004202709915","1985-01-07","","03","폐업","2","폐지","2011-10-27","","","","033 4324309","","","강원특별자치도 홍천군 남면 양덕원리 52-2","강원특별자치도 홍천군 남면 시동로 50","","남면상수도","2016-05-02 13:30:40","I","2023-06-13 00:00:00","","267999.036322221","456813.196124073","소독용","--","10","1","",
"272","특정고압가스업","09_28_14_P","4251000","2004425004202700001","2004-06-02","","03","폐업","2","폐지","2016-05-09","","","","033 4350473","","","강원특별자치도 홍천군 두촌면 철정리 산 90","강원특별자치도 홍천군 두촌면 아홉사리로 53","","국군홍천병원","2016-05-09 17:30:55","I","2025-04-02 13:21:48","","287751.305025245","478542.141517348","의료용","중앙공급장치","1200","300","",
"273","특정고압가스업","09_28_14_P","4251000","2017425012112200001","2017-03-16","","03","폐업","2","폐지","2018-02-13","","","","","","","강원특별자치도 홍천군 홍천읍 갈마곡리 466-1","강원특별자치도 홍천군 홍천읍 산림공원1길 17","","홍천아산병원","2018-02-13 14:40:25","I","2023-06-13 00:00:00","","278852.231568625","465755.841290153","의료용","의료용","3300","150","",
"274","특정고압가스업","09_28_14_P","4261000","2006426000902700002","2006-05-30","","03","폐업","2","폐지","2018-11-15","","","","033 3455550","","","강원특별자치도 횡성군 우천면 양적리 37-2","","","(주)베스트메탈워크","2018-11-15 22:00:57","I","2023-06-13 00:00:00","","","","제품생산","장비투입","1000","1","",
"275","특정고압가스업","09_28_14_P","4281000","2017428009412200002","2017-08-14","","03","폐업","2","폐지","2024-04-02","","","","","","","강원특별자치도 평창군 미탄면 백운리 436-1","강원특별자치도 평창군 미탄면 창터길 48","","백운송어양식장","2024-10-23 11:34:20","U","2024-10-25 02:40:00","","336325.380408171","426514.272461957","내수면 양식용","내수면 양식용","10000","0","",
"276","특정고압가스업","09_28_14_P","4291000","2007429004002700001","2007-02-16","","03","폐업","2","폐지","2018-04-03","","","","033 5902518","","","강원특별자치도 정선군 사북읍 사북리 605-16","","","의료법인 사북연세병원","2018-04-03 17:30:08","I","2023-06-13 00:00:00","","","","의료용","액체산소 기화사용","1000","0","",
"277","특정고압가스업","09_28_14_P","4301000","2006430005502700002","2006-07-19","","03","폐업","2","폐지","2017-12-08","","","","033 4580582","","","강원특별자치도 철원군 갈말읍 지경리 107-20","","","육군제5283부대","2017-12-08 15:26:41","I","2023-06-13 00:00:00","","","","공공용","저장소","460","2","",
"278","특정고압가스업","09_28_14_P","4301000","2013430006912200001","2013-10-02","","03","폐업","2","폐지","2017-11-22","","","","","","","강원특별자치도 철원군 갈말읍 내대리 467","","","육군제3355부대","2021-06-24 09:33:43","I","2023-06-13 00:00:00","","227222.224824701","521675.251753714","군사임무수행","풍선(기구)비양","200","2","",
"279","특정고압가스업","09_28_14_P","4301000","2016430008512200001","2016-07-04","","03","폐업","2","폐지","2020-03-18","","","","","","","","강원특별자치도 철원군 갈말읍 명성로 208 (철원길병원(관리과))","","철원병원","2020-03-18 10:11:46","I","2023-06-13 00:00:00","","226929.100240543","516412.772602971","의료용","의료용
변경신청에 의한 자료중복등록으로 
2020.03.18 신규자료등록으로인한 기존 전산자료 폐지처리","400","200","",
"280","특정고압가스업","09_28_14_P","4311000","2000431000702700001","2000-09-18","","03","폐업","2","폐지","2017-01-04","","","","003 4422090","","","강원특별자치도 화천군 화천읍 상리 3통6반","","","화천정수장","2017-01-04 10:54:24","I","2023-06-13 00:00:00","","","","소독","고정식","150","10","",
"281","특정고압가스업","09_28_14_P","4311000","2000431000702700002","2000-09-18","","03","폐업","2","폐지","2017-01-04","","","","033 4426162","","","강원특별자치도 화천군 상서면 산양리 506-1","강원특별자치도 화천군 상서면 산양길 26-9","","산양정수장","2017-01-04 10:54:58","I","2023-06-13 00:00:00","","258081.607430825","523119.155091021","소독","고정식","150","10","",
"282","특정고압가스업","09_28_14_P","4311000","2000431000702700003","2000-09-18","","03","폐업","2","폐지","2015-08-07","","","","033 4414368","","","강원특별자치도 화천군 사내면 사창리 213-2","강원특별자치도 화천군 사내면 사내로1길 40","","사창정수장","2015-08-07 17:01:39","I","2023-06-13 00:00:00","","246015.84898001","507481.279317995","소독","고정식","150","10","",
"283","특정고압가스업","09_28_14_P","4311000","2007431005212200001","2007-12-11","","03","폐업","2","폐지","2016-08-10","","","","","","","강원특별자치도 화천군 상서면 노동리 사서함 104동 18호","","","7사단포병연대","2016-08-10 13:26:48","I","2023-06-13 00:00:00","","","","기상측정용 기구운용","기상측정용","192","3","",
"284","특정고압가스업","09_28_14_P","4311000","2008431005212200001","2008-05-13","","03","폐업","2","폐지","2017-10-16","","","","","","","강원특별자치도 화천군 상서면 다목리 사서함 99-17호","","","제15보병사단 포병연대","2017-10-16 16:13:55","I","2023-06-13 00:00:00","","","","기상관측장비 운용","전시에 기상관측장비로 운용","0","0","",
"285","특정고압가스업","09_28_14_P","4311000","2010431005212200001","2010-05-24","","03","폐업","2","폐지","2015-08-28","","","","","","","강원특별자치도 화천군 상서면 다목리 사서함 99-17","","","제15보병사단 포병연대(육군9915부대)","2017-10-16 16:06:29","I","2023-06-13 00:00:00","","","","기상관측장비 운용","전시에 기상관측장비로 운영","0","0","",
"286","특정고압가스업","09_28_14_P","4321000","2014432004712200001","2014-10-02","","03","폐업","2","폐지","2019-10-31","","","","","","","강원특별자치도 양구군 동면 월운리 318","","","동면정수장","2019-11-20 12:55:40","I","2023-06-13 00:00:00","","291169.021764467","526773.454818356","상수도 소독용","여과지후 정수지 전에서 염소주입장치 이용주입
19-10-22 특정고압가스폐지:염소가스소독설비를 차염소독설비로 전환","200","0","",
"287","특정고압가스업","09_28_14_P","4321000","2014432004712200002","2014-10-02","","03","폐업","2","폐지","2019-10-31","","","","","","","강원특별자치도 양구군 방산면 건솔리 산 0","","","방산정수장","2019-11-20 12:55:51","I","2023-06-13 00:00:00","","","","상수도 소독용","여과지후 정수지 전에서 염소주입장치 이용 주입
19-10-22 특정고압가스폐지:염소가스소독설비를 차염소독설비로 전환","150","0","",
"288","특정고압가스업","09_28_14_P","4321000","2014432004712200003","2014-10-02","","03","폐업","2","폐지","2019-10-15","","","","","","","강원특별자치도 양구군 해안면 만대리 1987-1","","","해안면 마을상수도","2019-12-10 15:31:16","I","2023-06-13 00:00:00","","298238.461274928","529060.470946579","상수도 소독용","여과지후 정수지 전에서 염소주입장치 이용
19-10-22 특정고압가스폐지:염소가스소독설비를 차염소독설비로 전환","150","0","",
"289","특정고압가스업","09_28_14_P","4321000","2006432002902700002","2006-10-31","","03","폐업","2","폐지","2016-12-23","","","","","","","강원특별자치도 양구군 동면 임당리 사서함97-18","","","제7025부대 기상반","2016-12-26 16:21:42","I","2025-04-02 13:21:48","","","","탄로풍 측정","기구주입/비양","180","5","",
"290","특정고압가스업","09_28_14_P","4321000","2007432003912200001","2007-12-17","","03","폐업","2","폐지","2016-12-23","","","","","","","강원특별자치도 양구군 동면 덕곡리 사서함 97-18호","","","제7025부대 기상반","2016-12-26 16:22:02","I","2025-04-02 13:21:48","","","","탄도풍측정, 기구주입 및 비양","탄도풍측정, 기구주입 및 비양","180","5","",
"291","특정고압가스업","09_28_14_P","4321000","2009432004712200003","2009-06-26","","03","폐업","2","폐지","2019-11-18","","","","","","","강원특별자치도 양구군 양구읍 죽곡리 108-6","","","제1729-03부대 보급수송대대","2019-11-20 15:02:01","I","2023-06-13 00:00:00","","","","저장 및 불출","미사용으로 인한 특정고압가스 폐지","50","100","",
"292","특정고압가스업","09_28_14_P","4331000","2008433004112200001","2008-02-01","","03","폐업","2","폐지","2017-10-17","","","","","","","강원특별자치도 인제군 서화면 천도리 사서함 100-26호","","","육군 제8227부대","2017-10-17 15:12:47","I","2023-06-13 00:00:00","","","","기상반","수소가스충만기구운용","120","2","",
"293","특정고압가스업","09_28_14_P","4331000","2008433006412200001","2008-07-07","","03","폐업","2","폐지","2017-06-19","","","","","","","강원특별자치도 인제군 서화면 서흥리 사서함 100동 17호","","","육군 제8512부대","2017-06-20 11:39:37","I","2023-06-13 00:00:00","","","","수소","전량교체","10","0","",
"294","특정고압가스업","09_28_14_P","4351000","2007435005012200005","2007-01-29","","03","폐업","2","폐지","2018-05-17","","","","","","","강원특별자치도 양양군 서면 오색리 산 45","","","오색정수장","2019-02-19 17:23:33","I","2023-06-13 00:00:00","","330010.972372242","509360.737737837","소독","상수도",".3","2","",
