"번호","개방서비스명","개방서비스아이디","개방자치단체코드","관리번호","인허가일자","인허가취소일자","영업상태구분코드","영업상태명","상세영업상태코드","상세영업상태명","폐업일자","휴업시작일자","휴업종료일자","재개업일자","소재지전화","소재지면적","소재지우편번호","소재지전체주소","도로명전체주소","도로명우편번호","사업장명","최종수정시점","데이터갱신구분","데이터갱신일자","업태구분명","좌표정보x(epsg5174)","좌표정보y(epsg5174)","설비규격",
"1","용기냉동기특정설비","07_22_16_P","4181000","2008418016616500014","1998-11-06","","01","영업/정상","01","영업중","","","","","","","","강원특별자치도 춘천시 송암동 700-3","강원특별자치도 춘천시 스포츠타운길 113 (송암동)","","의암빙상장","2015-08-27 15:25:01","I","2023-06-13 00:00:00","","260420.565086014","483691.10029183","",
"2","용기냉동기특정설비","07_22_16_P","4181000","2008418016616500031","2008-06-12","","01","영업/정상","01","영업중","","","","","","","","강원특별자치도 춘천시 퇴계동 1019","강원특별자치도 춘천시 지석로 88 (퇴계동)","","투탑시티카펠라","2013-12-27 16:28:53","I","2023-06-13 00:00:00","","265357.389472436","483290.937065008","",
"3","용기냉동기특정설비","07_22_16_P","4181000","2008418016616500033","2007-11-29","","01","영업/정상","01","영업중","","","","2008-06-18","","","","강원특별자치도 춘천시 동내면 거두리 60","강원특별자치도 춘천시 동내면 거두단지2길 60","","일동후디스","2013-12-27 16:27:21","I","2023-06-13 00:00:00","","268830.238891791","485195.41388557","",
"4","용기냉동기특정설비","07_22_16_P","4181000","2008418016616500036","2008-10-25","","01","영업/정상","01","영업중","","","","","","","","강원특별자치도 춘천시 퇴계동 739-5","강원특별자치도 춘천시 방송길 109 (온의동)","","한국방송춘천방송총국","2013-12-27 16:26:33","I","2023-06-13 00:00:00","","263459.272795312","485307.147462636","",
"5","용기냉동기특정설비","07_22_16_P","4181000","2008418016616500037","2008-11-05","","01","영업/정상","01","영업중","","","","","","","","강원특별자치도 춘천시 남면 가정리 366-1","강원특별자치도 춘천시 남면 약암길 109","","한화제약(주)","2013-12-27 16:25:12","I","2023-06-13 00:00:00","","249780.870802208","472527.593268109","",
"6","용기냉동기특정설비","07_22_16_P","4181000","2009418016616500018","2009-07-15","","01","영업/정상","01","영업중","","","","","","","","강원특별자치도 춘천시 온의동 513-3","강원특별자치도 춘천시 경춘로 2364 (온의동)","","풍양조씨자효회","2013-12-27 16:34:45","I","2023-06-13 00:00:00","","263363.74960516","484877.145433762","",
"7","용기냉동기특정설비","07_22_16_P","4181000","2009418016616500038","2009-01-09","","01","영업/정상","01","영업중","","","","","","","","강원특별자치도 춘천시 서면 안보리 863","강원특별자치도 춘천시 서면 경춘로 771-79","","사회복지법인광림복지재단","2013-12-27 16:34:10","I","2023-06-13 00:00:00","","252596.410085181","482189.566101269","",
"8","용기냉동기특정설비","07_22_16_P","4181000","2009418016616500039","2009-11-11","","01","영업/정상","01","영업중","","","","","","","","강원특별자치도 춘천시 온의동 6","강원특별자치도 춘천시 방송길 84 (온의동)","","롯데쇼핑(주)롯데마트","2013-12-27 16:18:58","I","2023-06-13 00:00:00","","263109.175778889","485355.40305733","",
"9","용기냉동기특정설비","07_22_16_P","4181000","2010418016616500040","2010-05-28","","01","영업/정상","01","영업중","","","","","","","","강원특별자치도 춘천시 중앙로1가 80","강원특별자치도 춘천시 중앙로 45 (중앙로1가)","","제일은행춘천지점","2013-12-27 16:33:20","I","2023-06-13 00:00:00","","264007.77545753","486717.058924492","",
"10","용기냉동기특정설비","07_22_16_P","4181000","2014418027916500001","2014-08-22","","01","영업/정상","01","영업중","","","","","","","","","강원특별자치도 춘천시 남산면 해맞이길 41","","(주)에너솔라","2024-06-11 10:52:21","U","2024-06-13 02:40:00","","255212.572134617","474138.315394491","",
"11","용기냉동기특정설비","07_22_16_P","4181000","2020418035816500001","2020-07-02","","01","영업/정상","01","영업중","","","","","","","","강원특별자치도 춘천시 남산면 창촌리 640","강원특별자치도 춘천시 남산면 해맞이길 41","24465","(주)에너솔라","2024-06-11 10:51:56","U","2024-06-13 02:40:00","","255212.572134617","474138.315394491","",
"12","용기냉동기특정설비","07_22_16_P","4181000","1999418016616500007","2007-12-17","","02","휴업","02","휴업","","2007-12-07","2008-12-07","","","","","강원특별자치도 춘천시 송암동 709-1","강원특별자치도 춘천시 스포츠타운길 111  (송암동)","","춘천시시설관리공단(실외빙상장)","2007-12-17 18:04:59","I","2023-06-13 00:00:00","","260260.619595588","483708.160380676","",
"13","용기냉동기특정설비","07_22_16_P","4181000","2007418016616500001","2009-05-13","","03","폐업","03","폐업","2023-01-10","","","","","","","강원특별자치도 춘천시 남산면 29-1","","","지에스건설(주)엘리시안강촌","2023-01-10 12:53:04","I","2023-06-13 00:00:00","","","","",
"14","용기냉동기특정설비","07_22_16_P","4181000","2007418016616500003","1999-10-06","","03","폐업","03","폐업","2007-11-19","","","","","","","강원특별자치도 춘천시 요선동 2","","","춘천시민회관","2007-12-05 11:02:30","I","2023-06-13 00:00:00","","","","",
"15","용기냉동기특정설비","07_22_16_P","4181000","2008418016616500001","2008-02-04","","03","폐업","03","폐업","2016-01-21","","","","","","","강원특별자치도 춘천시 남산면 창촌리 300-17","","","(주)엔지브이에스","2016-02-04 17:20:03","I","2023-06-13 00:00:00","","256216.405368518","475885.317574698","",
"16","용기냉동기특정설비","07_22_16_P","4181000","2008418016616500002","2005-04-11","","03","폐업","03","폐업","2008-04-23","","","1995-04-04","","","","강원특별자치도 춘천시 동면 감정리 186-5","","","소양정수장","2008-04-23 11:53:51","I","2023-06-13 00:00:00","","","","",
"17","용기냉동기특정설비","07_22_16_P","4191000","2006419015316500002","2006-05-30","","01","영업/정상","01","영업중","","","","","","","","강원특별자치도 원주시 신림면 금창리 325-1","","","(주)칠보콤포지트","2007-08-21 10:42:03","I","2023-06-13 00:00:00","","","","",
"18","용기냉동기특정설비","07_22_16_P","4191000","2009419019816500001","2009-12-03","","01","영업/정상","01","영업중","","","","","","","","강원특별자치도 원주시 문막읍 반계리 5-17","강원특별자치도 원주시 문막읍 문막공단길 51","","후성정공(주)","2021-04-15 16:33:52","I","2023-06-13 00:00:00","","271303.056665413","421983.873601796","",
"19","용기냉동기특정설비","07_22_16_P","4191000","2011419019816500001","2011-11-16","","01","영업/정상","01","영업중","","","","","","","","","강원특별자치도 원주시 호저면 칠봉로 368-14","","그린한국에너지(주)","2019-08-20 16:22:01","I","2023-06-13 00:00:00","","279074.379100706","436551.244413031","",
"20","용기냉동기특정설비","07_22_16_P","4191000","2021419024516500001","2021-09-02","","01","영업/정상","01","영업중","","","","","","","","강원특별자치도 원주시 호저면 광격리 561-11","강원특별자치도 원주시 호저면 광학로 163-2","26302","(주)플로닉스","2021-10-06 14:27:40","I","2023-06-13 00:00:00","","282780.672210218","440464.907953516","",
"21","용기냉동기특정설비","07_22_16_P","4191000","2024419112216500001","2024-10-17","","01","영업/정상","01","영업중","","","","","","","","강원특별자치도 원주시 지정면 신평리 1069-1","강원특별자치도 원주시 지정면 신평로 2-1","26348","(주)케이투앤","2024-12-23 14:21:54","U","2024-12-25 02:40:00","","278764.620172931","430403.746225565","",
"22","용기냉동기특정설비","07_22_16_P","4191000","2024419101216500001","2024-01-29","","01","영업/정상","01","영업중","","","","","","","","강원특별자치도 원주시 반곡동 1809-11 엔터비즈타워","강원특별자치도 원주시 입춘로 45, 엔터비즈타워 B동 709호 (반곡동)","26460","알파냉동","2024-02-26 09:21:09","U","2024-02-28 02:40:00","","286650.196160256","425529.258545694","",
"23","용기냉동기특정설비","07_22_16_P","4191000","2006419015316500001","2006-05-30","","02","휴업","02","휴업","","2015-06-11","2034-07-31","","","","","강원특별자치도 원주시 신림면 금창리 325-1","강원특별자치도 원주시 신림면 치악로 371","","그린콤포지트(주)","2018-04-18 11:31:04","I","2023-06-13 00:00:00","","293249.061888572","417097.652933178","",
"24","용기냉동기특정설비","07_22_16_P","4191000","2008419015316500001","2008-07-18","","03","폐업","03","폐업","2012-06-29","","","","","","","강원특별자치도 원주시 태장동 1720-19","강원특별자치도 원주시 태장공단길 42-7  (태장동)","","가진기업(주)","2012-07-02 09:50:46","I","2023-06-13 00:00:00","","283837.822409253","434153.652399319","",
"25","용기냉동기특정설비","07_22_16_P","4191000","2014419024516500001","2014-07-11","","03","폐업","03","폐업","2023-04-11","","","","","","","","강원특별자치도 원주시 끝에담길 59 (행구동)","","(주)대양공조","2023-04-11 15:28:09","I","2023-06-13 00:00:00","","288730.751867634","427327.372984378","",
"26","용기냉동기특정설비","07_22_16_P","4191000","2014419024516500002","2014-07-11","","03","폐업","03","폐업","2023-04-11","","","","","","","","강원특별자치도 원주시 끝에담길 59 (행구동)","","(주)대양공조","2023-04-11 15:29:51","I","2023-06-13 00:00:00","","288730.751867634","427327.372984378","",
"27","용기냉동기특정설비","07_22_16_P","4201000","2020420032616500001","2020-01-14","","01","영업/정상","01","영업중","","","","","","","","강원특별자치도 강릉시 두산동 28-20","","","(주)삼성에이알테크","2020-02-06 17:29:38","I","2023-06-13 00:00:00","","370232.97526682","475729.751762322","",
"28","용기냉동기특정설비","07_22_16_P","4201000","2021420032616500001","2021-03-22","","01","영업/정상","01","영업중","","","","","","","","강원특별자치도 강릉시 주문진읍 교항리 1207-22","","","(주)아이스맨","2021-04-27 17:55:09","I","2023-06-13 00:00:00","","360668.561611172","486740.509554165","",
"29","용기냉동기특정설비","07_22_16_P","4201000","2023420101616500003","2023-09-27","","01","영업/정상","01","영업중","","","","","","","","강원특별자치도 강릉시 주문진읍 교항리 1207-22","","","에프티아이(FTI).Safety Valve","2023-12-21 16:31:07","U","2023-12-23 02:40:00","","360668.561611172","486740.509554165","",
"30","용기냉동기특정설비","07_22_16_P","4201000","2021420032616500002","2021-09-23","","03","폐업","03","폐업","2025-10-20","","","","","","","강원특별자치도 강릉시 두산동 28-20","","","(주)삼성에이알테크","2025-10-20 11:40:21","U","2025-10-23 02:40:00","","370232.97526682","475729.751762322","",
"31","용기냉동기특정설비","07_22_16_P","4221000","2015422007216500001","2015-10-21","","01","영업/정상","01","영업중","","","","","","","","강원특별자치도 태백시 장성동 278-4","강원특별자치도 태백시 계산11길 45 (장성동)","","더엠지 주식회사","2024-06-20 17:05:34","U","2024-06-22 02:40:00","","377288.237648352","402548.523183489","",
"32","용기냉동기특정설비","07_22_16_P","4221000","2015422007216500002","2015-10-21","","03","폐업","03","폐업","2024-10-11","","","","","","","강원특별자치도 태백시 장성동 278-4","강원특별자치도 태백시 계산11길 45 (장성동)","26050","더엠지 주식회사","2024-10-11 16:16:25","U","2024-10-13 02:40:00","","377288.237648352","402548.523183489","",
"33","용기냉동기특정설비","07_22_16_P","4261000","2022426010516500001","2022-05-10","","01","영업/정상","01","영업중","","","","","","","","강원특별자치도 횡성군 우천면 법주리 740 (주)월드리프","","","주식회사 월드리프","2022-06-29 10:43:39","I","2023-06-13 00:00:00","","294191.991607312","439118.813240223","",
"34","용기냉동기특정설비","07_22_16_P","4261000","2022426010516500002","2022-05-10","","01","영업/정상","01","영업중","","","","","","","","강원특별자치도 횡성군 우천면 법주리 740 (주)월드리프","","","주식회사 월드리프","2022-06-29 11:17:46","I","2023-06-13 00:00:00","","294191.991607312","439118.813240223","",
"35","용기냉동기특정설비","07_22_16_P","4261000","2011426006316500001","2011-05-23","","03","폐업","03","폐업","2022-05-23","","","","","","","강원특별자치도 횡성군 공근면 초원리 658-9","","","가진기업(주)","2022-05-23 14:39:41","I","2023-06-13 00:00:00","","280281.705","447769.42","",
"36","용기냉동기특정설비","07_22_16_P","4291000","2002429007216500002","2002-11-12","","01","영업/정상","01","영업중","","","","","","","","강원특별자치도 정선군 신동읍 조동리 513","강원특별자치도 정선군 신동읍 함백로 384","","세기산업기술(주)","2021-12-08 10:05:39","I","2023-06-13 00:00:00","","348719.23398844","413948.714356043","",
"37","용기냉동기특정설비","07_22_16_P","4291000","2021429011016500001","2021-12-03","","01","영업/정상","01","영업중","","","","","","","","강원특별자치도 정선군 신동읍 조동리 513-1","강원특별자치도 정선군 신동읍 함백로 384","26141","세기산업기술(주)","2022-01-04 13:49:17","I","2023-06-13 00:00:00","","348685.622358794","413960.458883571","",
"38","용기냉동기특정설비","07_22_16_P","4351000","2012435005016500001","2012-09-12","","02","휴업","02","휴업","","2014-09-24","2015-09-23","","","","","강원특별자치도 양양군 현남면 원포리 60-3","","","워터비스블루(주)","2015-04-21 15:11:16","I","2023-06-13 00:00:00","","357154.116153961","493378.607113151","",
