"번호","개방서비스명","개방서비스아이디","개방자치단체코드","관리번호","인허가일자","인허가취소일자","영업상태구분코드","영업상태명","상세영업상태코드","상세영업상태명","폐업일자","휴업시작일자","휴업종료일자","재개업일자","소재지전화","소재지면적","소재지우편번호","소재지전체주소","도로명전체주소","도로명우편번호","사업장명","최종수정시점","데이터갱신구분","데이터갱신일자","업태구분명","좌표정보x(epsg5174)","좌표정보y(epsg5174)","실험실면적","사업장구분명","영업소면적","위탁업체명","실험실지역코드","실험실우편번호","실험실산","실험실번지","실험실호","실험실통","실험실반","실험실특수주소","실험실특수주소동","실험실특수주소호","실험실도로명주소시군구코드","실험실도로명주소읍면동코드","실험실도로명주소읍면동구분","실험실도로명주소코드","실험실도로명특수주소","실험실도로명주소건물층구분","실험실도로명주소건물본번호","실험실도로명주소건물부번호","실험실도로명주소우편번호",
"1","환경측정대행업","09_30_17_P","6530000","653000008202300019","2023-08-08","","01","영업/정상","N","신규","","","","","","","26349","강원특별자치도 원주시 호저면 만종리 217-1","강원특별자치도 원주시 호저면 우무개로 326","26349","(주)삼성환경엔지니어링","2023-08-08 17:48:21","I","2023-08-10 00:18:35","","280935.024259656","429774.133074899","0","측정대행업","0","","5113011000","220100","1","","","","","","","","51130","5113011000","1","3219041","","0","341","","220100",
"2","환경측정대행업","09_30_17_P","6530000","653000008202300020","2023-08-08","","01","영업/정상","N","신규","","","","","","","26493","강원특별자치도 원주시 흥업면 매지리 1184-1 연세대원주환경친화기술센터 302호","강원특별자치도 원주시 흥업면 북원로 1389, 연세대원주환경친화기술센터 302호","26493","(주)에코엔비텍","2023-08-08 18:03:59","I","2023-08-10 00:18:35","","280254.288140415","419626.869610252","34","측정대행업","0","","5113037022","26493","0","1184","1","","","연세대원주환경친화기술센터","","303","51130","5113037022","0","3219073","연세대원주환경친화기술센터","0","1389","0","26493",
"3","환경측정대행업","09_30_17_P","6530000","653000008202300017","2023-08-07","","01","영업/정상","N","신규","","","","","","","24456","강원특별자치도 춘천시 칠전동 603-7","강원특별자치도 춘천시 칠전동길 31-5(칠전동)","24456","아람기술이앤지(주)","2023-08-07 10:27:13","I","2023-08-09 00:19:30","","262877.004279535","482285.243609461","0","측정대행업","0","","","","","","","","","","","","","","","","","","","","",
"4","환경측정대행업","09_30_17_P","6530000","653000008202300018","2023-08-07","","01","영업/정상","N","신규","","","","","","","25422","강원특별자치도 강릉시 주문진읍 교항리 1207-6","강원특별자치도 강릉시 주문진읍 농공단지길 28-32","25422","(주)세동이엔지","2023-08-07 10:31:50","I","2023-08-09 00:19:30","","360487.917334175","486867.906205672","0","측정대행업","0","","5115025022","25422","0","1207","6","","","","","","51150","5115025022","0","4460314","","0","28","32","25422",
"5","환경측정대행업","09_30_17_P","6530000","653000008202300023","2023-08-25","","01","영업/정상","N","신규","","","","","","","220-912","강원특별자치도 원주시 판부면 서곡리  2011번지 -6번지","강원특별자치도 원주시 판부면 오성마을길 63-7","220-912","(주)영동환경이앤텍","2023-08-25 09:18:17","I","2023-08-27 00:18:30","","284028.975216268","424549.946849535","0","측정대행업","0","","","","","","","","","","","","","","","","","","","","",
"6","환경측정대행업","09_30_17_P","6530000","653000008202300024","2025-07-29","","01","영업/정상","N","신규","","","","","","","220-912","강원특별자치도 원주시 판부면 서곡리  2011번지 -6번지","강원특별자치도 원주시 판부면 오성마을길 63-7","220-912","(주)영동환경이앤텍","2025-07-29 14:39:04","U","2025-07-31 02:40:00","","284028.975216268","424549.946849535","0","측정대행업","0","","","","","","","","","","","","","","","","","","","","",
"7","환경측정대행업","09_30_17_P","6530000","653000008202300012","2023-07-10","","01","영업/정상","N","신규","","","","","","","24408","강원특별자치도 춘천시 동내면 사암리 765번지","강원특별자치도 춘천시 동내면 대룡산길 80-3","24408","(주)이엠연구소","2023-07-10 10:03:45","I","2023-07-13 00:19:21","","267657.706361618","481762.761134097","40.8","측정대행업","0","","5111039024","24408","0","765","0","","","","","","51110","5111039024","0","4454152","","0","80","3","24408",
"8","환경측정대행업","09_30_17_P","6530000","653000008202300013","2025-07-22","","01","영업/정상","N","신규","","","","","","","24399","강원특별자치도 춘천시 동내면 거두리 457-7","강원특별자치도 춘천시 동내면 거두길 191","24399","(자)대한환경건설","2025-07-22 11:05:20","U","2025-07-24 02:40:00","","","","0","측정대행업","0","","","","","","","","","","","","","","","","","","","","",
"9","환경측정대행업","09_30_17_P","6530000","653000008202300014","2023-07-24","","01","영업/정상","N","신규","","","","","0337645807","","220-934","강원특별자치도 원주시 관설동   634번지 3호","강원특별자치도 원주시 치악로 1351 (관설동)","","(주)선진환경","2023-07-24 08:58:41","I","2023-07-26 00:18:54","","286539.562056716","423342.277511088","120","측정대행업","0","","5113011600","220934","1","634","3","","","","","","51130","5113011600","1","3219054","","0","1351","","220180",
"10","환경측정대행업","09_30_17_P","6530000","653000008202300015","2023-07-25","","01","영업/정상","N","신규","","","","","","","26347","강원특별자치도 원주시 지정면 신평리 1126번지","강원특별자치도 원주시 지정면 청정로 80-1","26347","(주)알렉스분석시험소","2023-07-25 10:54:14","I","2023-07-27 00:18:54","","278740.864821739","431780.028130067","0","측정대행업","0","","","","","","","","","","","","","","","","","","","","",
"11","환경측정대행업","09_30_17_P","6530000","653000008202300016","2023-07-25","","01","영업/정상","N","신규","","","","","0337446701","","","","강원특별자치도 원주시 흥업면 원문로 865-5","","주식회사 대동환경","2023-07-25 13:09:41","I","2023-07-27 00:18:54","","","","0","측정대행업","0","","","","","","","","","","","","","","","","","","","","",
"12","환경측정대행업","09_30_17_P","6530000","653000008202300008","2023-07-03","","01","영업/정상","N","신규","","","","","","","26493","강원특별자치도 원주시 흥업면 매지리 1184-1 연세대원주환경친화기술센터 302호","강원특별자치도 원주시 흥업면 북원로 1389, 연세대원주환경친화기술센터 302호","26493","(주)에코엔비텍","2023-07-03 16:54:49","I","2023-07-05 00:19:07","","280254.288140415","419626.869610252","34","측정대행업","0","","5113037022","26493","0","1184","1","","","연세대원주환경친화기술센터","","303","51130","5113037022","0","3219073","연세대원주환경친화기술센터","0","1389","0","26493",
"13","환경측정대행업","09_30_17_P","6530000","653000008202300022","2023-08-22","","01","영업/정상","N","신규","","","","","","","26347","강원특별자치도 원주시 지정면 신평리 1126번지","강원특별자치도 원주시 지정면 청정로 80-1","26347","(주)알렉스분석시험소","2023-08-22 10:30:55","I","2023-08-24 00:18:36","","278740.864821739","431780.028130067","0","측정대행업","0","","","","","","","","","","","","","","","","","","","","",
"14","환경측정대행업","09_30_17_P","6530000","653000008202300009","2023-07-07","","01","영업/정상","N","신규","","","","","","","","강원특별자치도 원주시 태장동 1023-2","강원특별자치도 원주시 방강골길 4(태장동)","","(주)세현에코텍","2023-07-07 09:34:47","I","2023-07-09 00:19:03","","","","0","측정대행업","0","","","","","","","","","","","","","","","","","","","","",
"15","환경측정대행업","09_30_17_P","6530000","653000008202300010","2023-07-07","","01","영업/정상","N","신규","","","","","","","","강원특별자치도 원주시 태장동 1023-2","강원특별자치도 원주시 방강골길 4(태장동)","","(주)세현에코텍","2023-07-07 09:36:24","I","2023-07-09 00:19:03","","","","0","측정대행업","0","","","","","","","","","","","","","","","","","","","","",
"16","환경측정대행업","09_30_17_P","6530000","653000008202300011","2023-07-07","","01","영업/정상","N","신규","","","","","","","24456","강원특별자치도 춘천시 칠전동 603-7","강원특별자치도 춘천시 칠전동길 31-5(칠전동)","24456","아람기술이앤지(주)","2023-07-07 09:47:48","I","2023-07-09 00:19:03","","262877.004279535","482285.243609461","0","측정대행업","0","","","","","","","","","","","","","","","","","","","","",
"17","환경측정대행업","09_30_17_P","6530000","653000008202300021","2025-08-14","","01","영업/정상","N","신규","","","","","","","210-821","강원특별자치도 강릉시 강동면 모전리  43번지 3호 [43-3번지]","강원특별자치도 강릉시 강동면 임곡로 234","210-821","(주)대영환경","2025-08-14 09:54:39","U","2025-08-17 02:40:00","","375350.271375935","469686.434951451","0","측정대행업","0","","5115034022","210821","1","43","3","","","[43-3번지]","","","51150","5115034000","0","3220033","","0","234","","210821",
"18","환경측정대행업","09_30_17_P","6530000","653000008202300004","2023-06-14","","01","영업/정상","N","신규","","","","","","","220-912","강원특별자치도 원주시 판부면 서곡리  2011번지 -6번지","강원특별자치도 원주시 판부면 오성마을길 63-7","220-912","(주)영동환경이앤텍","2023-06-14 16:12:32","I","2023-06-16 00:19:48","","284028.975216268","424549.946849535","0","측정대행업","0","","","","","","","","","","","","","","","","","","","","",
"19","환경측정대행업","09_30_17_P","6530000","653000008202300005","2023-06-22","","01","영업/정상","N","신규","","","","","","","26347","강원특별자치도 원주시 지정면 신평리 1126번지","강원특별자치도 원주시 지정면 청정로 80-1","26347","(주)알렉스분석시험소","2023-06-22 17:49:56","I","2023-06-24 00:19:17","","278740.864821739","431780.028130067","0","측정대행업","0","","","","","","","","","","","","","","","","","","","","",
"20","환경측정대행업","09_30_17_P","6530000","653000008202300007","2023-06-29","","01","영업/정상","N","신규","","","","","0337645807","","220-934","강원특별자치도 원주시 관설동   634번지 3호","강원특별자치도 원주시 치악로 1351 (관설동)","","(주)선진환경","2023-06-29 16:01:26","I","2023-07-01 00:19:10","","286539.562056716","423342.277511088","120","측정대행업","0","","5113011600","220934","1","634","3","","","","","","51130","5113011600","1","3219054","","0","1351","","220180",
"21","환경측정대행업","09_30_17_P","6530000","653000008202300001","2023-06-13","","01","영업/정상","N","신규","","","","","","","","강원특별자치도 원주시 태장동 1023-2","강원특별자치도 원주시 방강골길 4(태장동)","","(주)세현에코텍","2023-06-13 10:25:38","I","2023-06-15 00:19:34","","","","0","측정대행업","0","","","","","","","","","","","","","","","","","","","","",
"22","환경측정대행업","09_30_17_P","6530000","653000008202300002","2023-06-13","","01","영업/정상","N","신규","","","","","","","220-926","강원특별자치도 원주시 호저면 주산리  1436번지","강원특별자치도 원주시 호저면 호저로 498","","(주)고려환경","2023-06-13 10:29:02","I","2023-06-15 00:19:34","","281691.15128908","435365.077543067","83","측정대행업","0","","5113032021","220926","1","1436","","","","","","","51130","5113032000","0","3219060","","0","498","","",
"23","환경측정대행업","09_30_17_P","6530000","653000008202300003","2023-06-13","","01","영업/정상","N","신규","","","","","","","220-912","강원특별자치도 원주시 판부면 서곡리  2011번지 -6번지","강원특별자치도 원주시 판부면 오성마을길 63-7","220-912","(주)영동환경이앤텍","2023-06-13 11:34:17","I","2023-06-15 00:19:34","","284028.975216268","424549.946849535","0","측정대행업","0","","","","","","","","","","","","","","","","","","","","",
"24","환경측정대행업","09_30_17_P","6530000","653000008202300006","2023-06-26","","01","영업/정상","N","신규","","","","","","","25422","강원특별자치도 강릉시 주문진읍 교항리 1207-6","강원특별자치도 강릉시 주문진읍 농공단지길 28-32","25422","(주)세동이엔지","2023-06-26 10:53:01","I","2023-06-28 00:19:13","","360487.917334175","486867.906205672","0","측정대행업","0","","5115025022","25422","0","1207","6","","","","","","51150","5115025022","0","4460314","","0","28","32","25422",
"25","환경측정대행업","09_30_17_P","6530000","642000008202300033","2023-05-16","","01","영업/정상","N","신규","","","","","","","25422","강원특별자치도 강릉시 주문진읍 교항리 1207-6","강원특별자치도 강릉시 주문진읍 농공단지길 28-32","25422","(주)세동이엔지","2023-05-16 10:30:43","I","2023-06-13 00:00:00","","360487.917334175","486867.906205672","0","측정대행업","0","","5115025022","25422","0","1207","6","","","","","","51150","5115025022","0","4460314","","0","28","32","25422",
"26","환경측정대행업","09_30_17_P","6530000","642000008200700003","2024-06-25","","01","영업/정상","N","신규","","","","","","","24399","강원특별자치도 춘천시 동내면 거두리 457-7","강원특별자치도 춘천시 동내면 거두길 191","24399","(자)대한환경건설","2024-06-25 17:58:37","U","2024-06-27 02:40:00","","","","0","측정대행업","0","","","","","","","","","","","","","","","","","","","","",
"27","환경측정대행업","09_30_17_P","6530000","642000008201500011","2024-12-02","","01","영업/정상","N","신규","","","","","","","220-912","강원특별자치도 원주시 판부면 서곡리  2011번지 -6번지","강원특별자치도 원주시 판부면 오성마을길 63-7","220-912","(주)영동환경이앤텍","2024-12-02 17:50:33","U","2024-12-04 02:40:00","","284028.975216268","424549.946849535","0","측정대행업","0","","","","","","","","","","","","","","","","","","","","",
"28","환경측정대행업","09_30_17_P","6530000","642000008201500015","2025-06-24","","01","영업/정상","N","신규","","","","","","","26349","강원특별자치도 원주시 호저면 만종리 217-1","강원특별자치도 원주시 호저면 우무개로 326","26349","(주)동성환경엔지니어링","2025-06-24 09:18:06","U","2025-06-26 02:40:00","","280935.024259656","429774.133074899","0","측정대행업","0","","5113011000","220100","1","","","","","","","","51130","5113011000","1","3219041","","0","341","","220100",
"29","환경측정대행업","09_30_17_P","6530000","642000008202200002","2024-12-02","","01","영업/정상","N","신규","","","","","","","24456","강원특별자치도 춘천시 칠전동 603-7","강원특별자치도 춘천시 칠전동길 31-5(칠전동)","24456","아람기술이앤지(주)","2024-12-02 17:52:33","U","2024-12-04 02:40:00","","262877.004279535","482285.243609461","0","측정대행업","0","","","","","","","","","","","","","","","","","","","","",
"30","환경측정대행업","09_30_17_P","6530000","642000008202200003","2025-05-27","","01","영업/정상","N","신규","","","","","","","25117","강원특별자치도 홍천군 홍천읍 하오안리 532-4","강원특별자치도 홍천군 홍천읍 오안로 80","25117","㈜사람과안전 건설화재에너지연구원","2025-05-27 13:54:40","U","2025-05-29 02:40:00","","273336.181937255","462930.168534434","0","측정대행업","0","","5172025030","25117","0","532","4","","","","","","51720","5172025030","0","3225040","","0","80","0","25117",
"31","환경측정대행업","09_30_17_P","6530000","642000008202200004","2025-03-18","","01","영업/정상","N","신규","","","","","","","220-912","강원특별자치도 원주시 판부면 서곡리  2020번지 3호","강원특별자치도 원주시 판부면 오성마을길 57-13","","(주)대영지오발파엔지니어링","2025-03-18 15:05:53","U","2025-03-20 02:40:00","","284057.226930456","424487.42916004","0","측정대행업","0","","","","","","","","","","","","","","","","","","","","",
"32","환경측정대행업","09_30_17_P","6530000","642000008202200005","2022-12-07","","01","영업/정상","N","신규","","","","","","","24408","강원특별자치도 춘천시 동내면 사암리 765번지","강원특별자치도 춘천시 동내면 대룡산길 80-3","24408","(주)이엠연구소","2022-12-07 15:27:58","I","2023-06-13 00:00:00","","267657.706361618","481762.761134097","0","측정대행업","0","","5111039024","24408","0","765","0","","","","","","51110","5111039024","0","4454152","","0","80","3","24408",
"33","환경측정대행업","09_30_17_P","6530000","642000008202200006","2022-12-08","","01","영업/정상","N","신규","","","","","","","","강원특별자치도 원주시 판부면 서곡리 2011-6","강원특별자치도 원주시 판부면 오성마을길 63-7","","(주)영동환경이앤텍","2022-12-08 13:56:41","I","2023-06-13 00:00:00","","","","0","측정대행업","0","","","","","","","","","","","","","","","","","","","","",
"34","환경측정대행업","09_30_17_P","6530000","642000008202200007","2022-12-08","","01","영업/정상","N","신규","","","","","","","","강원특별자치도 원주시 지정면 신평리 1126번지","강원특별자치도 원주시 지정면 청정로 80-1","","(주)알렉스분석시험소","2022-12-08 13:56:50","I","2023-06-13 00:00:00","","","","0","측정대행업","0","","","","","","","","","","","","","","","","","","","","",
"35","환경측정대행업","09_30_17_P","6530000","642000008202200008","2022-12-08","","01","영업/정상","N","신규","","","","","","","","강원특별자치도 원주시 태장동 1023-2","강원특별자치도 원주시 방강골길 4(태장동)","","(주)세현에코텍","2022-12-08 13:56:58","I","2023-06-13 00:00:00","","","","0","측정대행업","0","","","","","","","","","","","","","","","","","","","","",
"36","환경측정대행업","09_30_17_P","6530000","642000008202200009","2022-12-08","","01","영업/정상","N","신규","","","","","","","","강원특별자치도 원주시 태장동 1023-2","강원특별자치도 원주시 방강골길 4(태장동)","","(주)세현에코텍","2022-12-08 13:57:06","I","2023-06-13 00:00:00","","","","0","측정대행업","0","","","","","","","","","","","","","","","","","","","","",
"37","환경측정대행업","09_30_17_P","6530000","642000008202200010","2022-12-08","","01","영업/정상","N","신규","","","","","","","","강원특별자치도 원주시 태장동 1023-2","강원특별자치도 원주시 방강골길 4(태장동)","","(주)세현에코텍","2022-12-08 13:57:13","I","2023-06-13 00:00:00","","","","0","측정대행업","0","","","","","","","","","","","","","","","","","","","","",
"38","환경측정대행업","09_30_17_P","6530000","642000008202200011","2024-03-11","","01","영업/정상","N","신규","","","","","","","210-821","강원특별자치도 강릉시 강동면 모전리  43번지 3호 [43-3번지]","강원특별자치도 강릉시 강동면 임곡로 234","210-821","(주)대영환경","2024-03-11 16:51:00","U","2024-03-13 02:40:00","","375350.271375935","469686.434951451","0","측정대행업","0","","5115034022","210821","1","43","3","","","[43-3번지]","","","51150","5115034000","0","3220033","","0","234","","210821",
"39","환경측정대행업","09_30_17_P","6530000","642000008202200012","2022-12-26","","01","영업/정상","N","신규","","","","","0337645807","","220-934","강원특별자치도 원주시 관설동   634번지 3호","강원특별자치도 원주시 치악로 1351 (관설동)","","(주)선진환경","2022-12-26 08:59:04","I","2023-06-13 00:00:00","","286539.562056716","423342.277511088","120","측정대행업","0","","5113011600","220934","1","634","3","","","","","","51130","5113011600","1","3219054","","0","1351","","220180",
"40","환경측정대행업","09_30_17_P","6530000","642000008202200013","2022-12-26","","01","영업/정상","N","신규","","","","","","","25422","강원특별자치도 강릉시 주문진읍 교항리 1207-6","강원특별자치도 강릉시 주문진읍 농공단지길 28-32","25422","(주)세동이엔지","2022-12-26 09:04:50","I","2023-06-13 00:00:00","","360487.917334175","486867.906205672","0","측정대행업","0","","5115025022","25422","0","1207","6","","","","","","51150","5115025022","0","4460314","","0","28","32","25422",
"41","환경측정대행업","09_30_17_P","6530000","642000008202300001","2023-01-10","","01","영업/정상","N","신규","","","","","","","25422","강원특별자치도 강릉시 주문진읍 교항리 1207-6","강원특별자치도 강릉시 주문진읍 농공단지길 28-32","25422","(주)세동이엔지","2023-01-10 15:39:28","I","2023-06-13 00:00:00","","360487.917334175","486867.906205672","0","측정대행업","0","","5115025022","25422","0","1207","6","","","","","","51150","5115025022","0","4460314","","0","28","32","25422",
"42","환경측정대행업","09_30_17_P","6530000","642000008202300002","2023-01-16","","01","영업/정상","N","신규","","","","","","","24408","강원특별자치도 춘천시 동내면 사암리 765번지","강원특별자치도 춘천시 동내면 대룡산길 80-3","24408","(주)이엠연구소","2023-01-16 14:11:10","I","2023-06-13 00:00:00","","267657.706361618","481762.761134097","40.8","측정대행업","0","","5111039024","24408","0","765","0","","","","","","51110","5111039024","0","4454152","","0","80","3","24408",
"43","환경측정대행업","09_30_17_P","6530000","642000008202300003","2023-02-02","","01","영업/정상","N","신규","","","","","","","26347","강원특별자치도 원주시 지정면 신평리 1126번지","강원특별자치도 원주시 지정면 청정로 80-1","26347","(주)알렉스분석시험소","2023-02-02 14:15:20","I","2023-06-13 00:00:00","","278740.864821739","431780.028130067","0","측정대행업","0","","","","","","","","","","","","","","","","","","","","",
"44","환경측정대행업","09_30_17_P","6530000","642000008202300004","2023-02-10","","01","영업/정상","N","신규","","","","","","","220-926","강원특별자치도 원주시 호저면 주산리  1436번지","강원특별자치도 원주시 호저면 호저로 498","","(주)고려환경","2023-02-10 15:21:40","I","2023-06-13 00:00:00","","281691.15128908","435365.077543067","83","측정대행업","0","","5113032021","220926","1","1436","","","","","","","51130","5113032000","0","3219060","","0","498","","",
"45","환경측정대행업","09_30_17_P","6530000","642000008202300005","2023-02-13","","01","영업/정상","N","신규","","","","","","","24456","강원특별자치도 춘천시 칠전동 603-7","강원특별자치도 춘천시 칠전동길 31-5(칠전동)","24456","아람기술이앤지(주)","2023-02-13 16:49:24","I","2023-06-13 00:00:00","","262877.004279535","482285.243609461","0","측정대행업","0","","","","","","","","","","","","","","","","","","","","",
"46","환경측정대행업","09_30_17_P","6530000","642000008202300006","2023-02-22","","01","영업/정상","N","신규","","","","","","","24456","강원특별자치도 춘천시 칠전동 603-7","강원특별자치도 춘천시 칠전동길 31-5(칠전동)","24456","아람기술이앤지(주)","2023-02-22 09:52:46","I","2023-06-13 00:00:00","","262877.004279535","482285.243609461","0","측정대행업","0","","","","","","","","","","","","","","","","","","","","",
"47","환경측정대행업","09_30_17_P","6530000","642000008202300007","2023-03-06","","01","영업/정상","N","신규","","","","","","","26347","강원특별자치도 원주시 지정면 신평리 1126번지","강원특별자치도 원주시 지정면 청정로 80-1","26347","(주)알렉스분석시험소","2023-03-06 14:17:09","I","2023-06-13 00:00:00","","278740.864821739","431780.028130067","0","측정대행업","0","","","","","","","","","","","","","","","","","","","","",
"48","환경측정대행업","09_30_17_P","6530000","642000008202300008","2023-03-06","","01","영업/정상","N","신규","","","","","","","26493","강원특별자치도 원주시 흥업면 매지리 1184-1 연세대원주환경친화기술센터 302호","강원특별자치도 원주시 흥업면 북원로 1389, 연세대원주환경친화기술센터 302호","26493","(주)에코엔비텍","2023-03-06 14:52:10","I","2023-06-13 00:00:00","","280254.288140415","419626.869610252","34","측정대행업","0","","5113037022","26493","0","1184","1","","","연세대원주환경친화기술센터","","303","51130","5113037022","0","3219073","연세대원주환경친화기술센터","0","1389","0","26493",
"49","환경측정대행업","09_30_17_P","6530000","642000008202300009","2023-03-06","","01","영업/정상","N","신규","","","","","","","24408","강원특별자치도 춘천시 동내면 사암리 765번지","강원특별자치도 춘천시 동내면 대룡산길 80-3","24408","(주)이엠연구소","2023-03-06 15:00:33","I","2023-06-13 00:00:00","","267657.706361618","481762.761134097","40.8","측정대행업","0","","5111039024","24408","0","765","0","","","","","","51110","5111039024","0","4454152","","0","80","3","24408",
"50","환경측정대행업","09_30_17_P","6530000","642000008202300010","2023-03-06","","01","영업/정상","N","신규","","","","","0337645807","","220-934","강원특별자치도 원주시 관설동   634번지 3호","강원특별자치도 원주시 치악로 1351 (관설동)","","(주)선진환경","2023-03-06 15:11:55","I","2023-06-13 00:00:00","","286539.562056716","423342.277511088","120","측정대행업","0","","5113011600","220934","1","634","3","","","","","","51130","5113011600","1","3219054","","0","1351","","220180",
"51","환경측정대행업","09_30_17_P","6530000","642000008202300011","2023-03-06","","01","영업/정상","N","신규","","","","","","","26347","강원특별자치도 원주시 지정면 신평리 1126번지","강원특별자치도 원주시 지정면 청정로 80-1","26347","(주)알렉스분석시험소","2023-03-06 15:15:47","I","2023-06-13 00:00:00","","278740.864821739","431780.028130067","0","측정대행업","0","","","","","","","","","","","","","","","","","","","","",
"52","환경측정대행업","09_30_17_P","6530000","642000008202300012","2024-07-05","","01","영업/정상","N","신규","","","","","","","200-882","강원특별자치도 춘천시 동내면 학곡리  321번지 7호 [321-7번지]","강원특별자치도 춘천시 동내면 학곡서3길 20-8 ([321-7번지])","","(자)대한환경건설","2024-07-05 17:58:34","U","2024-07-07 02:40:00","","266649.266952658","481703.038287532","0","측정대행업","0","","","","","","","","","","","","","","","","","","","","",
"53","환경측정대행업","09_30_17_P","6530000","642000008202300013","2023-03-17","","01","영업/정상","N","신규","","","","","","","220-912","강원특별자치도 원주시 판부면 서곡리  2011번지 -6번지","강원특별자치도 원주시 판부면 오성마을길 63-7","220-912","(주)영동환경이앤텍","2023-03-17 14:49:37","I","2023-06-13 00:00:00","","284028.975216268","424549.946849535","0","측정대행업","0","","","","","","","","","","","","","","","","","","","","",
"54","환경측정대행업","09_30_17_P","6530000","642000008202300014","2023-03-17","","01","영업/정상","N","신규","","","","","","","220-912","강원특별자치도 원주시 판부면 서곡리  2011번지 -6번지","강원특별자치도 원주시 판부면 오성마을길 63-7","220-912","(주)영동환경이앤텍","2023-03-17 14:54:08","I","2023-06-13 00:00:00","","284028.975216268","424549.946849535","0","측정대행업","0","","","","","","","","","","","","","","","","","","","","",
"55","환경측정대행업","09_30_17_P","6530000","642000008202300015","2023-03-21","","01","영업/정상","N","신규","","","","","","","210-821","강원특별자치도 강릉시 강동면 모전리  43번지 3호 [43-3번지]","강원특별자치도 강릉시 강동면 임곡로 234","210-821","(주)대영환경","2023-03-21 13:58:42","I","2023-06-13 00:00:00","","375350.271375935","469686.434951451","0","측정대행업","0","","5115034022","210821","1","43","3","","","[43-3번지]","","","51150","5115034000","0","3220033","","0","234","","210821",
"56","환경측정대행업","09_30_17_P","6530000","642000008202300016","2023-03-21","","01","영업/정상","N","신규","","","","","","","24456","강원특별자치도 춘천시 칠전동 603-7","강원특별자치도 춘천시 칠전동길 31-5(칠전동)","24456","아람기술이앤지(주)","2023-03-21 17:18:46","I","2023-06-13 00:00:00","","262877.004279535","482285.243609461","0","측정대행업","0","","","","","","","","","","","","","","","","","","","","",
"57","환경측정대행업","09_30_17_P","6530000","642000008202300017","2024-01-11","","01","영업/정상","N","신규","","","","","","","","강원특별자치도 원주시 태장동 1023-2","강원특별자치도 원주시 방강골길 4(태장동)","","(주)세현에코텍","2024-01-11 16:37:36","U","2024-01-13 02:40:00","","","","0","측정대행업","0","","","","","","","","","","","","","","","","","","","","",
"58","환경측정대행업","09_30_17_P","6530000","642000008202300018","2023-03-22","","01","영업/정상","N","신규","","","","","","","","강원특별자치도 원주시 태장동 1023-2","강원특별자치도 원주시 방강골길 4(태장동)","","(주)세현에코텍","2023-03-22 14:38:27","I","2023-06-13 00:00:00","","","","0","측정대행업","0","","","","","","","","","","","","","","","","","","","","",
"59","환경측정대행업","09_30_17_P","6530000","642000008202300019","2023-03-27","","01","영업/정상","N","신규","","","","","","","26347","강원특별자치도 원주시 지정면 신평리 1126번지","강원특별자치도 원주시 지정면 청정로 80-1","26347","(주)알렉스분석시험소","2023-03-27 17:39:38","I","2023-06-13 00:00:00","","278740.864821739","431780.028130067","0","측정대행업","0","","","","","","","","","","","","","","","","","","","","",
"60","환경측정대행업","09_30_17_P","6530000","642000008202300020","2023-03-27","","01","영업/정상","N","신규","","","","","","","220-912","강원특별자치도 원주시 판부면 서곡리  2011번지 -6번지","강원특별자치도 원주시 판부면 오성마을길 63-7","220-912","(주)영동환경이앤텍","2023-03-27 17:46:39","I","2023-06-13 00:00:00","","284028.975216268","424549.946849535","0","측정대행업","0","","","","","","","","","","","","","","","","","","","","",
"61","환경측정대행업","09_30_17_P","6530000","642000008202300021","2023-03-27","","01","영업/정상","N","신규","","","","","","","26349","강원특별자치도 원주시 호저면 만종리 217-1","강원특별자치도 원주시 호저면 우무개로 326","26349","(주)삼성환경엔지니어링","2023-03-27 17:49:28","I","2023-06-13 00:00:00","","280935.024259656","429774.133074899","0","측정대행업","0","","5113011000","220100","1","","","","","","","","51130","5113011000","1","3219041","","0","341","","220100",
"62","환경측정대행업","09_30_17_P","6530000","642000008202300022","2023-04-04","","01","영업/정상","N","신규","","","","","0337645807","","220-934","강원특별자치도 원주시 관설동   634번지 3호","강원특별자치도 원주시 치악로 1351 (관설동)","","(주)선진환경","2023-04-04 10:01:37","I","2023-06-13 00:00:00","","286539.562056716","423342.277511088","120","측정대행업","0","","5113011600","220934","1","634","3","","","","","","51130","5113011600","1","3219054","","0","1351","","220180",
"63","환경측정대행업","09_30_17_P","6530000","642000008202300023","2023-04-17","","01","영업/정상","N","신규","","","","","","","25422","강원특별자치도 강릉시 주문진읍 교항리 1207-6","강원특별자치도 강릉시 주문진읍 농공단지길 28-32","25422","(주)세동이엔지","2023-04-17 09:52:52","I","2023-06-13 00:00:00","","360487.917334175","486867.906205672","0","측정대행업","0","","5115025022","25422","0","1207","6","","","","","","51150","5115025022","0","4460314","","0","28","32","25422",
"64","환경측정대행업","09_30_17_P","6530000","642000008202300025","2023-04-17","","01","영업/정상","N","신규","","","","","","","200-882","강원특별자치도 춘천시 동내면 학곡리  321번지 7호 [321-7번지]","강원특별자치도 춘천시 동내면 학곡서3길 20-8 ([321-7번지])","","(자)대한환경건설","2023-04-17 14:01:59","I","2023-06-13 00:00:00","","266649.266952658","481703.038287532","0","측정대행업","0","","","","","","","","","","","","","","","","","","","","",
"65","환경측정대행업","09_30_17_P","6530000","642000008202300026","2023-04-17","","01","영업/정상","N","신규","","","","","","","26347","강원특별자치도 원주시 지정면 신평리 1126번지","강원특별자치도 원주시 지정면 청정로 80-1","26347","(주)알렉스분석시험소","2023-04-17 14:06:18","I","2023-06-13 00:00:00","","278740.864821739","431780.028130067","0","측정대행업","0","","","","","","","","","","","","","","","","","","","","",
"66","환경측정대행업","09_30_17_P","6530000","642000008202300027","2023-04-17","","01","영업/정상","N","신규","","","","","","","220-912","강원특별자치도 원주시 판부면 서곡리  2011번지 -6번지","강원특별자치도 원주시 판부면 오성마을길 63-7","220-912","(주)영동환경이앤텍","2023-04-17 14:34:01","I","2023-06-13 00:00:00","","284028.975216268","424549.946849535","0","측정대행업","0","","5113038022","220912","1","2011","","","","-6번지","","","51130","5113038000","0","4457439","","0","63","7","220912",
"67","환경측정대행업","09_30_17_P","6530000","642000008202300028","2023-04-17","","01","영업/정상","N","신규","","","","","","","220-912","강원특별자치도 원주시 판부면 서곡리  2011번지 -6번지","강원특별자치도 원주시 판부면 오성마을길 63-7","220-912","(주)영동환경이앤텍","2023-04-17 14:35:16","I","2023-06-13 00:00:00","","284028.975216268","424549.946849535","0","측정대행업","0","","","","","","","","","","","","","","","","","","","","",
"68","환경측정대행업","09_30_17_P","6530000","642000008202300029","2023-04-28","","01","영업/정상","N","신규","","","","","0337446701","","","","강원특별자치도 원주시 흥업면 원문로 865-5","","주식회사 대동환경","2023-04-28 11:00:24","I","2023-06-13 00:00:00","","","","0","측정대행업","0","","","","","","","","","","","","","","","","","","","","",
"69","환경측정대행업","09_30_17_P","6530000","642000008202300030","2023-05-04","","01","영업/정상","N","신규","","","","","","","210-821","강원특별자치도 강릉시 강동면 모전리  43번지 3호 [43-3번지]","강원특별자치도 강릉시 강동면 임곡로 234","210-821","(주)대영환경","2023-05-04 16:01:01","I","2023-06-13 00:00:00","","375350.271375935","469686.434951451","0","측정대행업","0","","5115034022","210821","1","43","3","","","[43-3번지]","","","51150","5115034000","0","3220033","","0","234","","210821",
"70","환경측정대행업","09_30_17_P","6530000","642000008202300031","2023-05-04","","01","영업/정상","N","신규","","","","","","","26493","강원특별자치도 원주시 흥업면 매지리 1184-1 연세대원주환경친화기술센터 302호","강원특별자치도 원주시 흥업면 북원로 1389, 연세대원주환경친화기술센터 302호","26493","(주)에코엔비텍","2023-05-04 16:14:34","I","2023-06-13 00:00:00","","280254.288140415","419626.869610252","34","측정대행업","0","","5113037022","26493","0","1184","1","","","연세대원주환경친화기술센터","","303","51130","5113037022","0","3219073","연세대원주환경친화기술센터","0","1389","0","26493",
"71","환경측정대행업","09_30_17_P","6530000","642000008202300032","2023-05-10","","01","영업/정상","N","신규","","","","","0335748852","","25908","강원특별자치도 삼척시 우지동 12-6","강원특별자치도 삼척시 우지길 38-21 (우지동)","25908","건설표준시험원(주)","2023-05-10 15:48:41","I","2023-06-13 00:00:00","","390601.968900668","442193.465104019","0","측정대행업","0","","5123010900","25908","0","12","6","","","","","","51230","5123010900","1","4472246","","0","38","21","25908",
"72","환경측정대행업","09_30_17_P","6530000","642000008201500021","2025-10-17","","01","영업/정상","N","신규","","","","","","","220-926","강원특별자치도 원주시 호저면 주산리  1436번지","강원특별자치도 원주시 호저면 호저로 498","","(주)고려환경","2025-10-17 14:43:19","U","2025-10-19 02:40:00","","281691.15128908","435365.077543067","83","측정대행업","0","","5113032021","220926","1","1436","","","","","","","51130","5113032000","0","3219060","","0","498","","",
"73","환경측정대행업","09_30_17_P","6530000","642000008201500024","2019-12-18","","01","영업/정상","N","신규","","","","","0335748852","","25908","강원특별자치도 삼척시 우지동 12-6","강원특별자치도 삼척시 우지길 38-21 (우지동)","25908","건설표준시험원(주)","2019-12-18 11:22:13","I","2023-06-13 00:00:00","","390601.968900668","442193.465104019","0","측정대행업","0","","5123010900","25908","0","12","6","","","","","","51230","5123010900","1","4472246","","0","38","21","25908",
"74","환경측정대행업","09_30_17_P","6530000","642000008201500027","2025-01-15","","01","영업/정상","N","신규","","","","","","","25422","강원특별자치도 강릉시 주문진읍 교항리 1207-6","강원특별자치도 강릉시 주문진읍 농공단지길 28-32","25422","(주)세동이엔지","2025-01-15 10:20:23","U","2025-01-17 02:40:00","","360487.917334175","486867.906205672","0","측정대행업","0","","5115025022","25422","0","1207","6","","","","","","51150","5115025022","0","4460314","","0","28","32","25422",
"75","환경측정대행업","09_30_17_P","6530000","642000008201500028","2024-07-01","","01","영업/정상","N","신규","","","","","0337645807","","220-934","강원특별자치도 원주시 관설동   634번지 3호","강원특별자치도 원주시 치악로 1351 (관설동)","","(주)선진환경","2024-07-01 17:44:08","U","2024-07-03 02:40:00","","286539.562056716","423342.277511088","120","측정대행업","0","","5113011600","220934","1","634","3","","","","","","51130","5113011600","1","3219054","","0","1351","","220180",
"76","환경측정대행업","09_30_17_P","6530000","642000008201500030","2025-01-17","","01","영업/정상","N","신규","","","","","","","26318","강원특별자치도 원주시 태장동 1023-2","강원특별자치도 원주시 방강골길 4, 1,2,3층(태장동)","26318","(주)세현에코텍","2025-01-17 08:36:19","U","2025-01-19 02:40:00","","284171.433181694","431047.590525238","0","측정대행업","0","","","","","","","","","","","","51130","5113011200","1","4457236","","0","4","","26318",
"77","환경측정대행업","09_30_17_P","6530000","642000008201500032","2024-06-25","","01","영업/정상","N","신규","","","","","","","26493","강원특별자치도 원주시 흥업면 매지리 1184-1 연세대원주환경친화기술센터 302호","강원특별자치도 원주시 흥업면 북원로 1389, 연세대원주환경친화기술센터 302호","26493","(주)에코엔비텍","2024-06-25 17:38:34","U","2024-06-27 02:40:00","","280254.288140415","419626.869610252","34","측정대행업","0","","5113037022","26493","0","1184","1","","","연세대원주환경친화기술센터","","303","51130","5113037022","0","3219073","연세대원주환경친화기술센터","0","1389","0","26493",
"78","환경측정대행업","09_30_17_P","6530000","642000008201700001","2024-12-30","","01","영업/정상","N","신규","","","","","","","24408","강원특별자치도 춘천시 동내면 사암리 765번지","강원특별자치도 춘천시 동내면 대룡산길 80-3","24408","(주)이엠연구소","2024-12-30 17:53:32","U","2025-01-01 02:40:00","","267657.706361618","481762.761134097","40.8","측정대행업","0","","5111039024","24408","0","765","0","","","","","","51110","5111039024","0","4454152","","0","80","3","24408",
"79","환경측정대행업","09_30_17_P","6530000","642000008201500016","2025-01-15","","01","영업/정상","N","신규","","","","","","","210-821","강원특별자치도 강릉시 강동면 모전리  43번지 3호 [43-3번지]","강원특별자치도 강릉시 강동면 임곡로 234","210-821","(주)대영환경","2025-01-15 10:02:53","U","2025-01-17 02:40:00","","375350.271375935","469686.434951451","0","측정대행업","0","","5115034022","210821","1","43","3","","","[43-3번지]","","","51150","5115034000","0","3220033","","0","234","","210821",
"80","환경측정대행업","09_30_17_P","6530000","642000008202000001","2023-11-08","","01","영업/정상","N","신규","","","","","","","25422","강원특별자치도 강릉시 주문진읍 교항리 1207-10","강원특별자치도 강릉시 주문진읍 농공단지길 40-22","25422","(주)대양환경기술","2023-11-08 10:25:46","U","2023-11-10 02:40:00","","360689.147050536","486906.388323301","0","측정대행업","0","","5115025022","25422","0","1207","10","","","","","","51150","5115025022","0","4460314","","0","40","22","25422",
"81","환경측정대행업","09_30_17_P","6530000","642000008202100001","2024-12-30","","01","영업/정상","N","신규","","","","","","","26347","강원특별자치도 원주시 지정면 신평리 1126번지","강원특별자치도 원주시 지정면 청정로 80-1","26347","(주)알렉스분석시험소","2024-12-30 17:52:24","U","2025-01-01 02:40:00","","278740.864821739","431780.028130067","0","측정대행업","0","","","","","","","","","","","","","","","","","","","","",
"82","환경측정대행업","09_30_17_P","6530000","642000008202300034","2023-05-16","","01","영업/정상","N","신규","","","","","","","","강원특별자치도 원주시 태장동 1023-2","강원특별자치도 원주시 방강골길 4(태장동)","","(주)세현에코텍","2023-05-16 11:17:13","I","2023-06-13 00:00:00","","","","0","측정대행업","0","","","","","","","","","","","","","","","","","","","","",
"83","환경측정대행업","09_30_17_P","6530000","642000008202300035","2023-05-16","","01","영업/정상","N","신규","","","","","","","","강원특별자치도 원주시 태장동 1023-2","강원특별자치도 원주시 방강골길 4(태장동)","","(주)세현에코텍","2023-05-16 11:17:20","I","2023-06-13 00:00:00","","","","0","측정대행업","0","","","","","","","","","","","","","","","","","","","","",
"84","환경측정대행업","09_30_17_P","6530000","642000008202300036","2023-05-16","","01","영업/정상","N","신규","","","","","","","","강원특별자치도 원주시 태장동 1023-2","강원특별자치도 원주시 방강골길 4(태장동)","","(주)세현에코텍","2023-05-16 11:17:31","I","2023-06-13 00:00:00","","","","0","측정대행업","0","","","","","","","","","","","","","","","","","","","","",
"85","환경측정대행업","09_30_17_P","6530000","642000008202300037","2023-05-16","","01","영업/정상","N","신규","","","","","0337645807","","220-934","강원특별자치도 원주시 관설동   634번지 3호","강원특별자치도 원주시 치악로 1351 (관설동)","","(주)선진환경","2023-05-16 13:28:13","I","2023-06-13 00:00:00","","286539.562056716","423342.277511088","120","측정대행업","0","","5113011600","220934","1","634","3","","","","","","51130","5113011600","1","3219054","","0","1351","","220180",
"86","환경측정대행업","09_30_17_P","6530000","642000008202300038","2023-06-01","","01","영업/정상","N","신규","","","","","","","24408","강원특별자치도 춘천시 동내면 사암리 765번지","강원특별자치도 춘천시 동내면 대룡산길 80-3","24408","(주)이엠연구소","2023-06-01 10:38:14","I","2023-06-13 00:00:00","","267657.706361618","481762.761134097","40.8","측정대행업","0","","5111039024","24408","0","765","0","","","","","","51110","5111039024","0","4454152","","0","80","3","24408",
"87","환경측정대행업","09_30_17_P","6530000","653000008202400002","2025-05-01","","01","영업/정상","N","신규","","","","","","","24408","강원특별자치도 춘천시 동내면 사암리 765번지","강원특별자치도 춘천시 동내면 대룡산길 80-3","24408","(주)이엠연구소","2025-05-01 13:35:16","U","2025-05-03 02:40:00","","267657.706361618","481762.761134097","40.8","측정대행업","0","","5111039024","24408","0","765","0","","","","","","51110","5111039024","0","4454152","","0","80","3","24408",
"88","환경측정대행업","09_30_17_P","6530000","653000008202400003","2025-01-22","","01","영업/정상","N","신규","","","","","","","220-926","강원특별자치도 원주시 호저면 주산리  1436번지","강원특별자치도 원주시 호저면 호저로 498","","(주)고려환경","2025-01-22 10:42:14","U","2025-01-24 02:40:00","","281691.15128908","435365.077543067","83","측정대행업","0","","5113032021","220926","1","1436","","","","","","","51130","5113032000","0","3219060","","0","498","","",
"89","환경측정대행업","09_30_17_P","6530000","653000008202500001","2025-06-10","","01","영업/정상","N","신규","","","","","","","","강원특별자치도 원주시 태장동 1023-2","강원특별자치도 원주시 방강골길 4(태장동)","","(주)세현에코텍","2025-06-10 14:41:23","U","2025-06-12 02:40:00","","","","0","측정대행업","0","","","","","","","","","","","","","","","","","","","","",
"90","환경측정대행업","09_30_17_P","6530000","653000008202300035","2025-08-21","","01","영업/정상","N","신규","","","","","0337645807","","220-934","강원특별자치도 원주시 관설동   634번지 3호","강원특별자치도 원주시 치악로 1351 (관설동)","","(주)선진환경","2025-08-21 15:44:49","U","2025-08-23 02:40:00","","286539.562056716","423342.277511088","120","측정대행업","0","","5113011600","220934","1","634","3","","","","","","51130","5113011600","1","3219054","","0","1351","","220180",
"91","환경측정대행업","09_30_17_P","6530000","653000008202300025","2024-04-03","","01","영업/정상","N","신규","","","","","","","26349","강원특별자치도 원주시 호저면 만종리 217-1","강원특별자치도 원주시 호저면 우무개로 326","26349","(주)삼성환경엔지니어링","2024-04-03 15:20:44","U","2024-04-05 02:40:00","","280935.024259656","429774.133074899","0","측정대행업","0","","5113011000","220100","1","","","","","","","","51130","5113011000","1","3219041","","0","341","","220100",
"92","환경측정대행업","09_30_17_P","6530000","653000008202300033","2025-06-04","","01","영업/정상","N","신규","","","","","","","26493","강원특별자치도 원주시 흥업면 매지리 1184-1 연세대원주환경친화기술센터 302호","강원특별자치도 원주시 흥업면 북원로 1389, 연세대원주환경친화기술센터 302호","26493","(주)에코엔비텍","2025-06-04 10:58:24","U","2025-06-06 02:40:00","","280254.288140415","419626.869610252","34","측정대행업","0","","5113037022","26493","0","1184","1","","","연세대원주환경친화기술센터","","303","51130","5113037022","0","3219073","연세대원주환경친화기술센터","0","1389","0","26493",
"93","환경측정대행업","09_30_17_P","6530000","653000008202300034","2025-06-24","","01","영업/정상","N","신규","","","","","0337446701","","","","강원특별자치도 원주시 흥업면 원문로 865-5","","주식회사 대동환경","2025-06-24 15:31:05","U","2025-06-26 02:40:00","","","","0","측정대행업","0","","","","","","","","","","","","","","","","","","","","",
"94","환경측정대행업","09_30_17_P","6530000","653000008202300027","2024-03-20","","01","영업/정상","N","신규","","","","","","","24408","강원특별자치도 춘천시 동내면 사암리 765번지","강원특별자치도 춘천시 동내면 대룡산길 80-3","24408","(주)이엠연구소","2024-03-20 17:53:42","U","2024-03-22 02:40:00","","267657.706361618","481762.761134097","40.8","측정대행업","0","","5111039024","24408","0","765","0","","","","","","51110","5111039024","0","4454152","","0","80","3","24408",
"95","환경측정대행업","09_30_17_P","6530000","653000008202300028","2024-03-25","","01","영업/정상","N","신규","","","","","","","220-926","강원특별자치도 원주시 호저면 주산리  1436번지","강원특별자치도 원주시 호저면 호저로 498","","(주)고려환경","2024-03-25 17:47:20","U","2024-03-27 02:40:00","","281691.15128908","435365.077543067","83","측정대행업","0","","5113032021","220926","1","1436","","","","","","","51130","5113032000","0","3219060","","0","498","","",
"96","환경측정대행업","09_30_17_P","6530000","653000008202300029","2025-08-08","","01","영업/정상","N","신규","","","","","","","25422","강원특별자치도 강릉시 주문진읍 교항리 1207-6","강원특별자치도 강릉시 주문진읍 농공단지길 28-32","25422","(주)세동이엔지","2025-08-08 11:10:51","U","2025-08-10 02:40:00","","360487.917334175","486867.906205672","0","측정대행업","0","","5115025022","25422","0","1207","6","","","","","","51150","5115025022","0","4460314","","0","28","32","25422",
"97","환경측정대행업","09_30_17_P","6530000","653000008202300030","2025-10-17","","01","영업/정상","N","신규","","","","","","","26347","강원특별자치도 원주시 지정면 신평리 1126번지","강원특별자치도 원주시 지정면 청정로 80-1","26347","(주)알렉스분석시험소","2025-10-17 14:43:11","U","2025-10-19 02:40:00","","278740.864821739","431780.028130067","0","측정대행업","0","","5113033025","26347","0","1126","0","","","","","","51130","5113033025","0","3350409","","0","80","1","26347",
"98","환경측정대행업","09_30_17_P","6530000","653000008202300031","2023-10-05","","01","영업/정상","N","신규","","","","","","","","강원특별자치도 원주시 태장동 1023-2","강원특별자치도 원주시 방강골길 4(태장동)","","(주)세현에코텍","2023-10-05 17:31:37","I","2023-10-07 00:17:47","","","","0","측정대행업","0","","","","","","","","","","","","","","","","","","","","",
"99","환경측정대행업","09_30_17_P","6530000","653000008202300032","2025-07-28","","01","영업/정상","N","신규","","","","","","","","강원특별자치도 원주시 태장동 1023-2","강원특별자치도 원주시 방강골길 4(태장동)","","(주)세현에코텍","2025-07-28 14:35:26","U","2025-07-30 02:40:00","","","","0","측정대행업","0","","","","","","","","","","","","","","","","","","","","",
"100","환경측정대행업","09_30_17_P","6530000","653000008202300026","2024-09-09","","01","영업/정상","N","신규","","","","","","","24456","강원특별자치도 춘천시 칠전동 603-7","강원특별자치도 춘천시 칠전동길 31-5(칠전동)","24456","아람기술이앤지(주)","2024-09-09 17:33:01","U","2024-09-11 02:40:00","","262877.004279535","482285.243609461","0","측정대행업","0","","","","","","","","","","","","","","","","","","","","",
"101","환경측정대행업","09_30_17_P","6530000","642000008200600001","2014-07-01","","03","폐업","Q","폐업","","","","","","","240-807","강원특별자치도 동해시 천곡동   91번지 22호","강원특별자치도 동해시 감추7길 22 (천곡동)","240-807","(주)대진환경개발","2022-01-13 14:30:19","I","2023-06-13 00:00:00","","387403.377471277","447880.462338016","84.97","측정대행업","0","","5117010100","240807","1","91","22","","","","","","51170","5117010100","1","4463011","","0","22","","240807",
"102","환경측정대행업","09_30_17_P","6530000","642000008200600002","2007-09-17","","03","폐업","Q","폐업","","","","","","","","강원특별자치도 횡성군 안흥면 안흥리 310번지 32호 1통 4반","","","(주)선진환경","2022-01-13 14:32:26","I","2023-06-13 00:00:00","","","","0","측정대행업","0","","","","","","","","","","","","","","","","","","","","",
"103","환경측정대행업","09_30_17_P","6530000","642000008200600003","2007-12-05","","03","폐업","Q","폐업","2022-01-23","","","","","","","경기도 안양시만안구 안양동  767번지  27통 1반 성원아파트 102동 1901호","","","폐업 임시 지정 - (주)우주건설 환경사업부","2022-01-23 13:40:06","I","2023-06-13 00:00:00","","","","0","측정대행업","0","","","","","","","","","","","","","","","","","","","","",
"104","환경측정대행업","09_30_17_P","6530000","642000008200700001","2010-02-12","","03","폐업","Q","폐업","2022-01-23","","","","","","","강원특별자치도 춘천시 동면 만천리 971번지  4통 6반 한일유앤아이아파트 103동 801호","","","폐업 임시 지정 - (주)대성환경건설","2022-01-23 13:39:02","I","2023-06-13 00:00:00","","","","0","측정대행업","0","","","","","","","","","","","","","","","","","","","","",
"105","환경측정대행업","09_30_17_P","6530000","642000008200700002","2014-04-24","","03","폐업","Q","폐업","","","","","","","269-802","강원특별자치도 철원군 갈말읍 군탄리  779번지 [779-3] 갈말농공단지 내","강원특별자치도 철원군 갈말읍 풍전길 44","269-802","(주)예스코이에스","2022-01-13 14:38:50","I","2023-06-13 00:00:00","","226835.565989817","517739.00304739","0","측정대행업","0","","5178025624","269802","1","779","","","","[779-3번지] 갈말농공단지 내","","","","","","","","","","","",
"106","환경측정대행업","09_30_17_P","6530000","642000008200700004","2008-07-31","","03","폐업","Q","폐업","","","","","","","220-842","강원특별자치도 원주시 흥업면 매지리  234번지","강원특별자치도 원주시 흥업면 무수막1길 44","","연세대학교 원주산학협력단","2022-01-13 14:51:57","I","2023-06-13 00:00:00","","281105.693982309","420333.536040056","0","측정대행업","0","","","","","","","","","","","","","","","","","","","","",
"107","환경측정대행업","09_30_17_P","6530000","642000008200700005","2010-11-10","","03","폐업","Q","폐업","2017-06-21","","","","","","","강원특별자치도 원주시 흥업면 매지리 234","","","연세대학교 원주환경친화기술센터","2022-01-18 15:02:46","I","2023-06-13 00:00:00","","","","0","측정대행업","0","","","","","","","","","","","","","","","","","","","","",
"108","환경측정대행업","09_30_17_P","6530000","642000008200800001","2014-07-24","","03","폐업","Q","폐업","","","","","","","220-926","강원특별자치도 원주시 호저면 주산리  1436번지","강원특별자치도 원주시 호저면 호저로 498","","(주)고려환경","2022-01-13 14:29:17","I","2023-06-13 00:00:00","","281691.15128908","435365.077543067","83","측정대행업","0","","5113032021","220926","1","1436","","","","","","","","","","","","","","","",
"109","환경측정대행업","09_30_17_P","6530000","642000008200800002","2012-12-08","","03","폐업","Q","폐업","2022-01-23","","","","","","220-090","강원특별자치도 원주시 단구동   75-1번지","강원특별자치도 원주시 단구초교길 41 (단구동)","","폐업 임시 지정 - 영동환경건설(주)","2022-01-23 13:40:41","I","2023-06-13 00:00:00","","285631.970416695","425028.392562533","170.06","측정대행업","0","","5113010700","220090","1","75","1","","","","","","","","","","","","","","",
"110","환경측정대행업","09_30_17_P","6530000","642000008201400007","2014-11-17","","03","폐업","Q","폐업","","","","","","","220-912","강원특별자치도 원주시 판부면 서곡리  2011번지 -6번지","강원특별자치도 원주시 판부면 오성마을길 63-7","220-912","(주)영동환경이앤텍","2022-01-13 14:38:00","I","2023-06-13 00:00:00","","284028.975216268","424549.946849535","0","측정대행업","0","","","","","","","","","","","","","","","","","","","","",
"111","환경측정대행업","09_30_17_P","6530000","642000008201400008","2014-11-26","","03","폐업","Q","폐업","","","","","","","","","강원특별자치도 원주시 상지대길 83, 505호 (우산동,상지대학교창업보육센터신관505호)","220-702","(주)세현에코텍","2022-01-13 14:35:33","I","2023-06-13 00:00:00","","282151.822954944","430257.366976729","0","측정대행업","0","","","","","","","","","","","","51130","5113011100","1","4457330","상지대하교창업보육센터신관306호","0","83","","220702",
"112","환경측정대행업","09_30_17_P","6530000","642000008201400009","2014-11-26","","03","폐업","Q","폐업","","","","","","","","","강원특별자치도 원주시 상지대길 83, 505호 (우산동,상지대학교창업보육센터신관505호)","220-702","(주)세현에코텍","2022-01-13 14:35:21","I","2023-06-13 00:00:00","","282151.822954944","430257.366976729","0","측정대행업","0","","","","","","","","","","","","51130","5113011100","1","4457330","상지대하교창업보육센터신관306호","0","83","","220702",
"113","환경측정대행업","09_30_17_P","6530000","642000008201400010","2021-10-12","","03","폐업","Q","폐업","","","","","","","26347","강원특별자치도 원주시 지정면 신평리 1126번지","강원특별자치도 원주시 지정면 청정로 80-1","26347","(주)알렉스분석시험소","2022-01-13 14:36:46","I","2023-06-13 00:00:00","","278740.864821739","431780.028130067","0","측정대행업","0","","5113033025","26347","0","1126","0","","","","","","51130","5113033025","0","3350409","","0","80","1","26347",
"114","환경측정대행업","09_30_17_P","6530000","642000008201400011","2014-11-27","","03","폐업","Q","폐업","","","","","","","210-801","강원특별자치도 강릉시 주문진읍 교항리  1207번지 [1207-6번지]","강원특별자치도 강릉시 주문진읍 농공단지길 28-4 ([1207-6번지])","","(주)세동이엔지","2022-01-13 14:33:32","I","2023-06-13 00:00:00","","360657.223678421","487127.974559443","0","측정대행업","0","","","","","","","","","","","","","","","","","","","","",
"115","환경측정대행업","09_30_17_P","6530000","642000008201400012","2014-12-01","","03","폐업","Q","폐업","","","","","","","220-926","강원특별자치도 원주시 호저면 주산리  1436번지","강원특별자치도 원주시 호저면 호저로 498","","(주)고려환경","2022-01-13 15:10:18","I","2023-06-13 00:00:00","","281691.15128908","435365.077543067","83","측정대행업","0","","5113032021","220926","1","1436","","","","","","","51130","5113032000","0","3219060","","0","498","","",
"116","환경측정대행업","09_30_17_P","6530000","642000008201400013","2019-03-06","","03","폐업","Q","폐업","2020-09-24","","","","","","269-802","강원특별자치도 철원군 갈말읍 군탄리  779번지 [779-3] 갈말농공단지 내","강원특별자치도 철원군 갈말읍 풍전길 44","269-802","(주)예스코이에스","2022-01-18 15:00:35","I","2023-06-13 00:00:00","","226835.565989817","517739.00304739","0","측정대행업","0","","5178025624","269802","1","779","","","","[779-3번지] 갈말농공단지 내","","","","","","","","","","","",
"117","환경측정대행업","09_30_17_P","6530000","642000008201500001","2019-05-30","","03","폐업","Q","폐업","2019-07-04","","","","","","24210","강원특별자치도 춘천시 동면 장학리 444-13","강원특별자치도 춘천시 동면 소양강로 326","24210","(주)이앤비","2020-06-29 13:10:30","I","2023-06-13 00:00:00","","265711.666996297","490604.001732294","0","측정대행업","0","","5111031023","24210","0","444","13","","","","","","51110","5111031023","0","3218022","","0","326","0","24210",
"118","환경측정대행업","09_30_17_P","6530000","642000008201500002","2015-01-16","","03","폐업","Q","폐업","","","","","","","210-801","강원특별자치도 강릉시 주문진읍 교항리  1207번지 [1207-6번지]","강원특별자치도 강릉시 주문진읍 농공단지길 28-4 ([1207-6번지])","","(주)세동이엔지","2022-01-13 14:33:20","I","2023-06-13 00:00:00","","360657.223678421","487127.974559443","0","측정대행업","0","","","","","","","","","","","","","","","","","","","","",
"119","환경측정대행업","09_30_17_P","6530000","642000008201500003","2015-02-17","","03","폐업","Q","폐업","","","","","","","220-912","강원특별자치도 원주시 판부면 서곡리  2011번지 -6번지","강원특별자치도 원주시 판부면 오성마을길 63-7","220-912","(주)영동환경이앤텍","2022-01-13 14:37:41","I","2023-06-13 00:00:00","","284028.975216268","424549.946849535","0","측정대행업","0","","","","","","","","","","","","","","","","","","","","",
"120","환경측정대행업","09_30_17_P","6530000","642000008201500004","2017-09-21","","03","폐업","Q","폐업","","","","","","","220-912","강원특별자치도 원주시 판부면 서곡리  2011번지 -6번지","강원특별자치도 원주시 판부면 오성마을길 63-7","220-912","(주)영동환경이앤텍","2022-01-13 14:37:31","I","2023-06-13 00:00:00","","284028.975216268","424549.946849535","0","측정대행업","0","","","","","","","","","","","","","","","","","","","","",
"121","환경측정대행업","09_30_17_P","6530000","642000008201500005","2015-02-24","","03","폐업","Q","폐업","","","","","","","210-801","강원특별자치도 강릉시 주문진읍 교항리  1207번지 [1207-6번지]","강원특별자치도 강릉시 주문진읍 농공단지길 28-4 ([1207-6번지])","","(주)세동이엔지","2022-01-13 14:33:05","I","2023-06-13 00:00:00","","360657.223678421","487127.974559443","0","측정대행업","0","","","","","","","","","","","","","","","","","","","","",
"122","환경측정대행업","09_30_17_P","6530000","642000008201500006","2015-02-27","","03","폐업","Q","폐업","","","","","","","","","강원특별자치도 원주시 상지대길 83, 505호 (우산동,상지대학교창업보육센터신관505호)","220-702","(주)세현에코텍","2022-01-13 14:35:08","I","2023-06-13 00:00:00","","282151.822954944","430257.366976729","0","측정대행업","0","","","","","","","","","","","","51130","5113011100","1","4457330","상지대하교창업보육센터신관306호","0","83","","220702",
"123","환경측정대행업","09_30_17_P","6530000","642000008201500007","2016-01-29","","03","폐업","Q","폐업","","","","","","","220-912","강원특별자치도 원주시 판부면 서곡리  2011번지 -6번지","강원특별자치도 원주시 판부면 오성마을길 63-7","220-912","(주)영동환경이앤텍","2022-01-13 14:37:19","I","2023-06-13 00:00:00","","284028.975216268","424549.946849535","0","측정대행업","0","","","","","","","","","","","","","","","","","","","","",
"124","환경측정대행업","09_30_17_P","6530000","642000008201500008","2015-03-16","","03","폐업","Q","폐업","","","","","","","220-934","강원특별자치도 원주시 관설동   634번지 3호","강원특별자치도 원주시 치악로 1351 (관설동)","","(주)선진환경","2022-01-13 14:31:26","I","2023-06-13 00:00:00","","286539.562056716","423342.277511088","120","측정대행업","0","","5113011600","220934","1","634","3","","","","","","51130","5113011600","1","3219054","","0","1351","","220180",
"125","환경측정대행업","09_30_17_P","6530000","642000008201500009","2015-03-16","","03","폐업","Q","폐업","","","","","","","220-912","강원특별자치도 원주시 판부면 서곡리  1987번지 5호 [1987-5번지, 1층]","강원특별자치도 원주시 판부면 매봉길 6-6","220-912","(주)이푸른환경기술","2022-01-13 14:40:04","I","2023-06-13 00:00:00","","283391.24025101","424772.209986642","0","측정대행업","0","","5113038022","220912","1","1987","5","","","[1987-5번지, 1층]","","","","","","","","","","","",
"126","환경측정대행업","09_30_17_P","6530000","642000008201500010","2015-04-03","","03","폐업","Q","폐업","","","","","","","220-842","강원특별자치도 원주시 흥업면 매지리  234번지","강원특별자치도 원주시 흥업면 무수막1길 44","","연세대학교 원주산학협력단","2022-01-13 14:51:16","I","2023-06-13 00:00:00","","281105.693982309","420333.536040056","0","측정대행업","0","","","","","","","","","","","","","","","","","","","","",
"127","환경측정대행업","09_30_17_P","6530000","642000008201500012","2015-04-28","","03","폐업","Q","폐업","","","","","","","240-807","강원특별자치도 동해시 천곡동   91번지 22호","강원특별자치도 동해시 감추7길 22 (천곡동)","240-807","(주)대진환경개발","2022-01-13 14:30:05","I","2023-06-13 00:00:00","","387403.377471277","447880.462338016","84.97","측정대행업","0","","5117010100","240807","1","91","22","","","","","","51170","5117010100","1","4463011","","0","22","","240807",
"128","환경측정대행업","09_30_17_P","6530000","642000008201500013","2015-04-29","","03","폐업","Q","폐업","","","","","","","220-926","강원특별자치도 원주시 호저면 주산리  1436번지","강원특별자치도 원주시 호저면 호저로 498","","(주)고려환경","2022-01-13 14:26:40","I","2023-06-13 00:00:00","","281691.15128908","435365.077543067","83","측정대행업","0","","5113032021","220926","1","1436","","","","","","","","","","","","","","","",
"129","환경측정대행업","09_30_17_P","6530000","642000008201500014","2016-08-05","","03","폐업","Q","폐업","","","","","","","","","강원특별자치도 원주시 방강골길 4, 3층 (태장동)","26318","(주)세현에코텍","2022-01-13 14:34:58","I","2023-06-13 00:00:00","","284171.433181694","431047.590525238","0","측정대행업","0","","","","","","","","","","","","51130","5113011200","1","4457236","","0","4","","26318",
"130","환경측정대행업","09_30_17_P","6530000","642000008202200001","2022-01-04","","03","폐업","Q","폐업","","","","","","","24456","강원특별자치도 춘천시 칠전동 603-7","강원특별자치도 춘천시 칠전동길 31-5(칠전동)","24456","아람기술이앤지(주)","2022-01-13 14:23:05","I","2023-06-13 00:00:00","","262877.004279535","482285.243609461","0","측정대행업","0","","","","","","","","","","","","","","","","","","","","",
"131","환경측정대행업","09_30_17_P","6530000","642000008202300024","2023-04-17","","03","폐업","Q","폐업","2024-10-02","","","","","","","강원특별자치도 춘천시 칠전동 261-8","강원특별자치도 춘천시 옛경춘로 487 (칠전동)","","(주)이앤비","2024-10-02 17:07:55","U","2024-10-04 02:40:00","","","","0","측정대행업","0","","","","","","","","","","","","","","","","","","","","",
"132","환경측정대행업","09_30_17_P","6530000","642000008200800003","2014-07-01","","03","폐업","Q","폐업","","","","","","","220-934","강원특별자치도 원주시 관설동   634번지 3호","강원특별자치도 원주시 치악로 1351 (관설동)","","(주)선진환경","2022-01-13 14:31:37","I","2023-06-13 00:00:00","","286539.562056716","423342.277511088","120","측정대행업","0","","5113011600","220934","1","634","3","","","","","","51130","5113011600","1","3219054","","0","1351","","220180",
"133","환경측정대행업","09_30_17_P","6530000","642000008200800004","2014-06-18","","03","폐업","Q","폐업","","","","","","","220-842","강원특별자치도 원주시 흥업면 매지리  234번지","강원특별자치도 원주시 흥업면 무수막1길 44","","연세대학교 산학협력단","2022-01-13 14:51:32","I","2023-06-13 00:00:00","","281105.693982309","420333.536040056","131","측정대행업","0","","5113037022","220842","1","234","","","","","","","","","","","","","","","",
"134","환경측정대행업","09_30_17_P","6530000","642000008200800005","2010-09-14","","03","폐업","Q","폐업","2022-01-23","","","","","","210-801","강원특별자치도 강릉시 주문진읍 교항리  1207-번지 6호","강원특별자치도 강릉시 주문진읍 농공단지길 28-32","210-803","폐업 임시 지정 - (주)대성환경건설","2022-01-23 13:39:27","I","2023-06-13 00:00:00","","360487.917334175","486867.906205672","0","측정대행업","0","","5115025022","210801","1","1207-","6","","","","","","","","","","","","","","",
"135","환경측정대행업","09_30_17_P","6530000","642000008200800006","2011-07-25","","03","폐업","Q","폐업","2019-07-04","","","","","","","강원특별자치도 춘천시 동면 장학리 444-13","","","(주)이앤비","2020-06-29 13:11:52","I","2023-06-13 00:00:00","","","","0","측정대행업","0","","","","","","","","","","","","","","","","","","","","",
"136","환경측정대행업","09_30_17_P","6530000","642000008200800007","2010-01-26","","03","폐업","Q","폐업","2011-04-08","","","","","","200-959","강원특별자치도 춘천시 후평1동   734번지 19호","강원특별자치도 춘천시 삭주로 196 (후평동)","","(주)청솔환경건설","2022-01-18 15:05:33","I","2023-06-13 00:00:00","","266086.498127332","487368.018950843","0","측정대행업","0","","","","","","","","","","","","","","","","","","","","",
"137","환경측정대행업","09_30_17_P","6530000","642000008200800008","2013-11-19","","03","폐업","Q","폐업","","","","","","","220-100","강원특별자치도 원주시 단계동","강원특별자치도 원주시 원문로 341, 2층 (단계동)","220-100","(주)삼성환경엔지니어링","2022-01-13 14:30:51","I","2023-06-13 00:00:00","","281301.294422979","429027.208388737","0","측정대행업","0","","5113011000","220100","1","","","","","","","","51130","5113011000","1","3219041","","0","341","","220100",
"138","환경측정대행업","09_30_17_P","6530000","642000008200900001","2010-10-13","","03","폐업","Q","폐업","","","","","","","200-170","강원특별자치도 춘천시 퇴계동   889번지 [889-6번지]","강원특별자치도 춘천시 공원4길 9 (퇴계동,[889-6번지])","","대한환경보건연구소","2022-01-13 14:49:25","I","2023-06-13 00:00:00","","263725.441445011","484489.764418341","0","측정대행업","0","","5111012300","200170","1","889","","","","[889-6번지]","","","","","","","","","","","",
"139","환경측정대행업","09_30_17_P","6530000","642000008200900002","2014-07-09","","03","폐업","Q","폐업","","","","","","","220-912","강원특별자치도 원주시 판부면 서곡리  2011번지 -6번지","강원특별자치도 원주시 판부면 오성마을길 63-7","220-912","(주)영동환경이앤텍","2022-01-13 14:38:10","I","2023-06-13 00:00:00","","284028.975216268","424549.946849535","0","측정대행업","0","","","","","","","","","","","","","","","","","","","","",
"140","환경측정대행업","09_30_17_P","6530000","642000008200900003","2009-02-11","","03","폐업","Q","폐업","","","","","","","","원주 판부면 서곡리 2020-3 대영빌딩 1~2층","","","임대규","2022-01-13 14:59:33","I","2023-06-13 00:00:00","","","","0","측정대행업","0","","","","","","","","","","","","","","","","","","","","",
"141","환경측정대행업","09_30_17_P","6530000","642000008200900004","2008-04-07","","03","폐업","Q","폐업","2022-01-23","","","","","","","강릉시 주문진읍 교항리 1207-6","","","폐업 임시 지정 - 대한환경보전연구소(주)","2022-01-23 13:41:21","I","2023-06-13 00:00:00","","","","0","측정대행업","0","","","","","","","","","","","","","","","","","","","","",
"142","환경측정대행업","09_30_17_P","6530000","642000008201000001","2014-03-06","","03","폐업","Q","폐업","","","","","","","","강원특별자치도 강릉시 주문진읍 교항리 1207-6번지","","","세동이엔지(주)","2022-01-13 14:34:22","I","2023-06-13 00:00:00","","","","0","측정대행업","0","","","","","","","","","","","","","","","","","","","","",
"143","환경측정대행업","09_30_17_P","6530000","642000008201000002","2013-12-26","","03","폐업","Q","폐업","","","","","","","210-801","강원특별자치도 강릉시 주문진읍 교항리  1207번지 [1207-6번지]","강원특별자치도 강릉시 주문진읍 농공단지길 28-4 ([1207-6번지])","","(주)세동이엔지","2022-01-13 14:33:55","I","2023-06-13 00:00:00","","360657.223678421","487127.974559443","0","측정대행업","0","","","","","","","","","","","","","","","","","","","","",
"144","환경측정대행업","09_30_17_P","6530000","642000008201100001","2014-05-21","","03","폐업","Q","폐업","","","","","","","220-912","강원특별자치도 원주시 판부면 서곡리  1987번지 5호 [1987-5번지, 1층]","강원특별자치도 원주시 판부면 매봉길 6-6","220-912","(주)이푸른환경기술","2022-01-13 14:40:15","I","2023-06-13 00:00:00","","283391.24025101","424772.209986642","0","측정대행업","0","","5113038022","220912","1","1987","5","","","[1987-5번지, 1층]","","","","","","","","","","","",
"145","환경측정대행업","09_30_17_P","6530000","642000008201100002","2012-01-02","","03","폐업","Q","폐업","","","","","","","210-821","강원특별자치도 강릉시 강동면 모전리  43번지 3호 [43-3]","강원특별자치도 강릉시 강동면 임곡로 234","210-824","에러","2022-01-13 14:50:36","I","2023-06-13 00:00:00","","375350.271375935","469686.434951451","0","측정대행업","0","","","","","","","","","","","","","","","","","","","","",
"146","환경측정대행업","09_30_17_P","6530000","642000008201500017","2015-05-26","","03","폐업","Q","폐업","","","","","","","220-926","강원특별자치도 원주시 호저면 주산리  1436번지","강원특별자치도 원주시 호저면 호저로 498","","(주)고려환경","2022-01-13 14:26:16","I","2023-06-13 00:00:00","","281691.15128908","435365.077543067","83","측정대행업","0","","5113032021","220926","1","1436","","","","","","","","","","","","","","","",
"147","환경측정대행업","09_30_17_P","6530000","642000008201500018","2015-06-19","","03","폐업","Q","폐업","","","","","","","220-912","강원특별자치도 원주시 판부면 서곡리  1987번지 5호 [1987-5번지, 1층]","강원특별자치도 원주시 판부면 매봉길 6-6","220-912","(주)이푸른환경기술","2022-01-13 14:39:42","I","2023-06-13 00:00:00","","283391.24025101","424772.209986642","0","측정대행업","0","","5113038022","220912","1","1987","5","","","[1987-5번지, 1층]","","","","","","","","","","","",
"148","환경측정대행업","09_30_17_P","6530000","642000008201500019","2015-07-10","","03","폐업","Q","폐업","","","","","","","220-934","강원특별자치도 원주시 관설동   634번지 3호","강원특별자치도 원주시 치악로 1351 (관설동)","","(주)선진환경","2022-01-13 14:31:16","I","2023-06-13 00:00:00","","286539.562056716","423342.277511088","120","측정대행업","0","","5113011600","220934","1","634","3","","","","","","51130","5113011600","1","3219054","","0","1351","","220180",
"149","환경측정대행업","09_30_17_P","6530000","642000008201100003","2013-11-13","","03","폐업","Q","폐업","","","","","","","210-821","강원특별자치도 강릉시 강동면 모전리  43번지 3호 [43-3번지]","강원특별자치도 강릉시 강동면 임곡로 234","210-821","(주)대영환경","2022-01-13 14:29:41","I","2023-06-13 00:00:00","","375350.271375935","469686.434951451","0","측정대행업","0","","","","","","","","","","","","","","","","","","","","",
"150","환경측정대행업","09_30_17_P","6530000","642000008201100004","2012-12-21","","03","폐업","Q","폐업","","","","","","","220-702","강원특별자치도 원주시 우산동  660번지 상지대학교 창업보육센터 506호(신관)","강원특별자치도 원주시 상지대길 83, 0동 (우산동,상지대학교창업보육센터506호(신관))","220-702","(주)알렉스분석시험소","2022-01-13 14:36:56","I","2023-06-13 00:00:00","","282151.822954944","430257.366976729","0","측정대행업","0","","5113011100","220702","1","660","","","","상지대학교 창업보육센터 506호(신관)","","","51130","5113011100","1","4457330","상지대학교창업보육센터506호(신관)","0","83","","220702",
"151","환경측정대행업","09_30_17_P","6530000","642000008201300001","2013-01-11","","03","폐업","Q","폐업","2021-03-19","","","","","","220-912","강원특별자치도 원주시 판부면 서곡리  2020번지 3호","강원특별자치도 원주시 판부면 오성마을길 57-13","","(주)대영지오발파엔지니어링","2021-03-19 18:00:13","I","2023-06-13 00:00:00","","284057.226930456","424487.42916004","0","측정대행업","0","","","","","","","","","","","","","","","","","","","","",
"152","환경측정대행업","09_30_17_P","6530000","642000008201300002","2014-06-18","","03","폐업","Q","폐업","","","","","","","","","강원특별자치도 원주시 상지대길 83(우산동, 상지대학교창업보육센터 신관505호)","","(주)세현에코텍","2022-01-13 14:35:55","I","2023-06-13 00:00:00","","","","0","측정대행업","0","","","","","","","","","","","","51130","5113011100","1","4457330","상지대학교창업보육센터신관306호","0","83","","220702",
"153","환경측정대행업","09_30_17_P","6530000","642000008201400001","2014-01-29","","03","폐업","Q","폐업","2014-04-08","","","","","","","","강원특별자치도 원주시 호저면 원문로 525-4","","태영환경산업(주)","2015-12-23 14:08:21","I","2023-06-13 00:00:00","","","","0","측정대행업","0","","","","","","","","","","","","","","","","","","","","",
"154","환경측정대행업","09_30_17_P","6530000","642000008201400002","2014-10-27","","03","폐업","Q","폐업","2015-04-30","","","","","","","","강원특별자치도 원주시 호저면 원문로 525-4","","태영환경이앤씨(주)","2015-12-23 14:00:18","I","2023-06-13 00:00:00","","","","0","측정대행업","0","","","","","","","","","","","","","","","","","","","","",
"155","환경측정대행업","09_30_17_P","6530000","642000008201400003","2014-09-19","","03","폐업","Q","폐업","","","","","","","","","강원특별자치도 원주시 상지대길 83(우산동, 상지대학교창업보육센터 신관505호)","","(주)세현에코텍","2022-01-13 14:35:43","I","2023-06-13 00:00:00","","","","0","측정대행업","0","","","","","","","","","","","","51130","5113011100","1","4457330","상지대학교창업보육센터신관306호","0","83","","220702",
"156","환경측정대행업","09_30_17_P","6530000","642000008201400004","2014-10-14","","03","폐업","Q","폐업","","","","","","","220-926","강원특별자치도 원주시 호저면 주산리  1436번지","강원특별자치도 원주시 호저면 호저로 498","","(주)고려환경","2022-01-13 14:27:29","I","2023-06-13 00:00:00","","281691.15128908","435365.077543067","83","측정대행업","0","","5113032021","220926","1","1436","","","","","","","","","","","","","","","",
"157","환경측정대행업","09_30_17_P","6530000","642000008201400005","2014-10-23","","03","폐업","Q","폐업","2019-07-04","","","","","","","강원특별자치도 춘천시 동면 장학리 444-13","","","(주)이앤비","2020-06-29 13:11:11","I","2023-06-13 00:00:00","","","","0","측정대행업","0","","","","","","","","","","","","","","","","","","","","",
"158","환경측정대행업","09_30_17_P","6530000","642000008201400006","2014-11-13","","03","폐업","Q","폐업","","","","","","","220-100","강원특별자치도 원주시 단계동","강원특별자치도 원주시 원문로 341, 2층 (단계동)","220-100","(주)삼성환경엔지니어링","2022-01-13 14:30:38","I","2023-06-13 00:00:00","","281301.294422979","429027.208388737","0","측정대행업","0","","5113011000","220100","1","","","","","","","","51130","5113011000","1","3219041","","0","341","","220100",
"159","환경측정대행업","09_30_17_P","6530000","642000008201500020","2015-07-10","","03","폐업","Q","폐업","","","","","","","210-801","강원특별자치도 강릉시 주문진읍 교항리  1207번지 [1207-6번지]","강원특별자치도 강릉시 주문진읍 농공단지길 28-4 ([1207-6번지])","","(주)세동이엔지","2022-01-13 14:32:51","I","2023-06-13 00:00:00","","360657.223678421","487127.974559443","0","측정대행업","0","","","","","","","","","","","","","","","","","","","","",
"160","환경측정대행업","09_30_17_P","6530000","642000008201500022","2017-04-26","","03","폐업","Q","폐업","2022-01-23","","","","","","","","강원특별자치도 원주시 흥업면 북원로 1389","26493","폐업 재확인 필요-연세대학교 산학협력단","2022-01-23 13:37:10","I","2023-06-13 00:00:00","","280254.288140415","419626.869610252","131","측정대행업","0","","","","","","","","","","","","51130","5113037000","0","3219073","","0","1389","","26493",
"161","환경측정대행업","09_30_17_P","6530000","642000008201500023","2015-07-24","","03","폐업","Q","폐업","","","","","","","","","강원특별자치도 삼척시 중앙로 346 (교동)","245-711","건설표준시험원(주)","2022-01-13 14:48:37","I","2023-06-13 00:00:00","","391252.884241855","441215.031332286","0","측정대행업","0","","","","","","","","","","","","51230","5123010600","1","3224040","","0","346","","245711",
"162","환경측정대행업","09_30_17_P","6530000","642000008201500025","2015-08-07","","03","폐업","Q","폐업","2016-01-22","","","","","","240-807","강원특별자치도 동해시 천곡동   91번지 22호","강원특별자치도 동해시 감추7길 22 (천곡동)","240-807","(주)대진환경개발","2022-01-18 15:00:15","I","2023-06-13 00:00:00","","387403.377471277","447880.462338016","84.97","측정대행업","0","","5117010100","240807","1","91","22","","","","","","51170","5117010100","1","4463011","","0","22","","240807",
"163","환경측정대행업","09_30_17_P","6530000","642000008201500026","2016-09-29","","03","폐업","Q","폐업","2022-01-17","","","","","","220-912","강원특별자치도 원주시 판부면 서곡리  1987번지 5호 [1987-5번지, 1층]","강원특별자치도 원주시 시청로 553, 2층층 (관설동)","26471","(주)이푸른환경기술","2022-01-17 13:23:42","I","2023-06-13 00:00:00","","283391.24025101","424772.209986642","0","측정대행업","0","","5113038022","220912","1","1987","5","","","[1987-5번지, 1층]","","","51130","5113011600","1","3219035","","0","553","","26471",
"164","환경측정대행업","09_30_17_P","6530000","642000008201500029","2019-06-07","","03","폐업","Q","폐업","2022-01-23","","","","","","","","강원특별자치도 원주시 판부면 남원로 272-25","26401","폐업 재확인 필요-(주)이푸른환경기술","2022-01-23 13:37:50","I","2023-06-13 00:00:00","","282572.072569338","423596.76232557","0","측정대행업","0","","5113038022","26401","0","638","4","","","","","","51130","5113038022","0","3219011","","0","272","25","26401",
"165","환경측정대행업","09_30_17_P","6530000","642000008201500031","2021-12-06","","03","폐업","Q","폐업","","","","","","","26347","강원특별자치도 원주시 지정면 신평리 1126번지","강원특별자치도 원주시 지정면 청정로 80-1","26347","(주)알렉스분석시험소","2022-01-13 14:36:33","I","2023-06-13 00:00:00","","278740.864821739","431780.028130067","0","측정대행업","0","","5113033025","26347","0","1126","0","","","","","","51130","5113033025","0","3350409","","0","80","1","26347",
"166","환경측정대행업","09_30_17_P","6530000","642000008201900001","2019-08-09","","03","폐업","Q","폐업","2019-08-09","","","","0337640040","","","강원특별자치도 원주시 판부면 서곡리 638-4","강원특별자치도 원주시 판부면 남원로 272-25","","(주)이푸른환경기술","2019-08-09 16:23:06","I","2023-06-13 00:00:00","","","","0","측정대행업","0","","","","","","","","","","","","","","","","","","","","",
"167","환경측정대행업","09_30_17_P","6530000","642000008202000002","2022-08-30","","03","폐업","Q","폐업","2024-10-02","","","","","","","강원특별자치도 춘천시 칠전동 261-8","강원특별자치도 춘천시 옛경춘로 487 (칠전동)","","(주)이앤비","2024-10-02 17:07:36","U","2024-10-04 02:40:00","","","","0","측정대행업","0","","","","","","","","","","","","","","","","","","","","",
"168","환경측정대행업","09_30_17_P","6530000","642000008202000003","2022-01-14","","03","폐업","Q","폐업","2022-01-18","","","","","","","강원특별자치도 춘천시 칠전동 603-7","강원특별자치도 춘천시 칠전동길 31-5 (칠전동)","","아람기술이앤지(주)","2022-01-18 10:07:00","I","2023-06-13 00:00:00","","","","0","측정대행업","0","","5111012600","24456","0","601","3","","","","","","51110","5111012600","1","4454716","","0","5","13","24456",
"169","환경측정대행업","09_30_17_P","6530000","642000008202300039","2024-03-06","","03","폐업","Q","폐업","2024-10-02","","","","","","","강원특별자치도 춘천시 칠전동 261-8","강원특별자치도 춘천시 옛경춘로 487 (칠전동)","","(주)이앤비","2024-10-02 17:08:16","U","2024-10-04 02:40:00","","","","0","측정대행업","0","","","","","","","","","","","","","","","","","","","","",
"170","환경측정대행업","09_30_17_P","6530000","653000008202400001","2025-01-10","","03","폐업","Q","폐업","2025-05-07","","","","","","26372","강원특별자치도 원주시 문막읍 동화리 140-15","강원특별자치도 원주시 문막읍 동화큰골길 26-10","26372","주식회사 한국국토환경시험원","2025-07-03 09:36:24","U","2025-07-05 02:40:00","","275713.430454243","425477.191243957","0","측정대행업","0","","5113025022","26372","0","140","15","","","","","","51130","5113025022","0","4457169","","0","26","10","26372",
