"번호","개방서비스명","개방서비스아이디","개방자치단체코드","관리번호","인허가일자","인허가취소일자","영업상태구분코드","영업상태명","상세영업상태코드","상세영업상태명","폐업일자","휴업시작일자","휴업종료일자","재개업일자","소재지전화","소재지면적","소재지우편번호","소재지전체주소","도로명전체주소","도로명우편번호","사업장명","최종수정시점","데이터갱신구분","데이터갱신일자","업태구분명","좌표정보x(epsg5174)","좌표정보y(epsg5174)","전문인력총수","자본금","시설장비","타기관이전여부",
"1","지하수영향조사기관","09_29_02_P","4181000","S001401110006202L00","2018-08-30","","01","영업/정상","1","영업","","","","","","","","강원특별자치도 춘천시 석사동 664","강원특별자치도 춘천시 후석로 44, 3층 (석사동)","24387","(주)동서엔지니어링","2023-03-10 16:56:25","I","2023-06-13 00:00:00","","265225.168616533","484221.188490755","3","0","지하수수위측정장비(P10/N3/250m)
간이수질측정기(HI-9829)","0",
"2","지하수영향조사기관","09_29_02_P","4181000","S001401110005676L00","1997-10-10","","01","영업/정상","1","영업","","","","","","","","강원특별자치도 춘천시 중앙로3가 66-14","","","(주)세신","2023-12-06 15:09:28","U","2023-12-08 02:40:00","","263390.344283278","486177.855056075","3","0","1. 자동측정장비 1
2. 수위측정센서기  1
3. 전기전도도 및 수온측정기 2","0",
"3","지하수영향조사기관","09_29_02_P","4181000","S003436600238000000","2022-04-12","","01","영업/정상","1","영업","","","","","","","","강원특별자치도 춘천시 퇴계동 902-4","강원특별자치도 춘천시 행촌로32번길 5-9, 2층 (퇴계동)","24442","중명기술사사무소","2022-04-12 09:01:23","I","2023-06-13 00:00:00","","263711.7","484353.665","3","0","지하수 수위측정장비 3개 : 수동측정 1개, 자동측정 2개
수소이온농도(pH) 측정장비 1개, 수온 및 전기전도도 측정장비 1개","0",
"4","지하수영향조사기관","09_29_02_P","4181000","S001345110042826L00","2015-07-31","","01","영업/정상","1","영업","","","","","","","","","강원특별자치도 춘천시 공지로 57-11 (근화동, kt남춘천사옥 2층)","","(주)우경종합건설","2015-07-31 15:45:07","I","2023-06-13 00:00:00","","266027.910955951","483485.142338829","3","0","지하수수위 측정기
수소이온농도 수온 전기전도도 측정기","0",
"5","지하수영향조사기관","09_29_02_P","4181000","S001401110053443L00","2016-01-25","","01","영업/정상","1","영업","","","","","","","","강원특별자치도 춘천시 효자동 192-1 강원대학교","","","(주)비어스","2024-05-27 09:47:08","U","2024-05-29 02:40:00","","265481.557982219","485420.871953344","4","0","지하수수위측정기
수소이온농도
수온측정기
전기전도도측정기","0",
"6","지하수영향조사기관","09_29_02_P","4181000","S001101115987180L00","2016-12-12","","01","영업/정상","1","영업","","","","","","","","","강원특별자치도 춘천시 충혼길52번길 10, 드림타워 304호 (온의동)","24437","(주)싱크워터","2024-04-25 13:23:24","U","2024-04-27 02:40:00","","","","3","0","장비 : 지하수위측정장비(고유번호 DI802DG925), 다항목수질측정기(HI991301) (고유번호 TA01410296)","0",
"7","지하수영향조사기관","09_29_02_P","4181000","S001401110091691L00","2023-03-29","","01","영업/정상","1","영업","","","","","","","","강원특별자치도 춘천시 온의동 513 한국교직원공제회강원회관","","","(주)지케이엔지니어링건축사사무소","2025-01-24 10:22:42","U","2025-01-26 02:40:00","","263372.793218163","484940.547073482","3","0","지하수수위측정기(50, 100m / OTT)
수질측정기 (D-74A-NS / HRIBA) 
  -  pH, 수온, 전기전도도","0",
"8","지하수영향조사기관","09_29_02_P","4181000","S001401110038304L00","2009-04-07","","01","영업/정상","1","영업","","","","","","","","강원특별자치도 춘천시 효자동 192-1 강원대 자연과학대 3호관 406호","강원특별자치도 춘천시 강원대학길 1 (효자동,강원대 자연과학대 3호관 406호)","","(주)지오쓰리에코","2011-04-25 17:01:04","I","2023-06-13 00:00:00","","265481.557982219","485420.871953344","4","0","수위측정기,전기전도도,수온측정기,PH측정기","0",
"9","지하수영향조사기관","09_29_02_P","4191000","S001351110048251L00","1999-04-13","","01","영업/정상","1","영업","","","","","","","","강원특별자치도 원주시 우산동 479-13 기계공구상가 나동 202호","강원특별자치도 원주시 우산로 278-1 (우산동)","","지오엔지니어링(주)","2011-10-30 13:20:12","I","2023-06-13 00:00:00","","283118.278360975","431707.007702164","3","0","지하수위측정기1대,
수소이온농도1대,
수온1대,
전기전도도1대","0",
"10","지하수영향조사기관","09_29_02_P","4191000","S001412130004697L00","2017-03-02","","01","영업/정상","1","영업","","","","","","","","강원특별자치도 원주시 태장동 725-19","강원특별자치도 원주시 치악로 1990-1 (태장동)","26323","(자)지엔테크","2017-03-03 09:18:45","I","2023-06-13 00:00:00","","284789.733360777","428862.206407839","5","0","천공기:CE-0151
수위측정기:WLM(100m)
포켓용PH,온도,전도도TDS,염도측정기:7200","0",
"11","지하수영향조사기관","09_29_02_P","4191000","S001341110092994L00","2018-06-12","","01","영업/정상","1","영업","","","","","","","","강원특별자치도 원주시 단구동 1550-1","강원특별자치도 원주시 천매봉길 36-22, 302호 (단구동)","26483","(주)일신이앤씨","2023-04-04 17:55:26","I","2023-06-13 00:00:00","","283550.019671907","425070.26290751","2","0","지하수 수심측정기:1대(WL50M)
지하수 수질측정기:1대(HM-501)","0",
"12","지하수영향조사기관","09_29_02_P","4191000","S001412130006586L00","2018-07-09","","01","영업/정상","1","영업","","","","","","","","강원특별자치도 원주시 단구동 139-11","강원특별자치도 원주시 판부면 도매촌길 64","","합자회사 영진이엔지","2021-06-21 15:28:20","I","2023-06-13 00:00:00","","285136.588018994","425291.16701703","3","0","수위/심도측정기  1대
전기전도측정기   1대(HI8033)
수질측정기         1대(HI8014)","0",
"13","지하수영향조사기관","09_29_02_P","4191000","S001412110146097L00","2025-10-27","","01","영업/정상","1","영업","","","","","","","","강원특별자치도 원주시 반곡동 1809-11 엔터비즈타워","강원특별자치도 원주시 입춘로 45, 엔터비즈타워 A동 513호 (반곡동)","26460","㈜한울디앤비","2025-10-27 13:38:05","I","2025-10-29 00:20:02","","286650.196160256","425529.258545694","9","0","지하수위측정기,수질측정기","0",
"14","지하수영향조사기관","09_29_02_P","4201000","S001412110033814L00","2023-09-12","","01","영업/정상","1","영업","","","","","","","","강원특별자치도 강릉시 홍제동 637-13 에스클레스 3동 401호","강원특별자치도 강릉시 사임당로 129, 에스클레스 3동 4층 401호 (홍제동)","25520","(주)한국대체에너지","2023-09-12 13:20:02","U","2023-09-14 02:40:00","","364346.294653528","474274.181548216","3","0","수위측정기,수소이온농도(pH) 및 전기전도도 측정기,수온측정기","0",
"15","지하수영향조사기관","09_29_02_P","4201000","S001101113865461L00","2016-04-15","","01","영업/정상","1","영업","","","","","","","","","강원특별자치도 강릉시 보래미하길 59 (포남동)","25480","(주)강일엔지니어링","2023-09-12 13:53:54","I","2023-09-14 00:18:06","","","","3","0","1. 지하수 수위측정기 (Million Rope)
2. 다항목 측정기(SCP-PCD650)","0",
"16","지하수영향조사기관","09_29_02_P","4201000","S001401110007490L00","2019-07-16","","01","영업/정상","1","영업","","","","","","","","강원특별자치도 강릉시 홍제동 989-5","","","(주)화신엔지니어링","2024-11-08 13:44:03","I","2024-11-10 00:12:52","","365452.863644426","474186.417082478","3","0","1. 다항목수질측정기       
   모델명: HI98195, 소유
2. 지하수 수동 수위측정기","0",
"17","지하수영향조사기관","09_29_02_P","4201000","S001401110091691L00","2023-03-29","","01","영업/정상","1","영업","","","","","","","","강원특별자치도 강릉시 교동 1875-2","","","(주)지케이엔지니어링건축사사무소","2025-08-20 21:59:08","U","2025-08-22 02:40:00","","365203.220988727","475417.863520365","3","0","지하수수위측정기(50, 100m / OTT)
수질측정기 (D-74A-NS / HRIBA) 
  -  pH, 수온, 전기전도도","0",
"18","지하수영향조사기관","09_29_02_P","4221000","S001411110073359L00","2024-05-10","","01","영업/정상","1","영업","","","","","","","","강원특별자치도 태백시 황지동 73-44 파크빌","강원특별자치도 태백시 문화로3길 54, 파크빌 1층 101호 (황지동)","26014","(주)태원지오텍","2024-05-10 13:17:23","I","2024-05-12 00:14:54","","376995.748837142","409302.744475492","4","0","-수소이온농도
-수온, 전기전도도측정기","0",
"19","지하수영향조사기관","09_29_02_P","4231000","S001101111269152L00","2013-05-14","","01","영업/정상","1","영업","","","","","","","","강원특별자치도 속초시 동명동 466-42 설악 센트리움 712호","","","(주)정엔지니어링","2023-08-28 14:01:35","U","2023-08-30 02:40:00","","339470.15928513","523908.757554044","1","0","지하수 수위측정기
PH meter
SS Filter Unit
Conductive Meter","0",
"20","지하수영향조사기관","09_29_02_P","4231000","S001413110017288L00","2015-10-08","","01","영업/정상","1","영업","","","","","","","","강원특별자치도 속초시 조양동 1531-13","강원특별자치도 속초시 선사로2길 7-11 (조양동)","24891","대성산업개발(주)","2020-09-16 13:09:02","I","2023-06-13 00:00:00","","339509.785474466","521792.483454412","3","0","수위측정기(Dipper-T)
수소이온농도, 수온, 전기전도도(HI-991300)","0",
"21","지하수영향조사기관","09_29_02_P","4241000","S001449110001723L00","2020-07-27","","01","영업/정상","1","영업","","","","","","","","강원특별자치도 삼척시 우지동 142-2","","","(주)신원","2025-10-28 15:23:33","I","2025-10-30 00:20:11","","389662.086354701","442243.960464882","3","0","지하수수위측정장비, 수소이온농도측정기,전기기전도도측청기","0",
"22","지하수영향조사기관","09_29_02_P","4241000","S001545110006787L00","2022-05-10","","01","영업/정상","1","영업","","","","","","","","","강원특별자치도 삼척시 새천년도로 169, 해뜨는집 3층 (정하동)","25925","(주)신성건설","2024-02-21 14:49:50","I","2024-02-23 00:15:48","","393669.278547715","440368.99493728","6","0","1.지하수 수위측정기
2.다항목 수질측정기(수소이온농도,수온,전기전도도)","0",
"23","지하수영향조사기관","09_29_02_P","4241000","S001446110003634L00","2023-10-23","","01","영업/정상","1","영업","","","","","","","","강원특별자치도 삼척시 사직동 367","강원특별자치도 삼척시 중앙로1길 134 (사직동)","25930","㈜세일","2023-10-23 13:35:52","I","2023-10-25 00:17:39","","391943.184358092","438461.361198672","8","0","1. 지질전기비저항탐사기 1
2. 지하수위측정기 1
3. 수소이온농도측정기 1
4. 전기전도도측정기 1
5. 디지탈온도측정기 1","0",
"24","지하수영향조사기관","09_29_02_P","4261000","S001412110013680L00","1999-07-01","","01","영업/정상","1","영업","","","","","","","","강원특별자치도 횡성군 횡성읍 읍상리 336-1","강원특별자치도 횡성군 횡성읍 태기로 52","","한국지오엔지니어링㈜","2018-01-05 16:32:48","I","2023-06-13 00:00:00","","287423.725247245","443650.35970007","4","0","1. 지하수위측정기 1
2. 수소이온농도측정기 1
3. 전기전도도측정기 1
4. 온도측정기 1","0",
"25","지하수영향조사기관","09_29_02_P","4261000","S001750110003548L00","2018-08-17","","01","영업/정상","1","영업","","","","","","","","강원특별자치도 횡성군 횡성읍 읍하리 519-13","","","(주)태우건설","2023-11-06 10:47:56","U","2023-11-08 02:40:00","","287206.590295669","444051.930518808","2","0","지하수 수위측정 장비와 수소이온농도(ph), 수온, 전기전도도 측정 장비","0",
"26","지하수영향조사기관","09_29_02_P","4271000","S002240367137000000","2021-07-16","","01","영업/정상","1","영업","","","","","","","","강원특별자치도 영월군 주천면 주천리 888-4","강원특별자치도 영월군 주천면 금산길 22","26205","영서엔지니어링","2021-07-16 10:35:03","I","2023-06-13 00:00:00","","312614.058751442","419393.997553162","3","0","수위측정기 1대
수질(PH,EC,온도)측정기 1대","0",
"27","지하수영향조사기관","09_29_02_P","4271000","S001414130000831L00","2003-10-21","","01","영업/정상","1","영업","","","","","","","","강원특별자치도 영월군 영월읍 덕포리 795-44","강원특별자치도 영월군 영월읍 덕포하리2길 32-15","26231","합자회사 동남지질","2020-09-25 14:57:02","I","2023-06-13 00:00:00","","330950.233263017","409195.513154732","3","0","시추기,함마비트,포터,수위측정기","0",
"28","지하수영향조사기관","09_29_02_P","4271000","S002250349715000000","2007-05-15","","01","영업/정상","1","영업","","","","","","","","강원특별자치도 영월군 영월읍 덕포리 795-44","강원특별자치도 영월군 영월읍 덕포하리2길 32-15","26231","동남지질","2020-09-25 14:58:54","I","2023-06-13 00:00:00","","330950.233263017","409195.513154732","3","0","시추기 함마비트 포터 수위측정기","0",
"29","지하수영향조사기관","09_29_02_P","4281000","S001450110025001L00","2023-07-13","","01","영업/정상","1","영업","","","","","","","","강원특별자치도 평창군 평창읍 중리 293-9","","","(주)아셀이엔씨","2023-11-06 15:17:47","U","2023-11-08 02:40:00","","324043.2298484","430515.000064949","3","0","전동식 수위측정기(YAMAYO RWL-50)
Orion 간이 수질측정기(Thermo Scientific OrionStar A320)","0",
"30","지하수영향조사기관","09_29_02_P","4281000","S001450110016977L00","2015-12-23","","01","영업/정상","1","영업","","","","","","","","강원특별자치도 평창군 진부면 송정리 2520-10 4통3반","강원특별자치도 평창군 진부면 송정택지2길 39-18","","(주)티에이치지하수","2016-11-29 18:48:42","I","2023-06-13 00:00:00","","337797.47221224","460224.810157064","3","0","수위측정장비 1대
수소이온농도,소온,전기전도도 측정장비 1대","0",
"31","지하수영향조사기관","09_29_02_P","4281000","S001444110008000L00","2019-05-08","","01","영업/정상","1","영업","","","","","","","","강원특별자치도 평창군 평창읍 하리 281-17","강원특별자치도 평창군 평창읍 문화길 14-7, B동 2층 나호","25376","(주)정원엔지니어링","2019-07-22 11:01:11","I","2023-06-13 00:00:00","","323127.043817344","430283.385624224","3","0","Orion star 4 - 수소이온농도, 수온측정
CyberSan - 전기전도도 측정
지하수위측정기","0",
"32","지하수영향조사기관","09_29_02_P","4281000","S001450130000728L00","2004-05-13","","01","영업/정상","1","영업","","","","","","","","강원특별자치도 평창군 진부면 상진부리 265-1","강원특별자치도 평창군 진부면 진부중앙로 190","","(합)대림","2008-11-06 22:32:00","I","2023-06-13 00:00:00","","","","0","0","","0",
"33","지하수영향조사기관","09_29_02_P","4281000","S001450110001796L00","2006-01-13","","01","영업/정상","1","영업","","","","","","","","강원특별자치도 평창군 진부면 송정리 2518-2","강원특별자치도 평창군 진부면 송정택지2길 33-21","","(주)다우","2006-11-21 11:47:37","I","2023-06-13 00:00:00","","337753.783247418","460328.222655917","5","0","수위측정장비,pH,수온,전기전도측정장비","0",
"34","지하수영향조사기관","09_29_02_P","4281000","S001101110797485L00","2006-06-20","","01","영업/정상","1","영업","","","","","","","","강원특별자치도 평창군 용평면 장평리 375-22","강원특별자치도 평창군 용평면 경강로 1686","25315","(주)한일테크","2022-01-28 16:56:15","I","2023-06-13 00:00:00","","325031.587847247","454941.891739971","0","0","","1",
"35","지하수영향조사기관","09_29_02_P","4291000","S002141140001421L00","2011-08-30","","01","영업/정상","1","영업","","","","","","","","강원특별자치도 정선군 북평면 북평리 산 209-1","","","태응개발","2023-02-21 12:05:28","I","2023-06-13 00:00:00","","347366.836628257","440290.650422198","6","0","ph측정기, 전기전도측정기, 수우이측정기","0",
"36","지하수영향조사기관","09_29_02_P","4311000","S001401110006202L00","2018-08-30","","01","영업/정상","1","영업","","","","","","","","강원특별자치도 화천군 화천읍 상리 2-36","강원특별자치도 화천군 화천읍 산수화로 50, 2층","24118","(주)동서엔지니어링","2018-08-30 16:38:33","I","2023-06-13 00:00:00","","262048.266131766","512179.962356596","3","0","지하수수위측정장비(P10/N3/250m)
간이수질측정기(HI-9829)","0",
"37","지하수영향조사기관","09_29_02_P","4331000","S001444110008000L00","2025-02-07","","01","영업/정상","1","영업","","","","","","","","강원특별자치도 인제군 인제읍 상동리 295-3","강원특별자치도 인제군 인제읍 비봉로 10-2, 2층","24632","(주)정원엔지니어링","2025-02-07 15:47:27","U","2025-02-09 02:40:00","","302811.057917138","507908.423334437","3","0","Orion star 4 - 수소이온농도, 수온측정
CyberSan - 전기전도도 측정
지하수위측정기","0",
"38","지하수영향조사기관","09_29_02_P","4331000","S001101113163922L00","2024-03-27","","01","영업/정상","1","영업","","","","","","","","강원특별자치도 인제군 북면 원통리 1658-1","강원특별자치도 인제군 북면 원통로348번길 9","24615","주식회사 강동건설","2024-03-27 14:51:03","U","2024-03-29 02:40:00","","306994.345756603","514752.40908388","4","0","측정장비(PH측정기, 전기전도도 측정기, 수위측정기)","0",
"39","지하수영향조사기관","09_29_02_P","4331000","S001358110332262L00","2018-02-14","","01","영업/정상","1","영업","","","","","","","","강원특별자치도 인제군 기린면 현리 685-1","","","엘에스디기술 주식회사","2022-01-27 11:19:39","I","2023-06-13 00:00:00","","315638.755899564","495383.639159302","3","0","지하수위측정기(WATER LEVEL MEASURE)
수질측정기 및 ORP Tester(WATERPROOF PCSTESTR35)","1",
"40","지하수영향조사기관","09_29_02_P","4341000","S001444110012960L00","2020-09-16","","01","영업/정상","1","영업","","","","","","","","","강원특별자치도 고성군 토성면 고성대로 77-5","24768","대성철강이엔지(주)","2020-09-16 19:10:15","I","2023-06-13 00:00:00","","","","3","0","지하수수위측정장비(150m)
다항목수질측정기(수소이온농도, 수온, 전기전도도)","0",
"41","지하수영향조사기관","09_29_02_P","4351000","S001450110017321L00","2023-04-06","","01","영업/정상","1","영업","","","","","","","","강원특별자치도 양양군 양양읍 남문리 78-3 삼강의원","","","(주)이지이엔씨","2023-07-18 17:28:33","U","2023-07-20 02:40:00","","342187.582298586","509216.451512924","3","0","수소농도 및 전기전도 측정기(YK-2001)
지하수위측정기(ML-50)","0",
"42","지하수영향조사기관","09_29_02_P","4351000","S001401110062064L00","2021-02-15","","01","영업/정상","1","영업","","","","","","","","강원특별자치도 양양군 양양읍 연창리 358 양우내안애 105호","강원특별자치도 양양군 양양읍 미륵길 40, 105호 (양우내안애)","25021","(주)영화엔지니어링","2021-02-17 09:20:38","I","2023-06-13 00:00:00","","342277.032364732","509890.312156769","3","0","지하수 수위 측정장비(대수성시험 시 지하수 수위를 측정할 수 있는장비)
수소이온동도(PH), 수온, 전기전도도 등의 측정장비(현장에서 사용가능한 장비)","0",
"43","지하수영향조사기관","09_29_02_P","4181000","S001346110010483L00","1998-03-30","2007-02-12","03","폐업","2","취소정지업체","","","","","","","","강원특별자치도 춘천시 온의동 532-2","강원특별자치도 춘천시 춘주로 96 (온의동)","","(주)우신엔지니어링","2012-03-22 11:06:18","I","2023-06-13 00:00:00","","263297.113525447","484576.419045698","4","0","지하수위측정기1대,
수소이온농도1대,
수온1대,
전기전도도1대","0",
"44","지하수영향조사기관","09_29_02_P","4181000","S001401110036192L00","2008-10-21","2012-04-16","03","폐업","2","취소정지업체","","","","","","","","강원특별자치도 춘천시 석사동 114-2 KT 남춘천사옥 2층","강원특별자치도 춘천시 공지로 57-11 (석사동,KT 남춘천사옥 2층)","","(주) 지오22","2012-04-16 11:08:02","I","2023-06-13 00:00:00","","266027.910955951","483485.142338829","4","0","자동수위측정기(LEVEL TROLL 500)-1
수동수위측정기(KLL 200 RAMP & REEL)-1
이온농도(PH),수온측정기(TOA PH METER)-1
전기전도도(EC)측정기(TOA EC METER)-1","0",
"45","지하수영향조사기관","09_29_02_P","4181000","S001201110167397L00","2013-12-09","2019-07-30","03","폐업","2","취소정지업체","","","","","","","","강원특별자치도 춘천시 석사동 114-2","","","㈜지오엔지니어링","2022-08-08 14:54:34","I","2023-06-13 00:00:00","","266027.910955951","483485.142338829","4","0","1. 수위측정장비 1
2. 수소이온농도및 수온측정기 1
3. 전기전도도 측정기 1","1",
"46","지하수영향조사기관","09_29_02_P","4181000","S001401110002804L00","1998-02-16","2011-07-22","03","폐업","2","취소정지업체","","","","","","","","강원특별자치도 춘천시 효자동 668-9","강원특별자치도 춘천시 효자문길 1 (효자동)","","㈜민한기업","2011-07-22 14:41:59","I","2023-06-13 00:00:00","","264347.326448933","485647.630212776","5","0","1. 수위측정기 1
2. 수온온도계 1
3. 수소이온농도 자동측정기 1
4. 전기전도도 측정기 1","0",
"47","지하수영향조사기관","09_29_02_P","4181000","S001401110057586L00","2015-07-24","2018-12-20","03","폐업","2","취소정지업체","","","","","","","","강원특별자치도 춘천시 근화동","강원특별자치도 춘천시 공지로 57-11 (근화동)","","우진이앤씨(주)","2018-12-20 16:48:17","I","2023-06-13 00:00:00","","","","3","0","지하수수위측정기
수소이온농도, 수온, 전기전도도 측정기","0",
"48","지하수영향조사기관","09_29_02_P","4181000","S001401130003618L00","2009-02-19","2013-04-19","03","폐업","2","취소정지업체","","","","","","","","강원특별자치도 춘천시 온의동 532","강원특별자치도 춘천시 춘주로 94 (온의동)","","(합)청진건설","2013-04-19 09:28:10","I","2023-06-13 00:00:00","","263278.690169944","484594.764113865","4","0","지하수 수위측정기1대,전기전도도1대
수소이온농도기1대,수온기1대","0",
"49","지하수영향조사기관","09_29_02_P","4191000","S002248159580000000","2021-05-07","2022-07-08","03","폐업","2","취소정지업체","","","","","","","","강원특별자치도 원주시 개운동 315-2","","","태경엔지니어링 주식회사","2022-07-08 09:54:44","I","2023-06-13 00:00:00","","284179.764560766","426457.769035635","7","0","지하수수위측정장비 1set
수소이온농도,수온,전기전도등측정장비 1set","0",
"50","지하수영향조사기관","09_29_02_P","4191000","S001412110033880L00","2021-11-22","2023-06-23","03","폐업","2","취소정지업체","","","","","","","","강원특별자치도 원주시 태장동 338-18","강원특별자치도 원주시 치악로 2255-1(태장동)","26322","(주)유비이엔텍","2023-06-23 13:17:51","U","2023-06-25 02:40:00","","285860.602217468","431055.817827861","3","0","수위측정기,수소이온농도측정기,수온측정기,전지전도도측정기","0",
"51","지하수영향조사기관","09_29_02_P","4211000","S002850110201909L00","2018-11-13","2025-02-06","03","폐업","2","취소정지업체","","","","","","","","","강원특별자치도 동해시 동해대로 5443 (평릉동, 공영버스터미널 3층 301호)","","주식회사 하나지오텍","2025-02-07 14:49:26","U","2025-02-09 02:40:00","","","","3","0","지하수수위측정장비
수소이온농도,수온,전기전도도 측정장비","0",
"52","지하수영향조사기관","09_29_02_P","4261000","S001343110006686L00","2021-02-10","2021-06-22","03","폐업","2","취소정지업체","","","","","","","","강원특별자치도 횡성군 횡성읍 읍하리 519-13","강원특별자치도 횡성군 횡성읍 읍하로33번길 4","25222","주식회사 큰도움","2021-06-28 11:35:18","I","2023-06-13 00:00:00","","287206.590295669","444051.930518808","3","0","수위측정기, PH측정기, 전기전도도측정기, 온도측정기","0",
"53","지하수영향조사기관","09_29_02_P","4281000","S001444110005014L00","2006-07-11","2015-12-17","03","폐업","2","취소정지업체","","","","","","","","강원특별자치도 평창군 진부면 하진부리 148-36","강원특별자치도 평창군 진부면 청송로 93","232-948","한국지하수기술공사(주)","2024-01-31 11:27:59","U","2024-02-02 02:40:00","","337338.760397235","460525.456362543","4","0","수위측정기1대
수소이온농도기/전기전도도 측정기 1대
수온측정기 1대","0",
"54","지하수영향조사기관","09_29_02_P","4281000","S001412110033814L00","2006-06-30","2023-08-31","03","폐업","2","취소정지업체","","","","","","","","강원특별자치도 평창군 대관령면 횡계리 374 , 2층","강원특별자치도 평창군 대관령면 올림픽로 30, 2층","25347","(주)한국대체에너지","2023-08-31 09:40:40","U","2023-09-02 02:40:00","","349904.524479957","465114.829107987","3","0","수위측정기,수소이온농도(pH)및전기전도도 측정기,수온측정기","1",
"55","지하수영향조사기관","09_29_02_P","4321000","S001401130004559L00","2008-03-14","2009-02-19","03","폐업","2","취소정지업체","","","","","","","","강원특별자치도 양구군 양구읍 상리 132-3","","","(합)범진엔지니어링","2016-10-17 10:46:54","I","2023-06-13 00:00:00","","287261.185608636","510741.694549906","6","0","지하수수위측정기,수소이온농도기,수온기,전기전도도 각 1식","0",
"56","지하수영향조사기관","09_29_02_P","4351000","S001445110002456L00","2006-03-30","2010-03-09","03","폐업","2","취소정지업체","","","","","","","","강원특별자치도 양양군 양양읍 남문리 162-2","","","세한건설(주)","2010-10-05 11:46:44","I","2023-06-13 00:00:00","","342093.28419515","509163.449057513","7","0","EC측정기,PH측정기,온도측정기,TDS측정기,
수위측정기","0",
