"번호","개방서비스명","개방서비스아이디","개방자치단체코드","관리번호","인허가일자","인허가취소일자","영업상태구분코드","영업상태명","상세영업상태코드","상세영업상태명","폐업일자","휴업시작일자","휴업종료일자","재개업일자","소재지전화","소재지면적","소재지우편번호","소재지전체주소","도로명전체주소","도로명우편번호","사업장명","최종수정시점","데이터갱신구분","데이터갱신일자","업태구분명","좌표정보x(epsg5174)","좌표정보y(epsg5174)","문화체육업종명","공사립구분명","보험가입여부코드","지도자수","건축물동수","건축물연면적","회원모집총인원","세부업종명","법인명",
"1","무도학원업","10_33_02_P","4181000","CDFH3301111999000003","1999-11-26","","03","폐업","03","폐업","2011-12-02","","","","241-4343","","200-050","강원특별자치도 춘천시 죽림동 32","강원특별자치도 춘천시 약사고개길 13  (죽림동)","","도선무도학원","2011-12-05 10:25:29","I","2023-06-13 00:00:00","","263815.717679964","486351.132414808","무도학원업","사립","0","0","0","0","0","","",
"2","무도학원업","10_33_02_P","4181000","CDFH3301111999000004","1999-07-01","","03","폐업","03","폐업","2007-11-07","","","","","","200-959","강원특별자치도 춘천시 후평동 704-4","강원특별자치도 춘천시 후석로 361  (후평동)","","토우무도학원","2008-12-30 15:48:03","I","2023-06-13 00:00:00","","265692.379175398","486958.248551539","무도학원업","사립","0","0","0","0","0","","",
"3","무도학원업","10_33_02_P","4181000","CDFH3301112003000001","2003-04-24","","03","폐업","03","폐업","2003-06-07","","","","252-4646","","200-954","강원특별자치도 춘천시 효자동 684-11","강원특별자치도 춘천시 공지로 367  (효자동)","","남부무도학원","2007-04-09 10:20:34","I","2023-06-13 00:00:00","","263776.104141899","485573.469431416","무도학원업","사립","0","0","0","0","0","","",
"4","무도학원업","10_33_02_P","4181000","CDFH3301112007000001","2007-04-18","","03","폐업","03","폐업","2014-07-09","","","","243-9877","","200-954","강원특별자치도 춘천시 효자동 684-11","강원특별자치도 춘천시 공지로 367 (효자동)","200-954","남부콜라텍","2014-07-10 15:27:29","I","2023-06-13 00:00:00","","263776.104141899","485573.469431416","무도학원업","사립","","0","0","0","0","","",
"5","무도학원업","10_33_02_P","4181000","CDFH3301112009000001","2009-03-16","","03","폐업","03","폐업","2014-10-27","","","","","","200-954","강원특별자치도 춘천시 효자동 684-11 남부시장3층 6호","강원특별자치도 춘천시 공지로 367  (효자동,남부시장3층 6호)","","서울콜라텍","2014-10-27 13:54:51","I","2023-06-13 00:00:00","","263776.104141899","485573.469431416","무도학원업","사립","","0","1","8891.88","0","","",
"6","무도학원업","10_33_02_P","4181000","CDFH3301112013000001","2013-02-25","","03","폐업","03","폐업","2018-04-05","","","","256-6200","","200-950","강원특별자치도 춘천시 효자동 641-6 501호","강원특별자치도 춘천시 춘천로 199 (효자동)","24260","황희중&길경댄스스포츠스쿨","2018-04-06 16:04:12","I","2023-06-13 00:00:00","","264702.174234341","486310.528026106","무도학원업","사립","","1","0","5031.71","0","","",
"7","무도학원업","10_33_02_P","4181000","CDFH3301111998000001","1998-04-18","","01","영업/정상","13","영업중","","","","","242-2363","","","강원특별자치도 춘천시 근화동 264-12","강원특별자치도 춘천시 중앙로 176, 3층 (근화동)","24276","현대무도학원","2020-03-06 17:00:28","I","2023-06-13 00:00:00","","262906.898136704","486034.230859133","무도학원업","사립","Y","0","0","0","0","","",
"8","무도학원업","10_33_02_P","4181000","CDFH3301112000000001","2000-06-22","","01","영업/정상","13","영업중","","","","","243-2575","","200-953","강원특별자치도 춘천시 효자동 712-11","강원특별자치도 춘천시 남춘로 47 (효자동)","","올림픽댄스스포츠아카데미","2015-01-06 16:38:47","I","2023-06-13 00:00:00","","264342.260049412","484985.319277892","무도학원업","사립","","0","0","0","0","","",
"9","무도학원업","10_33_02_P","4181000","CDFH3301111999000001","1999-03-10","","04","취소/말소/만료/정지/중지","35","직권말소","2014-12-08","","","","254-9802","","200-043","강원특별자치도 춘천시 중앙로3가 60-6","","","중앙무도학원","2014-12-10 11:24:16","I","2023-06-13 00:00:00","","263672.364616095","486327.324994184","무도학원업","사립","","0","0","0","0","","",
"10","무도학원업","10_33_02_P","4181000","CDFH3301111999000002","1999-12-22","","04","취소/말소/만료/정지/중지","35","직권말소","2014-12-08","","","","241-2852","","200-959","강원특별자치도 춘천시 후평동 728-3","강원특별자치도 춘천시 춘천로 344 (후평동)","","춘천무도교습소","2014-12-10 11:23:26","I","2023-06-13 00:00:00","","265858.213634341","487092.389693944","무도학원업","사립","","0","0","0","0","","",
"11","무도학원업","10_33_02_P","4181000","CDFH3301112008000001","2008-10-14","","04","취소/말소/만료/정지/중지","35","직권말소","2014-12-08","","","","","","200-959","강원특별자치도 춘천시 후평동 704-4","강원특별자치도 춘천시 후석로 361 (후평동)","","유명식댄스스포츠","2014-12-10 11:22:02","I","2023-06-13 00:00:00","","265692.379175398","486958.248551539","무도학원업","사립","","0","0","0","0","","",
"12","무도학원업","10_33_02_P","4191000","CDFH3301112009000001","2009-12-03","","02","휴업","02","휴업","","2024-01-10","2026-01-10","","","","220-020","강원특별자치도 원주시 평원동 198-36 3층","강원특별자치도 원주시 평원로 56 (평원동)","26430","차민영댄스스포츠","2024-01-10 14:25:07","U","2024-01-12 02:40:00","","284216.292489754","428075.042341435","무도학원업","사립","Y","0","1","525.87","0","","",
"13","무도학원업","10_33_02_P","4191000","CDFH3301111998000001","1998-05-28","","03","폐업","03","폐업","2003-10-05","","","","748-0819","","220-956","강원특별자치도 원주시 일산동 53-8","강원특별자치도 원주시 원일로 85-14 (일산동)","220-956","중앙무도학원","2013-12-23 15:48:51","I","2023-06-13 00:00:00","","284025.701433254","427767.009273354","무도학원업","사립","Y","0","0","0","0","","",
"14","무도학원업","10_33_02_P","4191000","CDFH3301111999000001","1999-10-30","","03","폐업","03","폐업","2003-08-29","","","","745-7427","","220-963","강원특별자치도 원주시 학성동 430-6","","","영동무도학원","2003-10-24 11:50:42","I","2023-06-13 00:00:00","","","","무도학원업","사립","0","0","0","0","0","","",
"15","무도학원업","10_33_02_P","4191000","CDFH3301112000000001","2000-10-17","","03","폐업","03","폐업","2003-10-16","","","","742-4885","","220-904","강원특별자치도 원주시 중앙동 188-1","강원특별자치도 원주시 중앙로 58  (중앙동)","","북원무도학원","2003-10-24 11:45:35","I","2023-06-13 00:00:00","","284343.96129058","427731.781293167","무도학원업","사립","0","0","0","0","0","","",
"16","무도학원업","10_33_02_P","4191000","CDFH3301112006000001","2006-06-23","","03","폐업","03","폐업","2011-05-31","","","","764-5675","","220-070","강원특별자치도 원주시 인동 72-13","강원특별자치도 원주시 중앙로 6  (인동)","","김근혜댄스스포츠","2011-05-31 14:42:51","I","2023-06-13 00:00:00","","284537.101946107","427483.314275196","무도학원업","사립","0","0","0","102","0","","",
"17","무도학원업","10_33_02_P","4191000","CDFH3301112006000002","2006-06-23","","03","폐업","03","폐업","2008-07-22","","","","","","220-070","강원특별자치도 원주시 인동 188-7","강원특별자치도 원주시 원일로 12-1  (인동)","","현대댄스스포츠학원","2006-12-08 09:30:53","I","2023-06-13 00:00:00","","284506.222236934","427411.189937724","무도학원업","사립","0","0","0","101","0","","",
"18","무도학원업","10_33_02_P","4191000","CDFH3301112006000003","2006-03-15","","03","폐업","03","폐업","2017-08-14","","","","7617878","","220-947","강원특별자치도 원주시 명륜동 205-145","강원특별자치도 원주시 단구로 139  (명륜동)","","백진욱 댄스스포츠 아카데미","2017-08-14 15:39:12","I","2023-06-13 00:00:00","","283669.878124628","426688.240773462","무도학원업","사립","0","0","0","154.44","0","","",
"19","무도학원업","10_33_02_P","4191000","CDFH3301112008000001","2008-07-31","","03","폐업","03","폐업","2011-03-25","","","","747-0410","","220-938","강원특별자치도 원주시 단계동 851 7층","강원특별자치도 원주시 장미공원길 1  (단계동,7층)","","치악댄스스포츠","2011-03-25 14:29:18","I","2023-06-13 00:00:00","","282584.994093722","427479.991786911","무도학원업","사립","1","0","1","2451.19","0","","",
"20","무도학원업","10_33_02_P","4191000","CDFH3301112012000001","2012-01-30","","03","폐업","03","폐업","2019-11-25","","","","744-4042","","220-952","강원특별자치도 원주시 우산동 90-1","강원특별자치도 원주시 우산초교길 15 (우산동)","26343","강원탑댄스아카데미","2019-11-25 16:39:27","I","2023-06-13 00:00:00","","283118.892265841","429865.016840668","무도학원업","사립","Y","0","1","899.14","50","","",
"21","무도학원업","10_33_02_P","4191000","CDFH3301111999000002","1999-11-09","","01","영업/정상","13","영업중","","","","","731-9829","","","강원특별자치도 원주시 우산동 93-22","강원특별자치도 원주시 북원로 2465 (우산동)","26343","원주무도학원","2023-01-12 15:25:05","I","2023-06-13 00:00:00","","283193.56733096","429600.726783977","무도학원업","사립","Y","0","1","678.52","0","","",
"22","무도학원업","10_33_02_P","4191000","CDFH3301112006000004","2006-03-30","","01","영업/정상","13","영업중","","","","","744-0789","","","강원특별자치도 원주시 평원동 380-7 2층","강원특별자치도 원주시 풍물시장길 3, 2층 (평원동)","26430","원주사교댄스학원","2023-08-30 10:49:45","U","2023-09-01 02:40:00","","284480.194973775","427746.98441799","무도학원업","사립","","0","0","0","0","","",
"23","무도학원업","10_33_02_P","4191000","CDFH3301111995000001","1995-07-05","","03","폐업","34","영업장폐쇄","2022-12-23","","","","742-2420","","220-964","강원특별자치도 원주시 학성동 223-6","강원특별자치도 원주시 원일로 177 (학성동)","","수퍼댄스스포츠아카데미","2022-12-25 10:33:57","I","2023-06-13 00:00:00","","283710.759582478","428360.721008805","무도학원업","사립","","0","0","0","0","","",
"24","무도학원업","10_33_02_P","4191000","CDFH3301112003000001","2003-09-27","","04","취소/말소/만료/정지/중지","35","직권말소","2020-01-13","","","","747-0844","","220-904","강원특별자치도 원주시 중앙동 191","강원특별자치도 원주시 중앙로 60 (중앙동)","","정통스포츠댄스","2020-01-14 16:02:21","I","2023-06-13 00:00:00","","284336.789262358","427733.543032665","무도학원업","사립","","0","0","0","0","","",
"25","무도학원업","10_33_02_P","4191000","CDFH3301112006000005","2006-07-14","","04","취소/말소/만료/정지/중지","35","직권말소","2019-04-17","","","","766-2746","","220-060","강원특별자치도 원주시 원동 산 2-21 지하 1층","","","아이러브댄스스포츠학원","2019-04-17 11:16:58","I","2023-06-13 00:00:00","","","","무도학원업","사립","","0","0","79.68","0","","",
"26","무도학원업","10_33_02_P","4201000","CDFH3301111999000001","1999-04-13","","03","폐업","03","폐업","2004-03-09","","","","648-7979","","210-821","강원특별자치도 강릉시 강동면 모전리 163-0","강원특별자치도 강릉시 강동면 율곡로 2031-28","210-821","중앙무도학원","2013-12-18 13:47:30","I","2023-06-13 00:00:00","","373948.321720966","470655.33766749","무도학원업","사립","","0","0","0","0","","",
"27","무도학원업","10_33_02_P","4201000","CDFH3301112001000001","2001-06-14","","03","폐업","03","폐업","2019-04-22","","","","648-7999","","210-933","강원특별자치도 강릉시 옥천동 219-4 3층호","강원특별자치도 강릉시 동부시장길 23, 3층 (옥천동)","25552","현대무도학원","2019-04-22 15:48:29","I","2023-06-13 00:00:00","","367397.455108914","474770.348558832","무도학원업","사립","","0","0","0","0","","",
"28","무도학원업","10_33_02_P","4201000","CDFH3301112001000002","2001-07-30","","03","폐업","03","폐업","2008-11-25","","","","645-6790","","210-920","강원특별자치도 강릉시 교동 146-3","강원특별자치도 강릉시 율곡로 2862  (교동)","","영동무도학원","2008-11-25 15:25:45","I","2023-06-13 00:00:00","","367039.612124129","474634.973921817","무도학원업","사립","0","0","0","0","0","","",
"29","무도학원업","10_33_02_P","4201000","CDFH3301112001000004","2001-11-17","","03","폐업","03","폐업","2004-04-29","","","","644-0921","","210-933","강원특별자치도 강릉시 옥천동 319-1","강원특별자치도 강릉시 옥가로 66  (옥천동)","","월드댄스스포츠스쿨","2004-05-01 11:03:44","I","2023-06-13 00:00:00","","367418.44948722","474987.875818676","무도학원업","사립","0","1","0","0","0","","",
"30","무도학원업","10_33_02_P","4201000","CDFH3301112001000005","2001-10-31","","03","폐업","03","폐업","2003-07-07","","","","662-1986","","210-806","강원특별자치도 강릉시 주문진읍 주문리 312-13","강원특별자치도 강릉시 주문진읍 주문로 124-1","","올림픽스포츠댄싱","2003-07-08 09:21:11","I","2023-06-13 00:00:00","","360776.980516206","489549.398971159","무도학원업","사립","0","0","0","0","0","","",
"31","무도학원업","10_33_02_P","4201000","CDFH3301112005000001","2005-03-07","","03","폐업","03","폐업","2008-05-28","","","","033-646-8585","","210-933","강원특별자치도 강릉시 옥천동 153","강원특별자치도 강릉시 옥가로 19  (옥천동)","","호박댄스스포츠","2008-05-28 18:10:28","I","2023-06-13 00:00:00","","367276.049025721","474542.00321725","무도학원업","사립","1","0","1","997.77","0","","",
"32","무도학원업","10_33_02_P","4201000","CDFH3301112005000002","2005-03-10","","03","폐업","03","폐업","2018-06-20","","","","","","210-933","강원특별자치도 강릉시 옥천동 333-4","강원특별자치도 강릉시 동부시장1길 6 (옥천동)","25552","우리댄스포츠아카데미","2018-06-20 11:37:47","I","2023-06-13 00:00:00","","367482.839297328","474867.844196483","무도학원업","사립","","0","1","457.2","0","","",
"33","무도학원업","10_33_02_P","4201000","CDFH3301112005000003","2005-11-16","","03","폐업","03","폐업","2023-03-15","","","","033-644-7201","","210-924","강원특별자치도 강릉시 교동 1889-6 501호","강원특별자치도 강릉시 정원로 44, 501호 (교동)","","온 댄스 스튜디오","2023-03-15 15:42:05","I","2023-06-13 00:00:00","","365329.733071786","474967.768547762","무도학원업","사립","Y","0","1","3537.67","0","","",
"34","무도학원업","10_33_02_P","4201000","CDFH3301112006000001","2006-12-27","","03","폐업","03","폐업","2011-07-29","","","","601-5008","","210-933","강원특별자치도 강릉시 옥천동 219-11","강원특별자치도 강릉시 옥가로 50  (옥천동)","","아가페 댄스스포츠","2011-07-29 09:57:48","I","2023-06-13 00:00:00","","367380.886345655","474827.56460459","무도학원업","사립","1","0","1","978.25","0","","",
"35","무도학원업","10_33_02_P","4201000","CDFH3301112007000001","2007-03-23","","03","폐업","03","폐업","2016-12-29","","","","662-1986","","210-808","강원특별자치도 강릉시 주문진읍 주문리 312-13","강원특별자치도 강릉시 주문진읍 주문로 124-1","25412","올림픽 댄스스포츠 학원","2016-12-29 09:31:42","I","2023-06-13 00:00:00","","360776.980516206","489549.398971159","무도학원업","사립","Y","0","1","494.64","0","","",
"36","무도학원업","10_33_02_P","4201000","CDFH3301112008000001","2008-05-29","","03","폐업","03","폐업","2009-05-06","","","","","","210-933","강원특별자치도 강릉시 옥천동 153 4층","강원특별자치도 강릉시 옥가로 19  (옥천동,4층)","","월드댄스스포츠","2009-05-06 14:38:47","I","2023-06-13 00:00:00","","367276.049025721","474542.00321725","무도학원업","사립","0","1","0","997.77","0","","",
"37","무도학원업","10_33_02_P","4201000","CDFH3301112008000002","2008-10-14","","03","폐업","03","폐업","2009-05-14","","","","","","210-933","강원특별자치도 강릉시 옥천동 333-4 3층","강원특별자치도 강릉시 동부시장1길 6  (옥천동,3층)","","제일무도학원","2009-05-14 17:08:33","I","2023-06-13 00:00:00","","367482.839297328","474867.844196483","무도학원업","사립","0","0","0","457.2","0","","",
"38","무도학원업","10_33_02_P","4201000","CDFH3301112009000001","2009-05-18","","03","폐업","03","폐업","2010-04-28","","","","070-8122-0666","","210-933","강원특별자치도 강릉시 옥천동 333-4 3층","강원특별자치도 강릉시 동부시장1길 6  (옥천동,3층)","","진성두길댄스스포츠","2010-04-29 10:11:32","I","2023-06-13 00:00:00","","367482.839297328","474867.844196483","무도학원업","사립","Y","0","1","457.2","0","","",
"39","무도학원업","10_33_02_P","4201000","CDFH3301112010000001","2010-03-16","","03","폐업","03","폐업","2011-03-31","","","","033-642-2905","","210-933","강원특별자치도 강릉시 옥천동 153 4층","강원특별자치도 강릉시 옥가로 19  (옥천동,4층)","","뉴월드댄스스포츠","2011-04-01 08:47:48","I","2023-06-13 00:00:00","","367276.049025721","474542.00321725","무도학원업","사립","","0","1","997.77","0","","",
"40","무도학원업","10_33_02_P","4201000","CDFH3301112010000002","2010-03-23","","03","폐업","03","폐업","2011-08-01","","","","033-661-3082","","210-806","강원특별자치도 강릉시 주문진읍 주문리 312-13 3층","강원특별자치도 강릉시 주문진읍 주문로 124-1  (3층)","","동해스포츠댄스","2011-08-01 16:28:07","I","2023-06-13 00:00:00","","360776.980516206","489549.398971159","무도학원업","사립","Y","0","1","494.64","0","","",
"41","무도학원업","10_33_02_P","4201000","CDFH3301112010000003","2010-10-05","","03","폐업","03","폐업","2024-09-25","","","","","","210-933","강원특별자치도 강릉시 옥천동 333-4 3층","강원특별자치도 강릉시 동부시장1길 6, 3층 (옥천동)","25552","제일댄스스포츠무도학원","2024-09-25 14:25:04","U","2024-09-27 02:40:00","","367482.839297328","474867.844196483","무도학원업","사립","Y","0","1","457.2","0","","",
"42","무도학원업","10_33_02_P","4201000","CDFH3301112013000001","2013-03-05","","03","폐업","03","폐업","2014-12-12","","","","647-8485","","210-933","강원특별자치도 강릉시 옥천동 219-11 3층","강원특별자치도 강릉시 옥가로 50 (옥천동)","210-933","아가페댄스스포츠","2014-12-12 15:36:14","I","2023-06-13 00:00:00","","367380.886345655","474827.56460459","무도학원업","사립","","0","1","978.25","50","","",
"43","무도학원업","10_33_02_P","4201000","CDFH3301112013000002","2013-05-23","","03","폐업","03","폐업","2015-02-11","","","","646-1748","","210-920","강원특별자치도 강릉시 교동 136 2층","강원특별자치도 강릉시 옥가로 61-136, 2층 (교동)","210-920","솔향생활체육리듬연수원","2015-02-11 15:41:21","I","2023-06-13 00:00:00","","367370.455209422","474959.962199995","무도학원업","사립","Y","0","1","556.63","0","","",
"44","무도학원업","10_33_02_P","4201000","CDFH3301112015000001","2015-11-10","","03","폐업","03","폐업","2016-04-21","","","","033-641-6055","","","강원특별자치도 강릉시 포남동 1117-4 2층","강원특별자치도 강릉시 강릉대로 329-2, 2층 (포남동)","25492","유로댄스 스포츠학원","2019-05-21 20:27:57","I","2023-06-13 00:00:00","","367660.104121698","475379.985142753","무도학원업","사립","","0","1","726.6","0","","",
"45","무도학원업","10_33_02_P","4201000","CDFH3301112016000001","2016-03-22","","03","폐업","03","폐업","2018-09-27","","","","","","","강원특별자치도 강릉시 옥천동 278","강원특별자치도 강릉시 옥천로 63, 3층 (옥천동)","25551","코리아 댄스스포츠 학원","2018-09-27 11:57:26","I","2023-06-13 00:00:00","","367259.49125446","474702.225980819","무도학원업","사립","Y","0","1","1623.98","0","","",
"46","무도학원업","10_33_02_P","4201000","CDFH3301112019000001","2019-02-28","","03","폐업","03","폐업","2019-04-17","","","","","","","강원특별자치도 강릉시 교동 136","강원특별자치도 강릉시 옥가로 61 (교동)","25551","솔향생활체육리듬연수원","2019-04-17 15:58:56","I","2023-06-13 00:00:00","","367370.455209422","474959.962199995","무도학원업","사립","","0","1","556.63","0","","",
"47","무도학원업","10_33_02_P","4201000","CDFH3301112001000003","2001-02-21","","03","폐업","03","폐업","2008-12-09","","","","644-1277","","210-933","강원특별자치도 강릉시 옥천동 278","강원특별자치도 강릉시 옥천로 63  (옥천동)","","진성댄스스포츠스쿨","2008-12-09 10:14:47","I","2023-06-13 00:00:00","","367259.49125446","474702.225980819","무도학원업","사립","0","1","0","0","0","","",
"48","무도학원업","10_33_02_P","4201000","CDFH3301112000000001","2000-09-15","","01","영업/정상","13","영업중","","","","","033-641-4448","","210-040","강원특별자치도 강릉시 성내동 12-14","강원특별자치도 강릉시 임영로116번길 3 (성내동)","25539","강릉댄스스포츠스쿨","2023-03-20 11:08:13","I","2023-06-13 00:00:00","","366869.390612864","473874.034029938","무도학원업","사립","","0","0","879.58","0","","",
"49","무도학원업","10_33_02_P","4201000","CDFH3301112011000001","2011-04-01","","01","영업/정상","13","영업중","","","","","642-2905","","210-933","강원특별자치도 강릉시 옥천동 153 4층","강원특별자치도 강릉시 옥가로 19 (옥천동)","25551","뉴월드댄스스포츠","2018-10-25 11:02:54","I","2023-06-13 00:00:00","","367276.049025721","474542.00321725","무도학원업","사립","Y","0","1","997.77","5","","",
"50","무도학원업","10_33_02_P","4201000","CDFH3301112013000003","2013-12-06","","01","영업/정상","13","영업중","","","","","","","210-933","강원특별자치도 강릉시 옥천동 219-4 3층","강원특별자치도 강릉시 동부시장길 23, 3층 (옥천동)","25552","위너스 댄스스포츠","2023-03-16 09:48:01","I","2023-06-13 00:00:00","","367397.455108914","474770.348558832","무도학원업","사립","Y","0","1","1633.04","50","","",
"51","무도학원업","10_33_02_P","4201000","CDFH3301112016000002","2016-09-19","","01","영업/정상","13","영업중","","","","","033-647-2435","","","강원특별자치도 강릉시 옥천동 160-1 3층","강원특별자치도 강릉시 옥가로 14, 3층 (옥천동)","25552","오페라 댄스스포츠 학원","2016-09-19 18:37:19","I","2023-06-13 00:00:00","","367308.551629394","474484.219351728","무도학원업","사립","","0","1","808.5","0","","",
"52","무도학원업","10_33_02_P","4201000","CDFH3301112025000001","2025-03-06","","01","영업/정상","13","영업중","","","","","","","","강원특별자치도 강릉시 교동 136","강원특별자치도 강릉시 옥가로 61, 2층 (교동)","25551","솔향생활체육리듬연구원","2025-03-06 14:53:50","I","2025-03-08 00:10:36","","367370.455209422","474959.962199995","무도학원업","사립","Y","0","1","556.63","0","","",
"53","무도학원업","10_33_02_P","4211000","CDFH3301112001000001","2001-04-20","","03","폐업","03","폐업","2018-11-30","","","","535-7580","","240-812","강원특별자치도 동해시 천곡동 862","","","국제댄스스포츠학원","2020-11-17 13:45:02","I","2023-06-13 00:00:00","","386950.648432846","448727.422302679","무도학원업","사립","","0","0","0","0","","",
"54","무도학원업","10_33_02_P","4221000","CDFH3301111998000001","1998-09-05","","03","폐업","03","폐업","2007-10-08","","","","552-4443","","235-801","강원특별자치도 태백시 황지동 262-6","강원특별자치도 태백시 황지로 217  (황지동)","","태백무도학원","2009-09-23 16:47:34","I","2023-06-13 00:00:00","","376407.923559225","410146.270460818","무도학원업","사립","","0","0","84","0","","",
"55","무도학원업","10_33_02_P","4231000","CDFH3301112002000001","2002-07-25","","03","폐업","03","폐업","2007-06-14","","","","631-0666","","217-030","강원특별자치도 속초시 중앙동 468-15","강원특별자치도 속초시 중앙로 176  (중앙동)","","속초무도학원","2007-06-15 18:07:55","I","2023-06-13 00:00:00","","339460.480349146","523787.912885803","무도학원업","사립","1","0","0","0","0","","",
"56","무도학원업","10_33_02_P","4231000","CDFH3301112003000001","2003-04-29","","03","폐업","03","폐업","2010-01-25","","","","637-8668","","217-050","강원특별자치도 속초시 청학동 482-72 4층","강원특별자치도 속초시 중앙로 94  (청학동,4층)","","라붐댄스스포츠아카데미","2011-01-24 10:03:13","I","2023-06-13 00:00:00","","338883.915874648","523259.036033598","무도학원업","사립","Y","0","0","0","0","","",
"57","무도학원업","10_33_02_P","4231000","CDFH3301112007000001","2007-06-15","","03","폐업","03","폐업","2017-08-03","","","","631-0666","","217-030","강원특별자치도 속초시 중앙동 468-72 5층","강원특별자치도 속초시 중앙로 172-6 (중앙동)","24824","이명우댄스스포츠속초아카데미","2017-08-04 09:10:32","I","2023-06-13 00:00:00","","339469.708717798","523736.01688128","무도학원업","사립","Y","0","0","0","0","","",
"58","무도학원업","10_33_02_P","4231000","CDFH3301112009000001","2009-04-08","","03","폐업","03","폐업","2011-06-01","","","","632-5632","","217-060","강원특별자치도 속초시 교동 668-32","강원특별자치도 속초시 청초호반로 201  (교동)","","박광희댄스스포츠2호점","2011-06-01 13:50:50","I","2023-06-13 00:00:00","","338366.246041414","522794.809044187","무도학원업","사립","","0","0","0","0","","",
"59","무도학원업","10_33_02_P","4231000","CDFH3301112011000003","2011-05-11","","03","폐업","03","폐업","2011-07-15","","","","636-0227","","217-060","강원특별자치도 속초시 교동 977-22","강원특별자치도 속초시 온천로 285-1  (교동)","","필댄스학원","2011-07-15 18:05:21","I","2023-06-13 00:00:00","","337792.749912743","522296.371240568","무도학원업","사립","Y","0","0","0","0","","",
"60","무도학원업","10_33_02_P","4231000","CDFH3301112008000001","2008-05-23","","01","영업/정상","13","영업중","","","","","033-633-0035","","217-813","강원특별자치도 속초시 조양동 1521-1 (지하1층)","강원특별자치도 속초시 동해대로 지하 4063 (조양동)","217-813","속초댄스스포츠","2021-02-03 18:37:58","I","2023-06-13 00:00:00","","339245.193695206","521897.399944984","무도학원업","사립","Y","1","1","4733.07","0","","",
"61","무도학원업","10_33_02_P","4231000","CDFH3301112010000001","2010-01-25","","01","영업/정상","13","영업중","","","","","033637-8668","","217-050","강원특별자치도 속초시 청학동 482-75","강원특별자치도 속초시 중앙로 90-1 (청학동)","24837","라붐댄스스포츠아카데미","2020-10-26 09:20:02","I","2023-06-13 00:00:00","","338861.956799529","523256.633168878","무도학원업","사립","Y","0","0","0","0","","",
"62","무도학원업","10_33_02_P","4231000","CDFH3301112017000001","2017-08-08","","01","영업/정상","13","영업중","","","","","","","","","강원특별자치도 속초시 중앙로 108, 1동 4층 (교동, 함남빌딩)","24854","이명우댄스스포츠학원","2020-10-26 09:19:48","I","2023-06-13 00:00:00","","339025.391382418","523287.330967353","무도학원업","사립","Y","1","1","0","0","","",
"63","무도학원업","10_33_02_P","4231000","CDFH3301112020000001","2020-09-29","","01","영업/정상","13","영업중","","","","","","","","강원특별자치도 속초시 교동 482-265","강원특별자치도 속초시 중앙로 64-1, 3층 (교동)","24836","이태림 힐링 댄스교실","2020-10-26 09:19:35","I","2023-06-13 00:00:00","","338612.71817455","523190.927128618","무도학원업","사립","Y","0","0","494","0","","",
"64","무도학원업","10_33_02_P","4231000","CDFH3301112025000001","2025-08-08","","01","영업/정상","13","영업중","","","","","","","","강원특별자치도 속초시 청학동 632-32","강원특별자치도 속초시 번영로 38, 3층 (청학동)","24830","속초검도관","2025-08-08 14:59:10","I","2025-08-10 00:20:02","","338556.816077036","523486.643887321","무도학원업","사립","","0","0","0","0","","",
"65","무도학원업","10_33_02_P","4231000","CDFH3301112005000001","2005-06-03","","04","취소/말소/만료/정지/중지","35","직권말소","2019-12-09","","","","631-5632","","217-803","강원특별자치도 속초시 교동 668-32 속초시근로자복지회관","강원특별자치도 속초시 청초호반로 201 (교동, 속초시근로자복지회관)","24854","장수일댄스스포츠아카데미","2019-12-09 11:03:26","I","2023-06-13 00:00:00","","338366.246041414","522794.809044187","무도학원업","사립","Y","0","0","0","0","","",
"66","무도학원업","10_33_02_P","4241000","CDFH3301112007000001","2007-12-06","","03","폐업","03","폐업","2009-12-14","","","","573-1306","","245-938","강원특별자치도 삼척시 남양동 329-15","강원특별자치도 삼척시 중앙로 221  (남양동)","","정직무도학원","2009-12-14 16:24:06","I","2023-06-13 00:00:00","","391751.246469485","440068.454885859","무도학원업","사립","0","0","1","1856.32","0","","",
"67","무도학원업","10_33_02_P","4241000","CDFH3301112003000001","2003-04-22","","01","영업/정상","13","영업중","","","","","574-0810","","245-030","강원특별자치도 삼척시 읍중동 3-7","","","삼척무도학원","2016-05-17 10:59:47","I","2023-06-13 00:00:00","","391379.2145071","439897.216788178","무도학원업","사립","","0","0","171.43","0","","",
"68","무도학원업","10_33_02_P","4251000","CDFH3301111999000001","1999-08-09","","03","폐업","03","폐업","2007-03-06","","","","433-3346","","250-808","강원특별자치도 홍천군 홍천읍 진리 102-4","강원특별자치도 홍천군 홍천읍 진삼거리길 12","","홍천무도학원","2007-03-06 11:23:05","I","2023-06-13 00:00:00","","278321.816615311","465882.663351412","무도학원업","사립","0","0","0","162","0","","",
"69","무도학원업","10_33_02_P","4261000","CDFH3301112020000002","2020-11-21","","03","폐업","03","폐업","2021-04-02","","","","","","","강원특별자치도 횡성군 횡성읍 읍하리 416-2","강원특별자치도 횡성군 횡성읍 횡성로 385","25234","동양무도학원","2021-04-05 13:04:55","I","2023-06-13 00:00:00","","287025.709257168","443264.632555862","무도학원업","사립","","0","0","0","0","","",
"70","무도학원업","10_33_02_P","4261000","CDFH3301112019000001","2019-06-03","","03","폐업","03","폐업","2021-07-06","","","","033-345-1004","","","강원특별자치도 횡성군 횡성읍 읍하리 561-6","강원특별자치도 횡성군 횡성읍 앞들서로 24","25234","춤사랑 댄스스포츠","2021-07-06 19:14:34","I","2023-06-13 00:00:00","","286868.091406321","443413.341807253","무도학원업","사립","","0","0","768.93","0","","",
"71","무도학원업","10_33_02_P","4261000","CDFH3301112020000001","2020-09-28","","01","영업/정상","13","영업중","","","","","","","","강원특별자치도 횡성군 횡성읍 읍하리 509-1","강원특별자치도 횡성군 횡성읍 문화체육로 36, 야곱빌딩 3층","25222","오쌤","2020-10-05 10:37:56","I","2023-06-13 00:00:00","","287160.226961078","444141.824760136","무도학원업","사립","","1","1","0","0","","",
"72","무도학원업","10_33_02_P","4261000","CDFH3301112021000001","2021-07-07","","01","영업/정상","13","영업중","","","","","","","","강원특별자치도 횡성군 횡성읍 남산리 127","강원특별자치도 횡성군 횡성읍 남산로 169-1, 2층","25242","횡성 춤사랑","2021-07-07 19:21:59","I","2023-06-13 00:00:00","","288102.060223998","442086.288798787","무도학원업","사립","","0","0","0","0","","",
"73","무도학원업","10_33_02_P","4261000","CDFH3301111994000001","1994-11-25","","04","취소/말소/만료/정지/중지","35","직권말소","2021-01-04","","","","033-343-5300","","225-808","강원특별자치도 횡성군 횡성읍 읍하리 416-2","강원특별자치도 횡성군 횡성읍 횡성로 385","25234","횡성무도학원","2021-01-04 16:59:53","I","2023-06-13 00:00:00","","287025.709257168","443264.632555862","무도학원업","사립","","0","0","0","0","","",
"74","무도학원업","10_33_02_P","4271000","CDFH3301112007000001","2007-03-05","","03","폐업","03","폐업","2008-05-21","","","","374-6822","","230-801","강원특별자치도 영월군 영월읍 영흥리 1096-28 12통4반","강원특별자치도 영월군 영월읍 단종로 183","230-800","영월 댄스스포츠교실","2013-01-08 17:10:24","I","2023-06-13 00:00:00","","329177.19606603","411319.272724995","무도학원업","사립","Y","0","1","260.38","0","","",
"75","무도학원업","10_33_02_P","4271000","CDFH3301112000000001","2000-08-24","","01","영업/정상","13","영업중","","","","","374-2321","","230-801","강원특별자치도 영월군 영월읍 영흥리 849","강원특별자치도 영월군 영월읍 중앙로 85-1","26228","영월무도학원","2013-01-15 11:25:57","I","2023-06-13 00:00:00","","330743.329873227","410124.620021989","무도학원업","사립","","2","0","0","0","","",
"76","무도학원업","10_33_02_P","4301000","CDFH3301112002000001","2002-11-04","","03","폐업","03","폐업","2005-03-03","","","","","","269-815","강원특별자치도 철원군 동송읍 이평리 678-40","강원특별자치도 철원군 동송읍 이평로 43","","철원무도학원","2005-05-06 11:31:44","I","2023-06-13 00:00:00","","219130.309277524","522978.397944775","무도학원업","사립","0","0","0","0","0","","",
"77","무도학원업","10_33_02_P","4301000","CDFH3301112006000001","2006-02-22","","03","폐업","03","폐업","2009-02-05","","","","452-9606","","269-801","강원특별자치도 철원군 갈말읍 신철원리 600-28","강원특별자치도 철원군 갈말읍 삼부연로17번길 1-1","","리나댄스학원","2009-02-05 14:10:30","I","2023-06-13 00:00:00","","227074.054832266","515898.33233167","무도학원업","사립","0","0","0","0","0","","",
"78","무도학원업","10_33_02_P","4301000","CDFH3301112007000002","2007-03-13","","03","폐업","03","폐업","2008-10-21","","","","033-455-6040","","269-815","강원특별자치도 철원군 동송읍 이평리 705-35","강원특별자치도 철원군 동송읍 금학로187번길 4-3","","강원무도학원","2009-02-05 14:11:59","I","2023-06-13 00:00:00","","219140.339585036","522533.766421862","무도학원업","사립","0","0","0","0","0","","",
"79","무도학원업","10_33_02_P","4301000","CDFH3301112007000003","2007-04-13","","03","폐업","03","폐업","2009-02-05","","","","","","269-815","강원특별자치도 철원군 동송읍 이평리 852-15","강원특별자치도 철원군 동송읍 금학로229번길 15","","오렌지무도학원","2009-02-05 14:13:26","I","2023-06-13 00:00:00","","218898.869624036","522821.885088557","무도학원업","사립","0","0","0","1111","0","","",
"80","무도학원업","10_33_02_P","4301000","CDFH3301112007000001","2007-01-29","","04","취소/말소/만료/정지/중지","35","직권말소","2023-09-19","","","","033-455-2214","","269-815","강원특별자치도 철원군 동송읍 이평리 708-5","강원특별자치도 철원군 동송읍 금학로 183","24018","윤댄스아카데미","2023-09-19 10:34:06","U","2023-09-21 02:40:00","","219183.360406265","522490.363014637","무도학원업","사립","","0","0","854.1","0","","",
"81","무도학원업","10_33_02_P","4311000","CDFH3301112023000001","2023-11-16","","01","영업/정상","13","영업중","","","","","","","","강원특별자치도 화천군 화천읍 하리 66-55","강원특별자치도 화천군 화천읍 중앙로1길 26","24123","CHALLENGE","2024-03-13 11:01:23","I","2024-03-15 00:15:30","","261847.286584618","511682.52186545","무도학원업","사립","","1","0","0","0","","",
"82","무도학원업","10_33_02_P","4331000","CDFH3301112005000002","2005-03-04","","03","폐업","03","폐업","2005-07-28","","","","","","252-806","강원특별자치도 인제군 인제읍 상동리 261-1","강원특별자치도 인제군 인제읍 비봉로 16","","인제무도학원","2007-11-29 14:55:38","I","2023-06-13 00:00:00","","302847.681160559","507834.282512708","무도학원업","사립","0","0","0","0","0","","",
"83","무도학원업","10_33_02_P","4331000","CDFH3301112005000003","2005-03-07","","03","폐업","03","폐업","2012-12-10","","","","","","252-806","강원특별자치도 인제군 인제읍 상동리 347-18","강원특별자치도 인제군 인제읍 비봉로 8","","인제댄스스포츠","2012-12-10 15:16:08","I","2023-06-13 00:00:00","","302792.728094916","507936.644546617","무도학원업","사립","","0","0","0","0","","",
"84","무도학원업","10_33_02_P","4331000","CDFH3301112013000001","2013-03-13","","03","폐업","03","폐업","2019-03-11","","","","033-462-9186","","252-807","강원특별자치도 인제군 인제읍 상동리 261-1","강원특별자치도 인제군 인제읍 비봉로 16, 2층","24632","박상운 댄스 스포츠 아카데미","2019-03-11 18:16:49","I","2023-06-13 00:00:00","","302847.681160559","507834.282512708","무도학원업","사립","","1","1","93.35","15","","",
"85","무도학원업","10_33_02_P","4351000","CDFH3301112002000001","2002-07-18","","03","폐업","03","폐업","2017-07-03","","","","","","215-806","강원특별자치도 양양군 양양읍 남문리 147-4","강원특별자치도 양양군 양양읍 남문9길 4","25030","양양스포츠댄스무도학원","2017-07-03 16:15:44","I","2023-06-13 00:00:00","","342160.179802174","509201.035226593","무도학원업","사립","","0","0","1955","0","","",
"86","무도학원업","10_33_02_P","4351000","CDFH3301112014000001","2014-08-26","","01","영업/정상","13","영업중","","","","","033-671-0061","","215-803","강원특별자치도 양양군 양양읍 연창리 183-8","강원특별자치도 양양군 양양읍 양양로 15","25031","로얄댄스스쿨","2014-10-22 10:50:11","I","2023-06-13 00:00:00","","342650.333428607","509598.515403164","무도학원업","사립","","0","1","750.18","0","","",
